listing_id,brand,model_year,mileage_km,engine_litres,fuel_type,transmission,body_type,owners,service_history,accident_reported,city,days_on_market,price_eur,sold_fast
L100394,Renault,2011,321312.0,1.9,petrol,manual,sedan,4.0,partial,0,Kazan,62,2400.0,0
L100940,Kia,2015,116734.0,1.7,petrol,automatic,hatchback,3.0,,1,Novosibirsk,42,5070.0,0
L103383,Ford,2015,157618.0,0.9,petrol,automatic,suv,3.0,,1,Yekaterinburg,9,4580.0,1
L100930,Kia,2017,60355.0,2.0,petrol,manual,hatchback,3.0,none,0,Novosibirsk,52,6570.0,0
L103083,Volkswagen,2020,81292.0,2.1,hybrid,automatic,suv,3.0,full,0,Yekaterinburg,100,17460.0,0
L100757,Toyota,2016,160748.0,1.4,diesel,manual,sedan,2.0,partial,0,Moscow,8,7490.0,1
L100556,Ford,2021,60094.0,2.3,petrol,manual,sedan,,partial,0,Yekaterinburg,70,14020.0,0
L103140,BMW,2009,321363.0,1.6,hybrid,manual,,2.0,partial,0,Moscow,10,3710.0,1
L100354,Toyota,2012,118005.0,1.4,petrol,automatic,sedan,1.0,full,1,Moscow,8,5320.0,1
L100357,Skoda,2015,133137.0,1.6,diesel,automatic,,1.0,full,0,Novosibirsk,3,5950.0,1
L100390,BMW,2022,73902.0,1.9,petrol,automatic,hatchback,5.0,partial,0,Moscow,68,25520.0,0
L103077,Skoda,2015,155110.0,1.8,petrol,manual,wagon,4.0,none,1,Moscow,84,4520.0,0
L102989,Volkswagen,2019,,2.0,petrol,automatic,sedan,2.0,full,0,Yekaterinburg,9,10810.0,1
L102491,Skoda,2015,297196.0,1.4,petrol,manual,hatchback,1.0,,1,Moscow,14,3790.0,1
L101709,Volkswagen,2016,90458.0,1.8,petrol,manual,hatchback,2.0,partial,0,Yekaterinburg,51,6680.0,0
L103179,Hyundai,2014,172535.0,1.6,diesel,automatic,sedan,2.0,full,0,Yekaterinburg,13,5560.0,1
L102383,Skoda,2017,116085.0,1.3,DIESEL,automatic,sedan,1.0,partial,0,Novosibirsk,47,9370.0,0
L103443,Kia,2025,27995.0,0.9,petrol,manual,suv,3.0,none,0,Novosibirsk,6,21450.0,1
L103447,Skoda,2013,,2.1,petrol,automatic,suv,4.0,,0,Yekaterinburg,89,3950.0,0
L100252,Kia,2016,125505.0,1.6,diesel,automatic,sedan,4.0,none,1,Moscow,53,5830.0,0
L103280,Renault,2013,265359.0,2.4,diesel,manual,sedan,1.0,partial,0,Kazan,8,3380.0,1
L100782,BMW,2016,219594.0,1.5,hybrid,manual,sedan,5.0,full,0,Yekaterinburg,35,8780.0,0
L100969,Volkswagen,1900,185067.0,0.9,diesel,automatic,wagon,1.0,,1,Sochi,36,3160.0,0
L102280,Volkswagen,2015,46268.0,2.2,diesel,manual,wagon,2.0,full,0,Kazan,1,9160.0,1
L100151,Volkswagen,2022,57372.0,2.2,petrol,automatic,hatchback,1.0,partial,0,Kazan,3,16310.0,1
L101787,BMW,2016,38570.0,1.2,diesel,manual,hatchback,2.0,full,0,Moscow,15,10930.0,1
L102959, Renault ,2016,84704.0,1.5,diesel,automatic,hatchback,3.0,partial,0,moscow,53,7990.0,0
L102795,Hyundai,2018,79636.0,1.0,petrol,manual,sedan,2.0,full,0,Moscow,2,10950.0,1
L102830,BMW,2020,74410.0,,electric,automatic,wagon,2.0,full,0,Kazan,179,27280.0,0
L102165,Hyundai,2018,118125.0,0.9,PETROL,manual,hatchback,2.0,full,0,Novosibirsk,6,6900.0,1
L100012,Skoda,2017,,1.2,diesel,manual,suv,2.0,full,0,Novosibirsk,3,9570.0,1
L100129,Hyundai,2019,106759.0,1.7,petrol,automatic,wagon,2.0,partial,0,Moscow,12,13110.0,1
L100200,BMW,2011,73758.0,2.5,petrol,manual,wagon,2.0,none,0,Sochi,12,5370.0,1
L100256,BMW,2017,138954.0,1.8,diesel,automatic,sedan,1.0,none,0,Kazan,66,13560.0,0
L100080,Kia,2020,22623.0,2.3,petrol,automatic,hatchback,2.0,partial,0,Kazan,43,15170.0,0
L103980,Hyundai,2014,126983.0,,electric,automatic,sedan,1.0,full,1,Moscow,17,7420.0,1
L101522,Toyota,2022,109348.0,0.9,petrol,manual,hatchback,1.0,partial,0,Novosibirsk,7,11680.0,1
L103319,Hyundai,2025,34470.0,2.0,hybrid,automatic,sedan,2.0,full,0,Kazan,5,29060.0,1
L103629,Toyota,2017,137313.0,1.0,diesel,manual,sedan,4.0,full,1,Kazan,98,5230.0,0
L102651,Toyota,2017,55653.0,1.3,diesel,automatic,suv,1.0,partial,0,Sochi,9,13480.0,1
L101346,Renault,2015,52239.0,2.1,hybrid,automatic,wagon,1.0,full,0,Novosibirsk,2,8980.0,1
L104056,Toyota,2020,25554.0,2.6,DIESEL,automatic,sedan,2.0,full,0,Moscow,19,19700.0,1
L102717,Kia,2020,99909.0,2.0,petrol,automatic,suv,2.0,partial,1,Moscow,63,11800.0,0
L102445,Volkswagen,2017,105587.0,2.2,petrol,automatic,hatchback,2.0,partial,0,Novosibirsk,91,7580.0,0
L101393,Skoda,2020,97959.0,2.0,petrol,manual,sedan,3.0,partial,1,Sochi,55,9540.0,0
L101481,Ford,2014,89854.0,2.0,petrol,automatic,sedan,1.0,,0,Yekaterinburg,83,6540.0,0
L102177,Ford,2016,75968.0,2.4,diesel,automatic,hatchback,4.0,partial,0,Sochi,23,8900.0,1
L100950, BMW ,2023,69594.0,2.8,petrol,manual,wagon,2.0,full,0,Moscow,114,30950.0,0
L104134,Renault,2023,57778.0,1.5,diesel,manual,hatchback,4.0,partial,0,Moscow,2,15480.0,1
L103340,Ford,2014,222772.0,1.7,diesel,automatic,,1.0,full,0,Sochi,10,5840.0,1
L102175,Skoda,2021,20755.0,2.1,diesel,manual,suv,1.0,full,0,Yekaterinburg,9,25990.0,1
L103533,Toyota,2018,64547.0,1.6,diesel,manual,sedan,2.0,,0,Novosibirsk,70,11860.0,0
L100600,Toyota,2023,45822.0,,electric,automatic,hatchback,2.0,full,1,Moscow,69,25170.0,0
L103835,Skoda,2021,69666.0,2.4,diesel,automatic,hatchback,1.0,full,0,Novosibirsk,4,13970.0,1
L103451,Ford,2018,,1.3,hybrid,automatic,wagon,1.0,full,0,Sochi,8,9940.0,1
L104116,Skoda,2014,179041.0,0.9,petrol,manual,sedan,2.0,full,1,Yekaterinburg,85,3760.0,0
L102382,Skoda,2022,76950.0,2.2,petrol,manual,wagon,2.0,full,0,Moscow,8,20860.0,1
L101261,Skoda,2024,17916.0,1.5,petrol,automatic,sedan,1.0,full,0,Sochi,2,22440.0,1
L100014,Kia,2019,87107.0,1.5,hybrid,manual,hatchback,2.0,full,1,Novosibirsk,1,9330.0,1
L103025,Toyota,2012,265923.0,2.0,petrol,automatic,wagon,3.0,full,0,Moscow,57,3890.0,0
L900032,BMW,2009,216519.0,1.5,petrol,manual,wagon,4.0,partial,0,Yekaterinburg,50,2970.0,0
L103822,Volkswagen,2023,29535.0,,electric,automatic,wagon,1.0,,0,Yekaterinburg,7,39770.0,1
L103294, Skoda ,2019,63380.0,2.8,diesel,automatic,,1.0,,0,yekaterinburg,128,13630.0,0
L102668,Toyota,2019,62164.0,1.8,diesel,automatic,sedan,1.0,,0,Yekaterinburg,66,12560.0,0
L101195,Toyota,2015,149823.0,1.9,PETROL,manual,wagon,2.0,partial,0,Yekaterinburg,99,6700.0,0
L103315,Hyundai,2014,173094.0,1.9,petrol,automatic,hatchback,2.0,partial,1,Yekaterinburg,42,4140.0,0
L102741,Renault,2017,222971.0,1.8,petrol,automatic,wagon,1.0,full,1,Moscow,72,7690.0,0
L100857,Volkswagen,2014,281117.0,1.8,diesel,automatic,hatchback,1.0,full,0,Moscow,87,4140.0,0
L102305, Kia ,2020,49590.0,2.3,petrol,automatic,hatchback,3.0,partial,0,Moscow,1,13360.0,1
L100326,Kia,2018,105780.0,2.1,petrol,manual,suv,3.0,none,0,Novosibirsk,65,10380.0,0
L103228,Ford,2015,146761.0,1.6,DIESEL,automatic,sedan,5.0,none,0,Novosibirsk,92,4990.0,0
L101213,Toyota,2019,-1.0,2.1,hybrid,automatic,hatchback,1.0,partial,0,Moscow,8,15890.0,1
L102121,Toyota,2019,97360.0,1.7,petrol,automatic,sedan,3.0,none,0,Yekaterinburg,78,10410.0,0
L103028,Kia,2016,,2.3,petrol,manual,hatchback,2.0,partial,1,Kazan,113,4470.0,0
L100973,BMW,2016,118311.0,1.8,diesel,manual,wagon,1.0,full,1,Novosibirsk,70,8200.0,0
L100243,Kia,2015,95093.0,1.8,hybrid,manual,wagon,1.0,partial,0,Kazan,53,7960.0,0
L100584,Toyota,2018,156176.0,3.1,diesel,manual,hatchback,1.0,partial,1,Moscow,121,9940.0,0
L100754,Renault,2020,25730.0,2.4,diesel,manual,suv,2.0,partial,0,Kazan,3,17780.0,1
L101136,Kia,2010,394294.0,0.9,petrol,manual,hatchback,1.0,full,1,Novosibirsk,3,1620.0,1
L104029,Volkswagen,2015,230046.0,2.3,diesel,automatic,sedan,3.0,partial,0,Yekaterinburg,70,5390.0,0
L101619,BMW,2025,10653.0,0.9,petrol,manual,suv,2.0,partial,0,Yekaterinburg,39,36490.0,0
L100662,Toyota,2019,115231.0,2.1,diesel,automatic,hatchback,1.0,full,0,Moscow,3,13390.0,1
L103933,Ford,2025,20219.0,1.2,petrol,automatic,suv,2.0,none,0,Moscow,11,29410.0,1
L102549,Volkswagen,2012,225593.0,2.3,petrol,manual,,1.0,partial,0,Yekaterinburg,94,3250.0,0
L103539,Hyundai,2022,50371.0,1.9,petrol,automatic,hatchback,1.0,partial,0,Kazan,1,16270.0,1
L102016,Hyundai,2013,154685.0,2.6,DIESEL,manual,sedan,2.0,,0,Moscow,9,4850.0,1
L102321,Hyundai,2025,20222.0,1.6,diesel,automatic,sedan,4.0,full,0,Sochi,92,26600.0,0
L101267,BMW,2013,285314.0,1.5,petrol,automatic,sedan,1.0,full,0,Yekaterinburg,38,4450.0,0
L103623,Skoda,2024,22064.0,1.5,hybrid,automatic,wagon,3.0,full,0,Kazan,6,27610.0,1
L102048,Volkswagen,2008,289040.0,3.2,petrol,manual,sedan,2.0,full,1,Kazan,127,2450.0,0
L100576,Kia,2018,81900.0,2.6,petrol,automatic,sedan,1.0,partial,0,Moscow,7,12800.0,1
L101386,Volkswagen,2015,173499.0,2.0,petrol,automatic,hatchback,3.0,full,1,Novosibirsk,90,4450.0,0
L100078,Ford,2017,70203.0,1.3,petrol,automatic,hatchback,1.0,none,0,Moscow,4,8010.0,1
L101829,BMW,2014,194670.0,1.7,petrol,manual,wagon,2.0,full,0,Novosibirsk,10,6280.0,1
L103273,Volkswagen,2014,364320.0,1.6,petrol,automatic,sedan,2.0,,0,Sochi,12,4220.0,1
L102436,Skoda,2012,272714.0,1.9,petrol,manual,sedan,1.0,full,0,Kazan,2,3860.0,1
L101007, BMW ,2018,83410.0,0.9,PETROL,automatic,sedan,1.0,full,0,Yekaterinburg,11,12700.0,1
L102983,BMW,2024,28568.0,2.3,petrol,automatic,sedan,,full,0,Sochi,134,39620.0,0
L103668,Volkswagen,2019,213700.0,2.3,diesel,automatic,suv,3.0,none,1,Sochi,88,9740.0,0
L104079,Renault,2013,113855.0,1.2,petrol,automatic,wagon,3.0,partial,0,Moscow,7,4630.0,1
L100823,Toyota,2015,174016.0,2.0,hybrid,automatic,suv,2.0,none,0,Yekaterinburg,75,9290.0,0
L100074,BMW,2014,407881.0,1.4,diesel,manual,hatchback,3.0,partial,0,Novosibirsk,71,3800.0,0
L100409,Hyundai,2016,1239670.0,2.3,petrol,automatic,suv,3.0,partial,0,Moscow,16,7940.0,1
L101834,Hyundai,2018,269373.0,1.9,diesel,manual,suv,1.0,partial,0,Novosibirsk,15,6640.0,1
L103572,Toyota,2021,43680.0,,electric,automatic,hatchback,4.0,none,0,Moscow,56,23060.0,0
L100413,Volkswagen,2015,,1.7,petrol,manual,hatchback,2.0,full,0,Novosibirsk,64,4390.0,0
L100675,Kia,2019,125425.0,1.8,hybrid,manual,sedan,2.0,,1,Moscow,54,8930.0,0
L101426,Toyota,2017,140778.0,2.0,petrol,automatic,hatchback,4.0,partial,1,Novosibirsk,12,6260.0,1
L102068,Ford,2017,178878.0,1.5,petrol,automatic,suv,1.0,none,0,Kazan,74,6270.0,0
L101244, Hyundai ,2019,238196.0,1.7,diesel,automatic,suv,1.0,full,0,Sochi,74,14200.0,0
L102761, Toyota ,2008,354262.0,2.6,petrol,manual,wagon,1.0,full,0,Moscow,8,2000.0,1
L103982,BMW,2016,1279290.0,2.1,diesel,automatic,wagon,1.0,partial,0,Novosibirsk,82,10020.0,0
L103240,Volkswagen,2012,262978.0,1.2,diesel,automatic,hatchback,1.0,,0,Yekaterinburg,29,4020.0,1
L101472,Hyundai,2016,51328.0,1.6,hybrid,automatic,hatchback,2.0,partial,0,Novosibirsk,12,9240.0,1
L102532,Toyota,2021,82746.0,2.1,petrol,manual,hatchback,4.0,full,0,Yekaterinburg,2,14280.0,1
L103932,Kia,2019,113391.0,1.8,diesel,manual,wagon,3.0,partial,0,Novosibirsk,42,9610.0,0
L101069,Toyota,2006,172634.0,1.4,hybrid,manual,sedan,3.0,none,0,Yekaterinburg,51,1880.0,0
L101478,Volkswagen,2021,35839.0,2.1,diesel,automatic,wagon,3.0,full,0,Sochi,82,19630.0,0
L101886,Renault,2022,32403.0,1.3,petrol,automatic,suv,,none,0,Sochi,41,22970.0,0
L103290,Volkswagen,2014,59341.0,2.0,petrol,manual,suv,1.0,full,0,Moscow,14,8910.0,1
L104172,Volkswagen,2016,100606.0,1.3,petrol,manual,wagon,2.0,none,0,Moscow,6,8320.0,1
L102094,Volkswagen,2011,150318.0,2.2,petrol,automatic,sedan,3.0,partial,1,Moscow,4,4370.0,1
L100432,Kia,2012,256974.0,1.8,diesel,automatic,hatchback,2.0,partial,1,Moscow,2,2600.0,1
L101330,Skoda,2014,157355.0,2.3,petrol,manual,hatchback,1.0,full,0,Kazan,93,5420.0,0
L103143,Volkswagen,2020,92291.0,1.2,diesel,automatic,suv,3.0,full,0,Moscow,3,17190.0,1
L103389,Renault,2016,84337.0,1.7,petrol,manual,hatchback,3.0,partial,0,Kazan,15,5530.0,1
L103311,Hyundai,2016,227100.0,1.5,diesel,automatic,suv,3.0,,0,Yekaterinburg,63,6980.0,0
L103859,Kia,2022,83607.0,1.7,petrol,automatic,wagon,2.0,full,1,Sochi,103,14880.0,0
L103045,BMW,2011,112700.0,2.3,diesel,automatic,hatchback,1.0,,1,Moscow,7,5570.0,1
L100471,BMW,2012,87270.0,2.1,diesel,manual,wagon,2.0,,0,Novosibirsk,9,7070.0,1
L103371,Kia,2025,29816.0,1.3,diesel,automatic,sedan,2.0,partial,0,Novosibirsk,1,22930.0,1
L100177,BMW,2018,,0.9,petrol,manual,hatchback,1.0,partial,1,Kazan,67,7220.0,0
L104028,BMW,2015,198414.0,1.7,petrol,automatic,suv,2.0,full,0,Kazan,13,8900.0,1
L101735,BMW,2022,103782.0,,electric,automatic,hatchback,2.0,full,0,Yekaterinburg,129,29330.0,0
L102840,Volkswagen,2021,69667.0,2.2,PETROL,manual,hatchback,1.0,,0,Sochi,8,16180.0,1
L101510,Ford,2019,98457.0,1.9,hybrid,manual,suv,4.0,full,1,Sochi,87,9550.0,0
L100522,Toyota,2018,129915.0,1.8,petrol,manual,sedan,2.0,,0,Moscow,8,10950.0,1
L100276,Ford,2021,67987.0,1.7,petrol,automatic,hatchback,2.0,full,0,Moscow,16,15850.0,1
L102723,Renault,2020,61978.0,1.0,diesel,automatic,wagon,1.0,partial,0,Novosibirsk,8,13020.0,1
L102014,Kia,2025,28592.0,1.9,petrol,automatic,suv,4.0,none,0,Kazan,62,25420.0,0
L104004,Ford,2014,226183.0,2.1,petrol,automatic,hatchback,3.0,none,0,Moscow,83,3690.0,0
L103387,Ford,2018,146091.0,2.1,HYBRID,automatic,sedan,1.0,full,0,Novosibirsk,8,11060.0,1
L102617, Volkswagen ,2016,271941.0,1.3,petrol,automatic,sedan,3.0,partial,0,Moscow,5,5440.0,1
L100455,Skoda,2017,94092.0,0.9,diesel,manual,wagon,2.0,full,0,Moscow,4,8720.0,1
L102939,Ford,2019,85301.0,1.5,petrol,manual,hatchback,1.0,none,0,Sochi,74,8170.0,0
L103036,Toyota,2022,116037.0,1.8,DIESEL,manual,sedan,1.0,full,0,Novosibirsk,5,13810.0,1
L101281,Toyota,2021,50485.0,2.1,diesel,manual,wagon,1.0,partial,1,Moscow,87,14770.0,0
L101902,Kia,2012,372594.0,1.8,petrol,manual,wagon,1.0,full,1,Novosibirsk,83,2160.0,0
L100508,Hyundai,2018,102899.0,,electric,automatic,suv,2.0,full,1,Moscow,15,16200.0,1
L101596,Skoda,2014,154962.0,1.5,petrol,manual,wagon,3.0,partial,0,Kazan,1,4650.0,1
L102601,Kia,2012,126031.0,2.0,diesel,manual,wagon,1.0,full,0,Kazan,44,3800.0,0
L100174,Kia,2016,175345.0,2.6,petrol,automatic,sedan,,none,0,Moscow,101,7670.0,0
L103796,Volkswagen,2014,49042.0,2.3,petrol,manual,,1.0,none,0,Moscow,2,6950.0,1
L103949,Hyundai,2011,419956.0,2.0,petrol,automatic,hatchback,5.0,partial,0,Kazan,165,1440.0,0
L103674,BMW,2017,59263.0,1.8,petrol,automatic,sedan,2.0,none,0,Kazan,23,8710.0,1
L103849,Volkswagen,2012,131542.0,0.9,petrol,manual,suv,3.0,full,0,Moscow,5,5440.0,1
L102293,Renault,2016,90596.0,1.7,petrol,automatic,hatchback,1.0,partial,1,Yekaterinburg,4,5180.0,1
L103171,Kia,2018,33138.0,2.0,diesel,manual,wagon,4.0,full,0,Moscow,7,12120.0,1
L102565,Skoda,2020,88684.0,2.0,diesel,automatic,sedan,4.0,,0,Kazan,3,11690.0,1
L103279,Toyota,2007,430000.0,2.3,petrol,manual,hatchback,3.0,partial,1,Moscow,45,1220.0,0
L103898,BMW,2012,76200.0,1.8,petrol,automatic,hatchback,2.0,none,0,Sochi,57,7200.0,0
L101045,BMW,2008,430000.0,1.5,petrol,automatic,suv,3.0,full,1,Moscow,5,1780.0,1
L104060,Ford,2021,82434.0,1.5,diesel,manual,sedan,5.0,full,0,Yekaterinburg,97,13260.0,0
L102340,Toyota,2006,335110.0,1.3,diesel,automatic,hatchback,1.0,partial,0,Yekaterinburg,9,1400.0,1
L102695,Hyundai,2018,158533.0,2.0,diesel,manual,sedan,1.0,full,0,Moscow,2,12670.0,1
L100240, Ford ,2018,64303.0,1.3,diesel,manual,hatchback,1.0,partial,0,Sochi,68,9120.0,0
L100028,Renault,2017,89395.0,1.4,petrol,automatic,wagon,2.0,partial,0,Moscow,7,10090.0,1
L102187,Renault,2010,95099.0,1.6,petrol,automatic,sedan,1.0,full,0,Sochi,1,3750.0,1
L101000,Renault,2018,90267.0,1.9,diesel,automatic,sedan,,full,0,Moscow,11,10100.0,1
L103038,Ford,2016,111735.0,2.0,petrol,automatic,sedan,4.0,partial,1,Moscow,38,5420.0,0
L102219,Renault,2016,54271.0,1.9,petrol,automatic,wagon,1.0,partial,0,Yekaterinburg,21,7290.0,1
L102374,Renault,2012,98895.0,2.0,petrol,automatic,sedan,1.0,partial,0,Sochi,65,5460.0,0
L100235,Skoda,2014,53400.0,1.8,hybrid,manual,sedan,1.0,,1,Yekaterinburg,3,5530.0,1
L101025,Skoda,2014,194471.0,1.5,petrol,automatic,sedan,2.0,full,0,Kazan,7,5060.0,1
L101856,Kia,2015,72612.0,2.0,petrol,automatic,sedan,3.0,none,1,Kazan,76,5200.0,0
L100237,Hyundai,2020,48436.0,1.4,diesel,manual,suv,3.0,partial,0,Novosibirsk,4,11940.0,1
L102039,Kia,2015,201446.0,1.7,diesel,automatic,sedan,2.0,partial,0,Sochi,10,5550.0,1
L103252,Toyota,2021,75867.0,2.2,petrol,automatic,suv,1.0,partial,0,Yekaterinburg,38,16830.0,0
L100452,Volkswagen,2021,61397.0,1.2,diesel,manual,suv,3.0,none,0,Kazan,160,15010.0,0
L100737,BMW,2020,,2.3,petrol,automatic,hatchback,4.0,,1,Sochi,39,13150.0,0
L103951,Skoda,2020,114876.0,1.6,petrol,manual,suv,2.0,partial,0,Kazan,42,13930.0,0
L101278,Hyundai,2014,45859.0,0.9,petrol,automatic,sedan,2.0,full,0,Novosibirsk,9,5800.0,1
L103883,Kia,2016,102446.0,1.8,petrol,manual,suv,1.0,,0,Moscow,3,11200.0,1
L100167,Kia,2019,64462.0,1.4,petrol,automatic,wagon,3.0,none,0,Kazan,142,9040.0,0
L101778,Hyundai,2017,67751.0,2.0,diesel,manual,wagon,1.0,full,1,Kazan,101,7210.0,0
L102823,Volkswagen,2019,70151.0,1.3,petrol,manual,hatchback,1.0,full,1,Novosibirsk,18,9070.0,1
L101850,Toyota,2010,413933.0,1.0,diesel,manual,hatchback,2.0,full,1,Yekaterinburg,50,1730.0,0
L102748,BMW,2020,21371.0,1.8,diesel,automatic,wagon,3.0,partial,1,Moscow,113,19970.0,0
L100750,BMW,2013,126802.0,2.6,petrol,automatic,wagon,1.0,partial,0,Sochi,9,8110.0,1
L100258,BMW,2020,85223.0,1.9,hybrid,manual,wagon,4.0,none,0,Novosibirsk,69,14730.0,0
L102368,Hyundai,2016,125092.0,1.4,hybrid,automatic,suv,3.0,full,0,Sochi,4,9970.0,1
L103854,Hyundai,2015,119390.0,2.1,diesel,automatic,sedan,1.0,,1,Kazan,128,5110.0,0
L100372,Skoda,2015,196219.0,1.5,petrol,automatic,wagon,2.0,full,0,Novosibirsk,116,6350.0,0
L103520,Ford,2016,109576.0,2.1,diesel,manual,suv,3.0,full,0,Kazan,98,7480.0,0
L103338,Renault,2024,58220.0,2.5,petrol,automatic,suv,3.0,partial,1,Moscow,90,26900.0,0
L102109,Renault,2020,129588.0,1.5,petrol,automatic,wagon,1.0,none,0,Moscow,54,10800.0,0
L103526,Kia,2023,57296.0,1.9,petrol,automatic,suv,1.0,partial,0,Novosibirsk,7,22300.0,1
L100021,Kia,2016,362014.0,2.0,diesel,manual,hatchback,1.0,partial,0,Novosibirsk,67,3590.0,0
L100982,BMW,2012,240616.0,1.5,petrol,automatic,hatchback,1.0,full,0,Novosibirsk,65,4500.0,0
L103540,Toyota,2016,173433.0,1.0,petrol,automatic,suv,2.0,full,1,Moscow,8,7920.0,1
L100955,Hyundai,2016,150660.0,1.4,petrol,manual,sedan,1.0,full,0,moscow,11,7230.0,1
L101919,Toyota,2014,89158.0,2.1,petrol,manual,sedan,1.0,partial,1,Moscow,17,6700.0,1
L101872,Toyota,2014,934050.0,2.0,hybrid,automatic,sedan,2.0,none,0,Yekaterinburg,4,6600.0,1
L101574,Volkswagen,2020,53914.0,1.9,petrol,automatic,hatchback,2.0,partial,0,Sochi,10,13820.0,1
L101705,Ford,2020,123044.0,1.9,petrol,automatic,,2.0,none,0,Moscow,5,11450.0,1
L102312,Volkswagen,2008,430000.0,1.6,HYBRID,automatic,suv,,partial,1,Yekaterinburg,69,1800.0,0
L102584,Volkswagen,2021,81782.0,2.7,diesel,automatic,wagon,1.0,partial,0,Kazan,1,17400.0,1
L102626,Skoda,2017,104724.0,2.0,petrol,manual,wagon,4.0,partial,0,Kazan,65,6440.0,0
L103345,Ford,2022,44598.0,2.0,hybrid,automatic,hatchback,1.0,full,0,Kazan,5,19290.0,1
L103702,Kia,2020,104254.0,1.2,hybrid,automatic,hatchback,1.0,full,0,Yekaterinburg,5,12870.0,1
L101334,Hyundai,2016,206472.0,1.0,diesel,automatic,sedan,2.0,full,0,Novosibirsk,3,5370.0,1
L100641,Skoda,2020,89314.0,1.7,petrol,automatic,sedan,1.0,full,0,Kazan,19,15040.0,1
L103703,Skoda,2023,34764.0,1.8,PETROL,automatic,suv,2.0,full,0,Kazan,1,28790.0,1
L102023,Volkswagen,2013,369457.0,0.9,diesel,automatic,wagon,2.0,,1,Kazan,38,2310.0,0
L102783,Volkswagen,2014,234174.0,2.2,diesel,manual,hatchback,4.0,full,1,Moscow,50,4210.0,0
L103899,Skoda,2013,69704.0,2.2,diesel,manual,sedan,3.0,full,0,Moscow,1,6360.0,1
L103416,Ford,2018,181451.0,1.3,diesel,manual,sedan,5.0,full,0,Novosibirsk,98,7540.0,0
L100503,Volkswagen,2014,138804.0,2.9,diesel,automatic,suv,2.0,full,1,Novosibirsk,56,8370.0,0
L103426,Volkswagen,2011,315554.0,1.9,petrol,automatic,suv,1.0,partial,0,Kazan,11,3040.0,1
L100365,Ford,2013,223763.0,,electric,automatic,wagon,2.0,none,0,Yekaterinburg,2,4770.0,1
L102990,Kia,2020,83343.0,1.9,hybrid,automatic,sedan,3.0,full,0,Novosibirsk,4,15280.0,1
L103632,Toyota,2021,43963.0,2.2,petrol,automatic,sedan,1.0,partial,0,Novosibirsk,72,16460.0,0
L103497,Kia,2014,170679.0,0.9,hybrid,manual,suv,3.0,none,0,Yekaterinburg,104,5720.0,0
L103893,Ford,2009,430000.0,1.3,petrol,manual,suv,3.0,full,0,Sochi,45,1790.0,0
L100779,Hyundai,2020,129497.0,1.7,hybrid,automatic,suv,2.0,full,0,Sochi,8,14670.0,1
L100603,Hyundai,2015,992300.0,1.5,diesel,automatic,sedan,1.0,partial,1,Novosibirsk,9,6000.0,1
L102131,Skoda,2018,111177.0,1.8,diesel,automatic,hatchback,3.0,partial,1,Kazan,110,7460.0,0
L103641,Renault,2010,286061.0,2.5,petrol,automatic,wagon,3.0,none,0,sochi,70,2410.0,0
L101491,BMW,2018,118618.0,1.8,diesel,manual,wagon,2.0,none,0,Sochi,51,12210.0,0
L101440,Hyundai,2012,166206.0,1.5,DIESEL,manual,wagon,1.0,full,1,Yekaterinburg,11,2740.0,1
L100353,Hyundai,2018,97506.0,1.7,hybrid,automatic,sedan,2.0,partial,0,Moscow,2,12980.0,1
L101793, Hyundai ,2020,122942.0,2.2,petrol,manual,suv,1.0,full,0,Yekaterinburg,3,13060.0,1
L100389,Toyota,2020,14526.0,2.2,petrol,automatic,sedan,1.0,full,0,Sochi,7,17140.0,1
L100746,BMW,2013,115109.0,1.6,diesel,manual,sedan,2.0,full,0,Sochi,7,7690.0,1
L102379,Kia,2024,42017.0,1.1,diesel,manual,suv,1.0,full,0,Novosibirsk,3,26160.0,1
L101813,Volkswagen,2012,209952.0,1.6,diesel,manual,suv,2.0,full,0,Moscow,6,5080.0,1
L103570,Skoda,2009,332658.0,2.3,petrol,automatic,hatchback,1.0,none,0,Novosibirsk,68,1720.0,0
L101650,BMW,2017,150065.0,1.5,petrol,automatic,hatchback,2.0,partial,1,Novosibirsk,57,8570.0,0
L100026, Toyota ,2011,105123.0,1.9,petrol,manual,sedan,5.0,partial,1,Novosibirsk,43,3040.0,0
L102295,Ford,2017,63891.0,1.7,petrol,manual,suv,2.0,full,0,Novosibirsk,16,7870.0,1
L103699,Skoda,2012,106267.0,1.6,diesel,automatic,hatchback,3.0,partial,1,Moscow,23,4910.0,1
L102454,Renault,2021,48938.0,1.9,petrol,manual,hatchback,1.0,,0,Moscow,3,15990.0,1
L103805,Volkswagen,2015,72473.0,1.9,petrol,automatic,sedan,1.0,full,0,Kazan,7,7070.0,1
L103475,BMW,2017,225657.0,1.9,diesel,automatic,suv,3.0,full,0,Novosibirsk,31,11020.0,0
L900041,Toyota,1900,103663.0,2.2,diesel,automatic,suv,,partial,0,Kazan,10,10590.0,1
L101542,Skoda,2013,107165.0,1.6,petrol,manual,hatchback,3.0,partial,1,Moscow,11,4030.0,1
L101418,Skoda,2021,51949.0,1.8,diesel,manual,sedan,5.0,full,0,Kazan,70,14410.0,0
L100065,Toyota,2011,430000.0,1.3,diesel,manual,hatchback,2.0,full,0,Novosibirsk,6,1790.0,1
L100885,Ford,2019,40308.0,2.4,petrol,manual,sedan,2.0,partial,0,Kazan,5,13370.0,1
L102974, Volkswagen ,2019,,1.7,petrol,manual,suv,1.0,full,0,Moscow,1,11020.0,1
L102611,Renault,2017,94363.0,1.9,petrol,automatic,suv,5.0,,1,Yekaterinburg,3,6890.0,1
L103272,Kia,2016,,1.3,petrol,manual,suv,1.0,none,0,Yekaterinburg,12,7960.0,1
L102271, Volkswagen ,2012,224752.0,1.5,hybrid,automatic,sedan,1.0,full,0,Moscow,71,5520.0,0
L103237,Skoda,2025,500.0,2.0,diesel,automatic,wagon,2.0,partial,0,Moscow,50,37830.0,0
L102393,Volkswagen,2022,55050.0,1.6,petrol,manual,suv,4.0,full,0,Yekaterinburg,116,18000.0,0
L100268,Toyota,2017,204086.0,1.3,petrol,automatic,wagon,1.0,partial,1,Moscow,6,7300.0,1
L100342, Toyota ,2024,7666.0,2.1,hybrid,manual,hatchback,2.0,none,0,Novosibirsk,13,23340.0,1
L103772,Hyundai,2022,46332.0,1.8,diesel,manual,sedan,2.0,none,0,Moscow,110,19980.0,0
L103735,Volkswagen,2025,28782.0,0.9,petrol,manual,hatchback,2.0,full,0,Sochi,59,23250.0,0
L103560,Hyundai,2014,187858.0,0.9,diesel,automatic,sedan,1.0,partial,1,Moscow,9,4020.0,1
L101716,Volkswagen,2015,223783.0,1.3,diesel,manual,hatchback,1.0,,0,Kazan,3,4800.0,1
L102821,Kia,2023,52556.0,0.9,petrol,automatic,wagon,2.0,full,0,Moscow,12,25960.0,1
L103689,Kia,2011,209807.0,2.1,petrol,manual,sedan,1.0,partial,0,Moscow,3,3710.0,1
L103828,BMW,2015,67007.0,2.2,petrol,automatic,sedan,3.0,partial,0,Kazan,56,9140.0,0
L100806,Volkswagen,2014,30841.0,1.2,diesel,automatic,suv,1.0,partial,0,Kazan,71,8380.0,0
L102739,Kia,2024,29987.0,1.9,diesel,automatic,suv,4.0,partial,0,Moscow,63,29510.0,0
L103827,Volkswagen,2013,274986.0,,electric,automatic,hatchback,3.0,full,0,Yekaterinburg,2,3600.0,1
L102025,Volkswagen,2008,31813.0,1.6,petrol,manual,suv,2.0,partial,0,Novosibirsk,4,3640.0,1
L101390,Skoda,2018,110481.0,2.2,hybrid,manual,suv,1.0,partial,0,Moscow,17,13520.0,1
L103165,Skoda,2021,29129.0,1.5,petrol,automatic,suv,1.0,partial,0,Novosibirsk,19,16670.0,1
L103708,Toyota,2018,11311.0,1.6,petrol,automatic,sedan,1.0,partial,0,Novosibirsk,136,11050.0,0
L101245,Skoda,2018,154790.0,1.3,diesel,automatic,hatchback,2.0,full,0,Kazan,10,8560.0,1
L102335,Skoda,2021,63918.0,2.2,hybrid,automatic,hatchback,1.0,full,0,Yekaterinburg,1,16700.0,1
L103241,Volkswagen,2013,191142.0,1.6,petrol,manual,wagon,1.0,none,1,Moscow,90,4060.0,0
L100395,Skoda,2018,60843.0,2.1,hybrid,automatic,sedan,1.0,none,1,Moscow,64,12350.0,0
L101184,Volkswagen,2019,215558.0,1.1,petrol,manual,sedan,2.0,partial,0,Kazan,120,7220.0,0
L100820,Volkswagen,2025,11005.0,1.4,DIESEL,automatic,hatchback,1.0,partial,0,Novosibirsk,3,26100.0,1
L100171,Renault,2006,161102.0,2.5,petrol,manual,sedan,2.0,full,1,Novosibirsk,10,1690.0,1
L100035,Renault,2023,52427.0,,electric,automatic,hatchback,,none,0,Moscow,48,23000.0,0
L102606,Hyundai,2023,55412.0,1.5,petrol,automatic,suv,3.0,full,0,Sochi,2,26850.0,1
L100796,Kia,2025,9917.0,2.0,diesel,automatic,suv,3.0,none,0,Novosibirsk,118,26840.0,0
L102622,Hyundai,2017,197603.0,2.0,diesel,manual,suv,1.0,full,0,Moscow,9,8830.0,1
L102309,Renault,2012,59596.0,1.4,petrol,automatic,hatchback,2.0,full,1,Novosibirsk,78,3150.0,0
L100611,BMW,2016,99998.0,0.9,petrol,manual,hatchback,1.0,full,0,Moscow,6,12280.0,1
L100610,Renault,2020,61065.0,1.6,diesel,automatic,sedan,1.0,partial,0,Novosibirsk,53,13090.0,0
L100960,Volkswagen,2021,41909.0,2.0,petrol,automatic,wagon,2.0,none,0,Yekaterinburg,109,14160.0,0
L103329,Volkswagen,2017,93512.0,1.5,petrol,automatic,suv,2.0,full,0,Moscow,83,12500.0,0
L900020,Hyundai,2019,136529.0,1.9,diesel,automatic,suv,1.0,partial,1,Sochi,78,11220.0,0
L101396,BMW,2016,64250.0,1.3,petrol,manual,wagon,2.0,full,0,Moscow,10,14400.0,1
L100514,Volkswagen,2015,205369.0,1.9,petrol,automatic,suv,2.0,partial,0,Yekaterinburg,51,7340.0,0
L103799,Volkswagen,2016,244680.0,1.6,diesel,manual,sedan,2.0,none,0,Sochi,132,6570.0,0
L100083,Kia,2024,52484.0,2.2,diesel,manual,wagon,2.0,none,0,Kazan,73,24090.0,0
L100128,Hyundai,2023,,2.6,petrol,automatic,wagon,2.0,full,0,Moscow,11,23260.0,1
L101626,Toyota,2019,64242.0,1.7,petrol,manual,hatchback,3.0,full,0,Kazan,6,9550.0,1
L101161,Renault,2016,106661.0,1.9,petrol,automatic,suv,1.0,full,1,Moscow,26,9120.0,1
L103836,Toyota,2014,72103.0,2.5,diesel,automatic,hatchback,4.0,full,0,Sochi,90,7140.0,0
L103564,Toyota,2017,68804.0,1.6,petrol,automatic,hatchback,2.0,full,0,Yekaterinburg,71,9310.0,0
L100791,Toyota,2019,174063.0,1.2,hybrid,manual,,3.0,partial,0,Moscow,15,8980.0,1
L102878,Toyota,2016,101584.0,2.0,diesel,manual,sedan,3.0,full,0,Novosibirsk,76,9450.0,0
L102441,Kia,2014,181917.0,2.5,petrol,manual,sedan,5.0,full,0,Yekaterinburg,6,4890.0,1
L101125,Renault,2011,128278.0,1.5,hybrid,automatic,hatchback,1.0,full,1,Kazan,117,2940.0,0
L102646,Volkswagen,2024,81013.0,1.8,petrol,automatic,sedan,1.0,none,0,Yekaterinburg,54,16920.0,0
L103122,Renault,2017,45075.0,1.8,petrol,automatic,sedan,1.0,full,1,Moscow,13,8390.0,1
L100836,Renault,2023,60125.0,1.6,PETROL,automatic,suv,3.0,partial,0,Moscow,87,21610.0,0
L100330,BMW,2019,69445.0,1.6,petrol,manual,hatchback,1.0,full,0,Sochi,94,13780.0,0
L100343,Hyundai,2019,63013.0,1.0,petrol,automatic,sedan,3.0,none,0,Sochi,50,11900.0,0
L102563, Kia ,2014,130902.0,1.3,diesel,manual,sedan,1.0,partial,0,Novosibirsk,3,4450.0,1
L101905,Renault,2013,257419.0,0.9,petrol,manual,hatchback,3.0,full,1,Novosibirsk,5,2530.0,1
L100463,Volkswagen,2019,30724.0,1.7,petrol,automatic,suv,2.0,partial,0,Sochi,69,13880.0,0
L100306,Renault,2020,69136.0,1.9,petrol,manual,sedan,2.0,full,0,Sochi,2,12640.0,1
L101039,Toyota,2019,176122.0,,electric,automatic,hatchback,2.0,partial,0,Moscow,33,13090.0,0
L101725,Ford,2019,101321.0,2.3,petrol,manual,suv,2.0,none,0,Yekaterinburg,49,10480.0,0
L102448,BMW,2012,169730.0,1.9,petrol,automatic,,1.0,partial,0,Moscow,5,6320.0,1
L100216,Skoda,2018,69729.0,1.4,hybrid,manual,sedan,,partial,0,Sochi,7,10760.0,1
L103298,Hyundai,2017,54832.0,1.8,diesel,manual,suv,2.0,partial,1,Moscow,55,8990.0,0
L102666,Toyota,2021,23764.0,1.9,petrol,manual,hatchback,2.0,partial,0,Moscow,118,18350.0,0
L100896,Kia,2023,72448.0,2.7,diesel,manual,suv,3.0,full,0,Sochi,36,26630.0,0
L103487,Volkswagen,2008,430000.0,2.0,petrol,manual,suv,3.0,full,1,Moscow,82,2060.0,0
L103076,Kia,2016,86717.0,2.0,petrol,automatic,hatchback,2.0,,0,Moscow,5,6370.0,1
L102227,Hyundai,2019,99295.0,1.7,diesel,manual,suv,,full,0,Yekaterinburg,4,13890.0,1
L103516,Toyota,2014,133003.0,2.4,petrol,manual,wagon,1.0,none,1,Novosibirsk,122,4460.0,0
L100311,Ford,2015,254281.0,1.6,diesel,automatic,sedan,3.0,partial,0,Sochi,62,3980.0,0
L102327,Ford,2018,151160.0,2.6,petrol,automatic,hatchback,2.0,none,0,Moscow,7,8710.0,1
L101809,Hyundai,2015,408386.0,0.9,petrol,automatic,sedan,2.0,full,1,Kazan,59,2700.0,0
L103919,Kia,2025,14908.0,2.2,petrol,automatic,sedan,2.0,full,0,Moscow,7,31930.0,1
L102146,Toyota,2011,286394.0,1.5,petrol,manual,sedan,3.0,full,0,Moscow,96,3180.0,0
L102510,BMW,2019,108481.0,1.2,petrol,manual,sedan,2.0,full,0,Moscow,14,16740.0,1
L100060,Volkswagen,2017,187181.0,1.2,petrol,automatic,hatchback,1.0,full,0,Sochi,7,6780.0,1
L103931,Toyota,2015,117546.0,1.9,PETROL,manual,hatchback,2.0,full,0,Moscow,12,7580.0,1
L103141,Toyota,2018,188899.0,2.3,hybrid,automatic,hatchback,1.0,none,0,Moscow,1,10690.0,1
L101270,Volkswagen,2009,162591.0,2.5,petrol,manual,suv,2.0,,0,Moscow,5,4340.0,1
L100726,Renault,2019,72367.0,2.0,petrol,automatic,sedan,1.0,partial,1,Moscow,14,12770.0,1
L102170,Hyundai,2014,129747.0,1.9,petrol,manual,sedan,3.0,full,0,Moscow,45,6360.0,0
L101385,Toyota,2011,134806.0,1.7,petrol,manual,wagon,4.0,full,0,Kazan,71,4090.0,0
L103281,Kia,2018,126956.0,2.4,diesel,manual,sedan,2.0,full,0,Novosibirsk,77,8570.0,0
L101714,Renault,2018,103256.0,2.3,hybrid,manual,hatchback,1.0,full,0,Moscow,5,14510.0,1
L103125,Ford,2016,62279.0,2.2,diesel,automatic,suv,1.0,none,0,Kazan,3,9880.0,1
L102333,Skoda,2023,46529.0,1.3,diesel,automatic,sedan,3.0,partial,0,Moscow,72,21400.0,0
L100983,Volkswagen,2022,82865.0,1.2,petrol,automatic,sedan,3.0,full,0,Novosibirsk,7,17370.0,1
L103070, Skoda ,2009,230438.0,2.6,hybrid,automatic,wagon,1.0,full,0,Novosibirsk,2,3480.0,1
L103271,Ford,2017,157081.0,1.7,petrol,automatic,suv,1.0,full,0,Novosibirsk,53,9280.0,0
L100458,Volkswagen,2022,170748.0,1.7,petrol,automatic,suv,2.0,,0,Moscow,11,19730.0,1
L100776,Kia,2018,130010.0,2.7,PETROL,automatic,sedan,2.0,full,0,Moscow,16,12280.0,1
L102381,Ford,2017,166628.0,1.9,diesel,automatic,suv,2.0,full,0,Moscow,82,10960.0,0
L103878,Volkswagen,2020,40362.0,1.0,diesel,manual,wagon,2.0,full,0,Kazan,6,15000.0,1
L103884,Volkswagen,2021,74957.0,2.0,petrol,automatic,hatchback,2.0,full,0,Moscow,7,16730.0,1
L101207,Toyota,2014,158675.0,2.5,diesel,manual,suv,3.0,full,0,Yekaterinburg,19,6560.0,1
L102465,Kia,2021,92772.0,2.4,petrol,automatic,sedan,1.0,full,0,Kazan,6,14690.0,1
L103610,Hyundai,2020,85840.0,2.2,petrol,manual,sedan,1.0,partial,0,Novosibirsk,6,11680.0,1
L104147,Hyundai,2017,198075.0,,electric,automatic,sedan,1.0,partial,0,Novosibirsk,58,9530.0,0
L102837,Skoda,2010,244341.0,2.2,diesel,manual,sedan,1.0,full,0,Sochi,3,3240.0,1
L101419,Volkswagen,2015,179238.0,1.2,petrol,manual,hatchback,2.0,full,0,Yekaterinburg,69,6230.0,0
L102956,Skoda,2019,85289.0,2.0,petrol,automatic,hatchback,3.0,full,0,Kazan,5,10560.0,1
L102012,Ford,2018,146919.0,,electric,automatic,suv,1.0,partial,0,Sochi,1,14920.0,1
L100804,Toyota,1900,113881.0,1.0,petrol,automatic,hatchback,1.0,partial,1,Novosibirsk,9,9840.0,1
L101048,Hyundai,2011,207369.0,1.5,petrol,manual,sedan,1.0,partial,1,Sochi,105,3500.0,0
L100843,Toyota,2016,205918.0,2.2,hybrid,automatic,suv,2.0,partial,0,kazan,1,8750.0,1
L103609,Toyota,2022,36513.0,2.1,diesel,manual,sedan,2.0,full,0,Kazan,53,23720.0,0
L100005,Volkswagen,2011,115903.0,1.8,diesel,manual,wagon,2.0,none,0,Kazan,35,4280.0,0
L102898,Ford,2011,153415.0,2.0,petrol,automatic,suv,4.0,partial,0,Moscow,43,4530.0,0
L102874,Volkswagen,2015,179523.0,3.8,petrol,automatic,suv,1.0,none,0,Yekaterinburg,58,7510.0,0
L100760,Hyundai,2016,208792.0,1.7,petrol,manual,suv,1.0,partial,0,Novosibirsk,60,5920.0,0
L100594,BMW,2016,110577.0,1.0,petrol,manual,sedan,,partial,0,Moscow,75,10280.0,0
L101672, Volkswagen ,2020,37947.0,2.0,diesel,automatic,sedan,2.0,,0,Yekaterinburg,1,13970.0,1
L101397,Skoda,2016,,1.9,petrol,automatic,wagon,2.0,full,1,Moscow,4,7170.0,1
L104137,Skoda,2014,138084.0,,electric,automatic,hatchback,2.0,partial,0,Novosibirsk,5,6290.0,1
L103163,Renault,2013,420741.0,1.5,PETROL,automatic,hatchback,1.0,none,0,Moscow,4,2710.0,1
L101995,Ford,2012,255752.0,1.4,petrol,automatic,hatchback,3.0,full,0,Kazan,65,3010.0,0
L100829,Toyota,2020,155346.0,2.4,petrol,automatic,hatchback,3.0,full,0,Yekaterinburg,7,10930.0,1
L101263,Hyundai,2014,154946.0,1.1,petrol,manual,hatchback,5.0,full,0,Novosibirsk,18,3860.0,1
L101094,BMW,2018,75107.0,1.3,petrol,manual,sedan,2.0,full,0,Yekaterinburg,26,12120.0,1
L100921,Toyota,2019,155924.0,2.0,petrol,manual,wagon,2.0,none,1,Kazan,3,6890.0,1
L100521,Hyundai,2019,135739.0,1.9,diesel,manual,sedan,2.0,full,0,Novosibirsk,42,10890.0,0
L101402,Toyota,2018,187395.0,1.9,diesel,manual,hatchback,3.0,full,0,Moscow,2,9020.0,1
L103264, Skoda ,2016,1631930.0,1.1,diesel,manual,suv,1.0,full,0,Novosibirsk,96,7750.0,0
L100640,BMW,2023,56225.0,2.1,petrol,automatic,sedan,4.0,partial,0,Yekaterinburg,49,25990.0,0
L102934,Volkswagen,2022,27807.0,,electric,automatic,sedan,1.0,full,0,Yekaterinburg,13,25750.0,1
L100962,Kia,2008,205566.0,2.1,diesel,automatic,sedan,3.0,none,0,Novosibirsk,67,1990.0,0
L103829, BMW ,2012,91414.0,1.7,diesel,automatic,hatchback,1.0,none,1,Novosibirsk,32,5080.0,0
L101233,Kia,2014,39066.0,1.4,petrol,automatic,sedan,2.0,,1,Moscow,36,6110.0,0
L103136,BMW,2022,86320.0,2.1,diesel,manual,suv,1.0,partial,0,Moscow,65,42160.0,0
L100162,Toyota,2017,,1.5,petrol,automatic,sedan,2.0,partial,1,Moscow,3,9270.0,1
L100077,Skoda,2016,124180.0,2.4,petrol,manual,suv,1.0,none,1,Kazan,41,6700.0,0
L103454,Ford,2008,430000.0,1.2,petrol,automatic,sedan,2.0,none,1,Yekaterinburg,75,1050.0,0
L102658,Kia,2009,,1.4,petrol,automatic,suv,1.0,full,0,Yekaterinburg,8,3140.0,1
L100637,Kia,2016,94406.0,2.1,diesel,automatic,wagon,2.0,partial,1,Novosibirsk,11,7440.0,1
L103578, Kia ,2021,57809.0,2.0,diesel,automatic,hatchback,2.0,partial,0,Moscow,8,14430.0,1
L100081,Kia,2013,162779.0,1.2,petrol,manual,hatchback,4.0,full,1,Yekaterinburg,97,3100.0,0
L101867,BMW,2017,131971.0,1.0,diesel,manual,sedan,1.0,full,0,Novosibirsk,69,10350.0,0
L102770,Toyota,2019,137072.0,1.8,petrol,manual,suv,2.0,full,0,Moscow,1,14350.0,1
L102564,Volkswagen,2015,67772.0,1.3,petrol,manual,sedan,1.0,partial,1,Sochi,128,5150.0,0
L100972,Ford,2015,70266.0,2.1,petrol,manual,wagon,3.0,none,0,Novosibirsk,76,6750.0,0
L103996,Renault,2021,137278.0,2.0,diesel,manual,hatchback,3.0,full,0,Moscow,1,11860.0,1
L100655,Hyundai,2018,88346.0,2.3,petrol,manual,sedan,4.0,full,0,Yekaterinburg,70,10840.0,0
L101294,Hyundai,2008,75467.0,1.9,petrol,automatic,hatchback,3.0,partial,0,Kazan,15,2370.0,1
L102099,Volkswagen,2011,362319.0,1.6,hybrid,automatic,wagon,3.0,partial,0,Yekaterinburg,88,2900.0,0
L103405,Skoda,2015,195376.0,1.9,petrol,automatic,sedan,4.0,none,0,Novosibirsk,5,4720.0,1
L101692,Hyundai,2016,90190.0,2.0,petrol,manual,sedan,5.0,partial,0,Moscow,10,7920.0,1
L103728,Kia,2018,,1.3,petrol,automatic,suv,4.0,full,0,Yekaterinburg,10,8880.0,1
L102947,Toyota,2014,163788.0,2.3,petrol,manual,hatchback,2.0,partial,1,Sochi,134,4900.0,0
L102313,Renault,2019,66396.0,,electric,automatic,hatchback,2.0,full,0,Moscow,15,14960.0,1
L102758,Hyundai,2017,204047.0,1.5,petrol,manual,suv,4.0,none,0,Moscow,106,7980.0,0
L102980,BMW,2014,330864.0,1.9,diesel,automatic,hatchback,1.0,partial,0,Sochi,5,6370.0,1
L103752,Kia,2009,259390.0,2.1,hybrid,automatic,hatchback,1.0,full,0,Yekaterinburg,15,2240.0,1
L103183, Toyota ,2025,33457.0,1.8,petrol,manual,hatchback,1.0,,0,Sochi,1,32240.0,1
L103066,Volkswagen,2010,211370.0,1.9,petrol,manual,sedan,2.0,none,0,Moscow,56,3320.0,0
L100255,Kia,2017,79392.0,3.1,petrol,manual,wagon,4.0,full,1,Novosibirsk,50,7680.0,0
L102814,Renault,2020,82875.0,2.1,hybrid,automatic,hatchback,1.0,partial,0,Kazan,70,12060.0,0
L101682,Toyota,2007,330627.0,2.6,petrol,automatic,suv,1.0,none,1,Moscow,39,2160.0,0
L100905,Volkswagen,2016,207746.0,1.9,petrol,manual,wagon,2.0,full,0,Novosibirsk,11,4860.0,1
L104104,Toyota,2011,200030.0,2.2,petrol,automatic,hatchback,3.0,partial,1,Kazan,72,2930.0,0
L101782,Volkswagen,2018,93750.0,1.7,hybrid,manual,suv,1.0,partial,0,Moscow,5,13570.0,1
L100214,Skoda,2014,254896.0,1.7,hybrid,automatic,sedan,2.0,none,0,Kazan,8,4690.0,1
L102915,Volkswagen,2017,134168.0,1.3,petrol,automatic,sedan,3.0,full,0,Yekaterinburg,10,7860.0,1
L101747,Volkswagen,2012,79318.0,1.2,diesel,manual,wagon,3.0,,0,Novosibirsk,19,3950.0,1
L102613,Volkswagen,2016,75610.0,1.5,petrol,manual,sedan,4.0,partial,0,Novosibirsk,53,6190.0,0
L100246,Volkswagen,2017,77571.0,1.9,petrol,manual,suv,1.0,full,0,Kazan,145,11360.0,0
L102388,Ford,2016,113889.0,,electric,automatic,wagon,,partial,1,Kazan,48,8160.0,0
L103134,Skoda,2012,79171.0,1.1,hybrid,automatic,wagon,2.0,,0,Yekaterinburg,12,4090.0,1
L101413,Toyota,2012,273888.0,2.5,petrol,automatic,suv,1.0,partial,0,Novosibirsk,91,4150.0,0
L100553,Toyota,2014,90419.0,1.1,PETROL,manual,wagon,1.0,none,1,Novosibirsk,35,4510.0,0
L100447,BMW,2006,105516.0,2.0,petrol,automatic,hatchback,1.0,none,0,Novosibirsk,72,2910.0,0
L103567,Volkswagen,2004,306164.0,1.5,diesel,automatic,wagon,2.0,none,0,Novosibirsk,169,900.0,0
L101630,Renault,2024,47150.0,2.0,petrol,manual,wagon,4.0,full,1,Moscow,9,19910.0,1
L102707,Toyota,2014,274929.0,0.9,petrol,manual,wagon,3.0,partial,0,Novosibirsk,43,3340.0,0
L102367,Toyota,2019,70032.0,2.4,diesel,automatic,suv,2.0,partial,1,Kazan,94,15310.0,0
L100164,Renault,2012,353540.0,1.2,hybrid,automatic,hatchback,,full,0,Kazan,114,2220.0,0
L100321,Volkswagen,2015,120760.0,2.2,diesel,automatic,suv,1.0,full,0,Novosibirsk,114,8850.0,0
L101109,Renault,2015,75878.0,1.5,petrol,automatic,suv,4.0,full,0,Yekaterinburg,9,6930.0,1
L102885,Volkswagen,2020,33125.0,1.2,petrol,manual,sedan,2.0,full,0,Yekaterinburg,2,12160.0,1
L101055,Hyundai,2019,170122.0,1.4,diesel,automatic,suv,2.0,none,0,Moscow,12,12990.0,1
L102581,Hyundai,2015,115103.0,1.9,diesel,manual,sedan,2.0,full,0,Yekaterinburg,2,6060.0,1
L102384,Toyota,2020,66799.0,1.8,hybrid,automatic,wagon,3.0,partial,0,Novosibirsk,129,15270.0,0
L103605,Ford,2023,51101.0,2.6,petrol,manual,sedan,3.0,partial,0,Novosibirsk,5,16140.0,1
L100117,BMW,2013,175790.0,1.4,hybrid,automatic,suv,3.0,full,1,Kazan,7,6530.0,1
L102317,Hyundai,2017,68640.0,1.7,hybrid,automatic,sedan,2.0,partial,0,sochi,11,8490.0,1
L101226,Skoda,2018,97970.0,2.1,petrol,manual,suv,2.0,none,0,Novosibirsk,81,9270.0,0
L102877,Hyundai,2015,261822.0,0.9,diesel,automatic,sedan,4.0,full,1,Kazan,66,3500.0,0
L100251,Skoda,2014,229492.0,1.8,petrol,manual,sedan,2.0,full,1,Novosibirsk,54,3210.0,0
L100964,Hyundai,2014,122821.0,2.2,petrol,automatic,sedan,2.0,full,1,Sochi,63,5810.0,0
L100623,BMW,2016,,1.6,petrol,manual,hatchback,2.0,none,0,Novosibirsk,59,8330.0,0
L100856,Volkswagen,2012,73767.0,2.1,petrol,automatic,suv,3.0,full,1,Moscow,8,7850.0,1
L102913,Renault,2009,133695.0,2.5,diesel,manual,suv,2.0,partial,1,Moscow,1,3580.0,1
L100913,Volkswagen,2013,202360.0,1.8,petrol,manual,wagon,1.0,partial,0,Novosibirsk,116,4540.0,0
L104042,Renault,2013,295274.0,2.3,PETROL,manual,suv,2.0,partial,0,Moscow,72,4090.0,0
L101520,Hyundai,2015,103615.0,1.7,petrol,manual,hatchback,2.0,full,0,Kazan,13,5800.0,1
L101892,Skoda,2015,157235.0,1.5,petrol,manual,sedan,2.0,,0,Novosibirsk,16,4520.0,1
L100448,Hyundai,2014,157528.0,2.1,hybrid,manual,hatchback,2.0,full,1,Yekaterinburg,3,4830.0,1
L104189,Hyundai,2020,48218.0,1.2,petrol,automatic,sedan,2.0,full,0,sochi,7,17930.0,1
L103192,Kia,2025,8518.0,1.3,hybrid,automatic,suv,1.0,full,0,Novosibirsk,1,36250.0,1
L103027,Volkswagen,2012,82859.0,2.3,diesel,automatic,sedan,1.0,none,1,Yekaterinburg,96,4000.0,0
L103425,Volkswagen,2015,150963.0,2.4,petrol,automatic,hatchback,2.0,none,1,Kazan,7,4090.0,1
L103861,Kia,2014,222125.0,1.4,petrol,automatic,wagon,1.0,,0,Sochi,12,5370.0,1
L101456,Ford,2008,430000.0,,electric,automatic,wagon,2.0,full,1,Novosibirsk,5,1420.0,1
L102712,Toyota,2004,149850.0,2.1,diesel,manual,suv,3.0,full,1,Kazan,111,2070.0,0
L103608,Toyota,2018,88669.0,1.0,diesel,automatic,suv,5.0,full,0,moscow,23,15870.0,1
L102943,Renault,2025,13569.0,2.3,diesel,manual,hatchback,2.0,full,1,Sochi,64,22070.0,0
L101377,Kia,2018,188186.0,1.5,DIESEL,manual,suv,1.0,partial,0,Moscow,5,9600.0,1
L101466,Hyundai,2014,129990.0,1.9,petrol,manual,wagon,2.0,,0,Yekaterinburg,66,5040.0,0
L100189,Volkswagen,2013,142887.0,2.6,diesel,automatic,hatchback,1.0,partial,0,Yekaterinburg,35,4730.0,0
L100579,Kia,2016,141678.0,1.8,petrol,manual,,1.0,partial,1,Sochi,9,6010.0,1
L103720,Volkswagen,2012,124308.0,1.3,petrol,automatic,sedan,4.0,partial,0,Kazan,95,3560.0,0
L100263,BMW,2019,34585.0,1.7,petrol,automatic,suv,3.0,full,0,Moscow,23,19620.0,1
L100125,Kia,2021,29226.0,2.1,diesel,automatic,wagon,1.0,full,0,Novosibirsk,12,18890.0,1
L100018,Hyundai,2025,27274.0,1.8,petrol,automatic,hatchback,2.0,none,0,Moscow,9,21490.0,1
L101159,Volkswagen,2018,86260.0,2.3,diesel,manual,sedan,2.0,full,0,Moscow,1,11580.0,1
L104034,Hyundai,2012,,1.9,petrol,automatic,suv,2.0,full,0,Yekaterinburg,69,4050.0,0
L101494,Hyundai,2025,20764.0,1.7,diesel,automatic,hatchback,2.0,full,0,Kazan,3,24170.0,1
L101392,Ford,2019,38692.0,1.8,petrol,automatic,suv,2.0,partial,0,Moscow,109,16440.0,0
L100632,Ford,2014,187222.0,1.8,petrol,automatic,hatchback,2.0,none,1,Moscow,55,3590.0,0
L101720,Volkswagen,2016,171111.0,,electric,automatic,suv,1.0,,0,Sochi,5,13350.0,1
L103614,Hyundai,2013,,1.8,hybrid,automatic,suv,1.0,,0,Kazan,61,4450.0,0
L103897,Hyundai,2019,100457.0,1.2,diesel,automatic,wagon,1.0,full,0,Novosibirsk,7,12070.0,1
L100100,Ford,2016,146327.0,1.1,petrol,manual,suv,2.0,partial,0,Yekaterinburg,10,5730.0,1
L104173,BMW,2015,213918.0,2.1,hybrid,automatic,sedan,3.0,partial,0,Yekaterinburg,47,7230.0,0
L100098,Volkswagen,2019,150105.0,2.1,petrol,manual,wagon,1.0,full,1,Sochi,61,10940.0,0
L102347,Volkswagen,2013,105363.0,2.4,petrol,manual,,2.0,partial,1,Moscow,5,6470.0,1
L101031,Renault,2018,48897.0,1.4,hybrid,manual,sedan,1.0,full,0,Yekaterinburg,7,10510.0,1
L103522,Ford,2023,50975.0,1.3,petrol,automatic,,3.0,none,0,Novosibirsk,97,15940.0,0
L102183,Kia,2009,115819.0,1.2,diesel,manual,hatchback,1.0,full,0,Novosibirsk,7,2940.0,1
L101101,Volkswagen,2018,57137.0,,electric,automatic,sedan,2.0,,0,Moscow,11,15620.0,1
L102143,Hyundai,2008,324639.0,1.1,petrol,manual,sedan,3.0,full,0,Sochi,101,1930.0,0
L101304,Volkswagen,2010,94821.0,1.3,petrol,manual,hatchback,2.0,full,0,Novosibirsk,1,3310.0,1
L100376,Toyota,2005,150427.0,0.9,petrol,automatic,sedan,3.0,partial,1,Moscow,72,1730.0,0
L100370,Volkswagen,2013,63955.0,1.7,hybrid,automatic,suv,1.0,,0,Moscow,13,10540.0,1
L100481,BMW,2018,167188.0,2.3,petrol,automatic,,2.0,none,1,Kazan,82,9870.0,0
L100420,BMW,2016,115474.0,1.1,hybrid,manual,hatchback,1.0,partial,0,Kazan,23,9140.0,1
L102425,BMW,2015,133179.0,1.8,petrol,automatic,wagon,2.0,full,1,Moscow,3,8860.0,1
L100736,BMW,2010,158024.0,1.3,diesel,manual,sedan,2.0,full,0,Moscow,9,4380.0,1
L102040,Hyundai,2015,150128.0,2.6,petrol,automatic,hatchback,1.0,partial,0,Moscow,7,5210.0,1
L101376,BMW,2025,4600.0,1.9,petrol,manual,sedan,1.0,full,0,Sochi,16,39710.0,1
L102087,Kia,2016,53449.0,2.0,petrol,automatic,hatchback,2.0,full,0,Moscow,12,8760.0,1
L101357,Toyota,2017,165770.0,1.7,petrol,manual,wagon,1.0,full,0,Yekaterinburg,49,7280.0,0
L103807,Skoda,2012,240254.0,2.1,petrol,automatic,suv,1.0,partial,0,Moscow,37,5570.0,0
L100138,Hyundai,2016,,2.2,hybrid,automatic,suv,1.0,partial,0,Sochi,18,11770.0,1
L100677,Kia,2015,218375.0,1.7,hybrid,automatic,hatchback,2.0,full,0,Novosibirsk,4,5210.0,1
L103199,Hyundai,2016,86336.0,1.5,petrol,automatic,hatchback,1.0,partial,0,Kazan,86,6580.0,0
L101744,Hyundai,2023,12743.0,,electric,automatic,sedan,2.0,full,0,Kazan,4,27690.0,1
L102767,Hyundai,2012,169716.0,1.0,diesel,automatic,sedan,1.0,,0,Yekaterinburg,47,3330.0,0
L101548,Volkswagen,2019,1914670.0,1.4,petrol,manual,sedan,3.0,partial,0,Kazan,15,7580.0,1
L103147,Ford,2014,170599.0,2.2,diesel,automatic,sedan,2.0,none,0,Moscow,3,5300.0,1
L101653,Volkswagen,2017,110616.0,1.7,diesel,automatic,sedan,1.0,full,0,Moscow,11,11880.0,1
L102097,BMW,2014,233103.0,2.9,petrol,automatic,sedan,,none,1,Yekaterinburg,62,4530.0,0
L900009,Hyundai,2016,227100.0,1.5,diesel,automatic,suv,3.0,,0,Yekaterinburg,63,6980.0,0
L102673,Volkswagen,2020,69539.0,1.5,diesel,manual,sedan,5.0,full,0,Sochi,73,13240.0,0
L101167,Hyundai,2019,111493.0,3.3,petrol,automatic,hatchback,2.0,none,0,Moscow,9,11980.0,1
L100175,Hyundai,2017,131237.0,1.7,diesel,automatic,suv,5.0,full,0,Novosibirsk,75,8510.0,0
L100564,BMW,2020,49267.0,1.7,hybrid,manual,sedan,3.0,,0,Moscow,13,18950.0,1
L103768,Toyota,2019,128819.0,2.4,diesel,automatic,hatchback,3.0,full,0,Moscow,108,17760.0,0
L101799,Renault,2010,76111.0,1.8,petrol,manual,hatchback,2.0,partial,0,Novosibirsk,93,2260.0,0
L100199,Volkswagen,2007,377907.0,2.0,diesel,automatic,wagon,1.0,full,0,Kazan,60,1550.0,0
L103824,Kia,2012,45940.0,,electric,automatic,suv,1.0,full,0,Yekaterinburg,14,6920.0,1
L101978,Kia,2016,103409.0,1.5,DIESEL,manual,suv,3.0,,0,Sochi,4,9420.0,1
L900003,Ford,2011,153415.0,2.0,petrol,automatic,suv,4.0,partial,0,Moscow,43,4530.0,0
L103276,Volkswagen,2007,232048.0,1.6,hybrid,automatic,hatchback,1.0,partial,1,Sochi,74,2090.0,0
L102619,Ford,2018,72036.0,1.9,diesel,automatic,hatchback,3.0,full,0,Novosibirsk,8,8670.0,1
L100865,Ford,2016,215089.0,2.0,hybrid,automatic,sedan,1.0,full,0,Moscow,9,7630.0,1
L101067,BMW,2018,,1.0,HYBRID,automatic,hatchback,1.0,partial,0,Yekaterinburg,13,14990.0,1
L103019,Skoda,2019,146646.0,1.5,petrol,manual,suv,2.0,partial,0,Yekaterinburg,83,11930.0,0
L100501,Renault,2012,132452.0,1.6,petrol,automatic,suv,3.0,full,1,Kazan,7,3100.0,1
L104020,BMW,2010,195112.0,1.8,petrol,automatic,sedan,2.0,partial,0,Kazan,12,3890.0,1
L100215,Hyundai,2015,119040.0,1.9,diesel,manual,hatchback,3.0,partial,0,Yekaterinburg,52,4610.0,0
L101750,Volkswagen,2021,60832.0,1.7,diesel,automatic,hatchback,,partial,1,Sochi,70,15300.0,0
L102026,Toyota,2016,140084.0,1.5,diesel,manual,hatchback,1.0,full,1,Moscow,60,8720.0,0
L104199,Skoda,2014,194814.0,1.8,petrol,automatic,wagon,3.0,none,0,Moscow,100,4840.0,0
L103491,Renault,2019,152634.0,2.1,petrol,manual,hatchback,,full,0,Novosibirsk,144,8920.0,0
L101853,Volkswagen,2021,100190.0,1.4,petrol,manual,sedan,2.0,full,0,Moscow,9,16070.0,1
L100470,Hyundai,2017,153937.0,1.7,hybrid,manual,sedan,1.0,none,0,Kazan,7,7120.0,1
L103648,Hyundai,2014,196967.0,1.6,diesel,automatic,hatchback,2.0,full,0,Sochi,63,5170.0,0
L101726,Ford,2013,201454.0,2.3,diesel,automatic,hatchback,5.0,partial,0,Moscow,72,3770.0,0
L101862,Volkswagen,2012,118065.0,,electric,automatic,suv,1.0,full,1,Kazan,4,7920.0,1
L101861,Skoda,2013,173324.0,1.5,petrol,automatic,wagon,4.0,full,1,Moscow,106,3730.0,0
L101406,Skoda,2016,101093.0,2.4,petrol,automatic,wagon,1.0,full,1,Novosibirsk,6,6730.0,1
L101421,Kia,2014,99564.0,2.1,petrol,automatic,,2.0,full,0,Yekaterinburg,9,5240.0,1
L103274,Ford,2019,64848.0,2.6,petrol,manual,hatchback,1.0,partial,0,Novosibirsk,77,11000.0,0
L100329,BMW,2021,13223.0,2.1,diesel,automatic,sedan,1.0,none,0,Moscow,46,27230.0,0
L101732,Hyundai,2020,110350.0,1.7,petrol,automatic,suv,1.0,full,0,Moscow,9,16750.0,1
L102076,BMW,2014,97777.0,1.9,petrol,automatic,sedan,3.0,partial,0,Yekaterinburg,34,9260.0,0
L102737,Skoda,2019,126914.0,1.2,diesel,automatic,sedan,1.0,,1,Moscow,49,9480.0,0
L103350,Toyota,2013,102187.0,1.8,diesel,manual,suv,1.0,full,0,Novosibirsk,85,7710.0,0
L103308,Ford,2013,,1.1,diesel,manual,suv,1.0,partial,0,Kazan,72,5630.0,0
L103327,Toyota,2013,39444.0,2.5,petrol,automatic,suv,2.0,full,0,Novosibirsk,3,8040.0,1
L100325,Hyundai,2024,18877.0,1.3,PETROL,automatic,sedan,2.0,full,0,Novosibirsk,2,22920.0,1
L101822,Toyota,2016,139100.0,,electric,automatic,suv,2.0,full,0,Novosibirsk,18,11080.0,1
L101085,Skoda,2020,170028.0,1.0,petrol,manual,sedan,1.0,none,0,Kazan,33,9850.0,0
L103283, Volkswagen ,2018,101192.0,2.8,diesel,automatic,hatchback,2.0,full,0,Novosibirsk,76,10150.0,0
L101471,Toyota,2017,59553.0,0.9,hybrid,manual,hatchback,3.0,,0,Novosibirsk,165,8410.0,0
L103693,Renault,2019,68418.0,1.3,diesel,automatic,sedan,3.0,,0,Moscow,6,10870.0,1
L102858,Renault,2010,178496.0,1.8,petrol,manual,wagon,1.0,full,1,Novosibirsk,55,2270.0,0
L101577,Ford,2010,134601.0,1.7,petrol,automatic,wagon,1.0,full,0,Moscow,7,4420.0,1
L102423,Ford,2025,36651.0,2.1,diesel,automatic,sedan,3.0,partial,0,Moscow,4,25420.0,1
L103347,Toyota,2018,153804.0,1.9,diesel,automatic,hatchback,1.0,partial,1,Sochi,166,8310.0,0
L103642,Skoda,2022,78997.0,,electric,automatic,sedan,3.0,none,0,Novosibirsk,210,18040.0,0
L100400,Toyota,2015,50310.0,2.2,hybrid,manual,sedan,1.0,full,0,Kazan,8,9660.0,1
L100697,Toyota,2018,138922.0,0.9,diesel,automatic,hatchback,3.0,,0,Novosibirsk,49,7460.0,0
L102188,Renault,2015,73176.0,1.7,petrol,manual,suv,1.0,full,0,Yekaterinburg,17,7270.0,1
L103759,Kia,2021,104820.0,1.9,hybrid,manual,wagon,2.0,partial,0,moscow,86,17920.0,0
L100694,Toyota,2016,-1.0,1.5,petrol,manual,sedan,2.0,,1,Sochi,42,6160.0,0
L100346,Ford,2016,201446.0,3.0,diesel,manual,hatchback,1.0,full,1,Yekaterinburg,11,5750.0,1
L100278,Ford,2018,47622.0,1.1,diesel,manual,sedan,4.0,full,1,Moscow,15,11280.0,1
L103386,Toyota,2013,282170.0,1.4,petrol,manual,sedan,2.0,partial,1,Moscow,123,4340.0,0
L103726,Volkswagen,2019,97412.0,2.3,hybrid,automatic,sedan,2.0,none,0,Yekaterinburg,53,14030.0,0
L102605,BMW,2013,123199.0,1.2,petrol,automatic,wagon,2.0,full,0,Kazan,3,5490.0,1
L100560,Toyota,2010,96115.0,1.7,diesel,manual,wagon,1.0,partial,1,Moscow,51,4470.0,0
L101835,Toyota,2017,306832.0,2.7,petrol,automatic,hatchback,1.0,none,0,Moscow,62,7030.0,0
L100270,Ford,2022,51309.0,1.3,petrol,automatic,hatchback,,none,0,Moscow,55,11450.0,0
L101428,BMW,2011,176399.0,0.9,petrol,manual,hatchback,5.0,full,0,Kazan,14,3210.0,1
L102796,BMW,2012,37701.0,2.0,hybrid,automatic,hatchback,2.0,none,0,Moscow,3,8420.0,1
L103259,Renault,2023,32242.0,1.7,petrol,automatic,hatchback,3.0,full,0,Moscow,5,17950.0,1
L101956,Skoda,2019,79124.0,1.9,hybrid,manual,suv,1.0,full,1,Novosibirsk,10,13210.0,1
L103098,Hyundai,2016,195695.0,3.0,diesel,manual,sedan,2.0,partial,0,Kazan,53,7300.0,0
L100300,Kia,2025,500.0,1.6,petrol,manual,hatchback,2.0,partial,0,Sochi,3,28790.0,1
L100748,BMW,2009,216519.0,1.5,petrol,manual,wagon,4.0,partial,0,Yekaterinburg,50,2970.0,0
L101290,Skoda,2017,66194.0,1.3,hybrid,manual,hatchback,2.0,full,1,Yekaterinburg,20,7060.0,1
L101156,Skoda,2019,54615.0,1.4,petrol,manual,hatchback,1.0,full,1,Moscow,5,10590.0,1
L102883,Volkswagen,2021,76059.0,1.8,petrol,automatic,hatchback,2.0,partial,0,Yekaterinburg,15,15110.0,1
L100863,Kia,2011,172552.0,1.6,diesel,manual,suv,1.0,full,0,Moscow,91,4670.0,0
L102908,Volkswagen,2021,67651.0,2.2,diesel,automatic,sedan,3.0,none,0,Moscow,1,18330.0,1
L900051,Volkswagen,2012,242729.0,1.8,petrol,automatic,sedan,1.0,none,0,Novosibirsk,4,3810.0,1
L101695,BMW,2017,-1.0,2.0,petrol,automatic,sedan,1.0,full,0,Kazan,13,13270.0,1
L101005,Toyota,2009,174702.0,2.1,petrol,automatic,hatchback,2.0,full,0,Moscow,20,3280.0,1
L100195,Volkswagen,2014,103103.0,2.3,hybrid,manual,hatchback,5.0,full,0,Moscow,56,6860.0,0
L102734,Toyota,2018,129624.0,1.7,diesel,manual,wagon,3.0,none,0,Moscow,13,10950.0,1
L102008,Toyota,2023,60777.0,1.2,PETROL,automatic,suv,1.0,none,0,Moscow,55,27400.0,0
L101021,Skoda,2015,48701.0,2.6,diesel,automatic,hatchback,1.0,full,1,Moscow,149,8000.0,0
L101539,Volkswagen,2010,221750.0,1.3,petrol,automatic,hatchback,3.0,partial,0,Moscow,7,3390.0,1
L900013,Toyota,2012,269391.0,1.3,petrol,manual,wagon,1.0,full,1,Kazan,68,3180.0,0
L102597,Toyota,2019,87035.0,0.9,diesel,automatic,sedan,2.0,none,0,Moscow,10,11150.0,1
L101325,Toyota,2023,38582.0,1.0,hybrid,manual,hatchback,2.0,full,0,Kazan,13,16240.0,1
L101371,BMW,2015,71062.0,1.9,petrol,manual,sedan,,none,1,Novosibirsk,114,6520.0,0
L102828,Skoda,2019,81063.0,2.8,petrol,manual,hatchback,4.0,,0,Kazan,5,8160.0,1
L101198,Skoda,2013,202538.0,2.1,diesel,automatic,suv,4.0,none,0,Kazan,94,4530.0,0
L100544,Volkswagen,2012,158293.0,1.9,petrol,automatic,sedan,1.0,full,0,Moscow,1,5670.0,1
L101897,Kia,2016,165984.0,3.1,diesel,manual,sedan,2.0,full,0,yekaterinburg,60,7360.0,0
L103816,Kia,2017,210763.0,1.2,petrol,automatic,wagon,5.0,full,1,Moscow,5,6250.0,1
L103266,Kia,2007,157369.0,1.9,diesel,automatic,sedan,1.0,none,0,Moscow,69,2530.0,0
L100047,Hyundai,2020,80957.0,2.2,diesel,automatic,suv,1.0,partial,0,Kazan,6,15750.0,1
L104150,Volkswagen,2016,178806.0,2.0,diesel,manual,hatchback,2.0,partial,1,Novosibirsk,48,4680.0,0
L100657,Hyundai,2018,96103.0,1.6,hybrid,automatic,suv,2.0,none,0,Sochi,62,11710.0,0
L100690, BMW ,2011,238220.0,1.9,petrol,manual,sedan,1.0,,0,Novosibirsk,41,4090.0,0
L102403,Kia,2016,217195.0,2.6,hybrid,automatic,suv,2.0,none,0,Kazan,2,7830.0,1
L101623,Hyundai,2019,69899.0,,electric,automatic,wagon,2.0,,0,Kazan,106,15870.0,0
L100909,Ford,2017,157763.0,1.7,hybrid,manual,wagon,3.0,partial,0,Novosibirsk,4,6910.0,1
L101563,Ford,2016,273449.0,1.5,petrol,manual,,2.0,partial,1,Novosibirsk,39,3710.0,0
L100183,Renault,2014,45139.0,2.1,diesel,manual,suv,1.0,full,0,Sochi,2,7790.0,1
L101295,Hyundai,2008,271019.0,2.0,petrol,automatic,suv,3.0,partial,0,Novosibirsk,108,2100.0,0
L102363,Volkswagen,2017,71722.0,2.2,petrol,automatic,sedan,2.0,full,0,Kazan,17,9160.0,1
L104176,Renault,2010,,1.1,hybrid,manual,suv,5.0,full,0,Moscow,91,4150.0,0
L102608,Kia,2012,227648.0,1.6,diesel,manual,sedan,2.0,full,0,Yekaterinburg,95,3750.0,0
L103650,Toyota,2015,,1.7,petrol,automatic,suv,1.0,partial,0,Moscow,5,8240.0,1
L100259,BMW,2012,191305.0,1.3,petrol,manual,wagon,3.0,full,1,Novosibirsk,51,4490.0,0
L100981,Volkswagen,2015,153788.0,2.2,petrol,manual,wagon,3.0,partial,0,Moscow,48,6070.0,0
L103145,Skoda,2010,345882.0,1.6,petrol,automatic,sedan,3.0,full,0,Yekaterinburg,23,2250.0,1
L100518,Volkswagen,2014,207888.0,2.4,petrol,automatic,wagon,2.0,full,0,Sochi,8,5630.0,1
L103232,Hyundai,2010,231729.0,1.7,diesel,manual,hatchback,2.0,full,0,Moscow,83,2610.0,0
L100043,Renault,2007,430000.0,1.1,petrol,manual,wagon,1.0,partial,1,Moscow,49,1000.0,0
L102833,Volkswagen,2012,107977.0,2.0,diesel,manual,sedan,1.0,partial,0,Novosibirsk,4,4270.0,1
L100568,Skoda,2017,42283.0,1.5,PETROL,manual,suv,2.0,full,0,Moscow,21,12170.0,1
L102253,Volkswagen,2021,98594.0,2.0,petrol,manual,wagon,2.0,partial,0,Novosibirsk,69,19160.0,0
L100570,Kia,2013,,1.6,diesel,automatic,suv,2.0,full,0,Yekaterinburg,49,6240.0,0
L103645,Toyota,2013,46518.0,1.6,diesel,automatic,sedan,3.0,full,1,Moscow,8,5380.0,1
L101936,Volkswagen,2016,266343.0,1.6,diesel,manual,hatchback,1.0,full,0,Novosibirsk,79,5330.0,0
L103312,Volkswagen,2018,225366.0,1.8,petrol,automatic,hatchback,2.0,partial,1,Sochi,11,6450.0,1
L100261,Renault,2014,235673.0,2.1,petrol,manual,wagon,2.0,full,1,Sochi,29,4220.0,1
L101100,Renault,2017,107543.0,2.3,petrol,automatic,suv,3.0,full,1,Moscow,3,8560.0,1
L101366,Toyota,2019,109166.0,2.3,hybrid,automatic,hatchback,4.0,full,0,Kazan,17,13140.0,1
L103075,Skoda,2019,64090.0,2.0,petrol,automatic,hatchback,1.0,none,0,Sochi,20,12630.0,1
L101681,Renault,2011,303514.0,1.3,petrol,manual,hatchback,3.0,full,0,Moscow,13,2210.0,1
L101043,BMW,2022,36710.0,1.8,petrol,automatic,wagon,,full,1,Kazan,149,25740.0,0
L101602,Renault,2019,28198.0,1.8,petrol,automatic,sedan,2.0,,0,Yekaterinburg,7,15630.0,1
L101116,Renault,2022,63295.0,1.7,petrol,manual,,1.0,none,0,Kazan,59,12300.0,0
L101648,Toyota,2018,65246.0,1.7,petrol,automatic,suv,2.0,,0,Novosibirsk,77,10000.0,0
L101315,Ford,2025,500.0,1.5,diesel,automatic,suv,1.0,partial,1,Yekaterinburg,142,25920.0,0
L104088,Hyundai,2014,1320330.0,,electric,automatic,suv,2.0,none,0,Novosibirsk,48,7130.0,0
L100777,BMW,2015,300059.0,1.6,petrol,automatic,suv,2.0,full,0,Yekaterinburg,1,7580.0,1
L103254, Renault ,2021,97246.0,1.1,PETROL,automatic,sedan,1.0,partial,0,Novosibirsk,85,12180.0,0
L101225,BMW,2009,273742.0,1.5,petrol,manual,hatchback,2.0,full,1,Novosibirsk,16,2120.0,1
L103368,Ford,2014,42448.0,2.0,DIESEL,manual,suv,2.0,none,0,Moscow,78,8770.0,0
L100995,Toyota,2016,-1.0,1.8,petrol,manual,suv,2.0,,1,Sochi,57,10030.0,0
L101533,Volkswagen,2016,,1.5,petrol,automatic,wagon,1.0,partial,0,Kazan,42,9650.0,0
L102664,Hyundai,2016,126760.0,2.7,petrol,manual,sedan,2.0,,0,Kazan,133,6270.0,0
L104167,Hyundai,2016,218514.0,2.5,hybrid,manual,hatchback,1.0,partial,0,Kazan,142,6490.0,0
L101450,Skoda,2017,115199.0,1.1,petrol,automatic,hatchback,2.0,full,0,Kazan,6,6780.0,1
L100279,Kia,2012,109824.0,1.6,petrol,automatic,hatchback,5.0,partial,1,Moscow,59,3110.0,0
L103450,Kia,2017,182249.0,1.8,petrol,manual,suv,2.0,full,0,Moscow,32,10240.0,0
L103873,Skoda,2015,137419.0,1.9,petrol,automatic,suv,1.0,full,0,Kazan,8,7690.0,1
L103684,Volkswagen,2015,223271.0,1.9,DIESEL,manual,suv,2.0,full,0,Moscow,4,7910.0,1
L104101,Skoda,2017,39941.0,1.8,diesel,manual,wagon,1.0,full,0,Sochi,6,11550.0,1
L102130,BMW,2014,126097.0,1.5,petrol,automatic,sedan,2.0,none,1,Sochi,56,7140.0,0
L103057, Renault ,2023,,1.6,petrol,manual,hatchback,3.0,partial,0,Moscow,25,18990.0,1
L102246,BMW,2010,167298.0,2.9,diesel,automatic,wagon,3.0,partial,1,Moscow,56,4980.0,0
L100975,Kia,2013,212008.0,1.2,petrol,automatic,hatchback,2.0,none,1,Yekaterinburg,105,3270.0,0
L103521,Kia,2015,136178.0,0.9,diesel,automatic,sedan,2.0,full,0,Moscow,4,6390.0,1
L104126,Ford,2015,211731.0,1.3,petrol,automatic,hatchback,4.0,partial,0,Moscow,149,5370.0,0
L103867,Volkswagen,2025,12778.0,1.9,petrol,automatic,suv,2.0,partial,0,Moscow,100,38700.0,0
L102145,Renault,2012,99812.0,2.0,petrol,automatic,sedan,2.0,full,1,moscow,21,5150.0,1
L101728,Skoda,2019,143859.0,0.9,diesel,manual,hatchback,3.0,full,0,Moscow,94,8120.0,0
L900002, Skoda ,2012,57659.0,1.2,PETROL,manual,wagon,3.0,full,0,Kazan,10,4300.0,1
L104093,Renault,2011,282865.0,1.4,petrol,automatic,suv,3.0,full,1,Sochi,52,2950.0,0
L103215,Volkswagen,2011,217036.0,2.1,petrol,automatic,hatchback,1.0,full,1,Moscow,66,3160.0,0
L100170,Volkswagen,2013,124236.0,2.1,hybrid,manual,sedan,2.0,full,1,Moscow,8,6440.0,1
L900017,Skoda,2015,45574.0,2.2,petrol,manual,hatchback,3.0,full,0,Sochi,9,7730.0,1
L101401,BMW,2019,71932.0,1.4,petrol,manual,suv,1.0,partial,1,Kazan,10,15700.0,1
L101173,Toyota,2018,57276.0,1.8,petrol,manual,hatchback,2.0,none,1,Yekaterinburg,12,6980.0,1
L101431,Ford,2014,248106.0,1.5,diesel,automatic,wagon,2.0,full,1,Moscow,9,4280.0,1
L103653,Kia,2019,,2.0,petrol,automatic,wagon,2.0,full,0,Novosibirsk,4,7290.0,1
L103536,Renault,2008,138593.0,1.8,petrol,automatic,suv,2.0,,0,Moscow,2,2860.0,1
L100729,Hyundai,2021,54152.0,2.4,petrol,manual,suv,1.0,full,0,Novosibirsk,97,17090.0,0
L104180,Volkswagen,2021,105361.0,0.9,diesel,automatic,hatchback,2.0,partial,0,Kazan,101,9630.0,0
L101700,Hyundai,2014,,2.4,diesel,automatic,sedan,1.0,full,0,yekaterinburg,11,5690.0,1
L101457,BMW,2017,69059.0,2.2,petrol,automatic,sedan,3.0,full,0,Novosibirsk,11,14600.0,1
L100375,Ford,2018,52956.0,1.8,hybrid,manual,sedan,1.0,none,0,Kazan,92,10390.0,0
L102587,Hyundai,2013,88081.0,1.4,petrol,manual,hatchback,2.0,full,1,Novosibirsk,11,3870.0,1
L101234,Skoda,2014,282077.0,2.3,diesel,manual,wagon,1.0,full,0,Yekaterinburg,17,5100.0,1
L101340,Volkswagen,2018,118633.0,1.7,diesel,automatic,hatchback,3.0,full,0,Moscow,5,12070.0,1
L103694,Ford,2014,127523.0,1.9,petrol,manual,hatchback,5.0,full,1,Moscow,3,4420.0,1
L101938,Volkswagen,2017,264723.0,1.3,diesel,automatic,hatchback,2.0,full,0,Yekaterinburg,67,6380.0,0
L102798,Volkswagen,2015,37313.0,1.2,diesel,automatic,sedan,,full,1,Moscow,3,6560.0,1
L100862,Skoda,2015,42220.0,1.3,diesel,manual,sedan,3.0,,0,Sochi,93,8160.0,0
L100755,Toyota,2019,98963.0,1.7,petrol,automatic,sedan,2.0,partial,0,Sochi,72,10860.0,0
L100833,Skoda,2016,183839.0,,electric,automatic,sedan,2.0,full,1,Moscow,118,7420.0,0
L102042,Renault,2018,84134.0,1.8,petrol,manual,suv,1.0,partial,0,Sochi,16,11580.0,1
L103825,Renault,2018,57740.0,2.1,diesel,automatic,hatchback,2.0,full,0,Moscow,7,10830.0,1
L103552,Ford,2012,199135.0,1.7,petrol,manual,sedan,3.0,full,0,Moscow,75,4110.0,0
L103984,Ford,2021,30499.0,1.7,diesel,manual,suv,1.0,partial,1,Sochi,65,15390.0,0
L101762,Skoda,2017,110645.0,1.9,petrol,automatic,wagon,3.0,full,0,Novosibirsk,104,8790.0,0
L103530,Volkswagen,2014,97733.0,1.9,diesel,automatic,hatchback,4.0,full,0,Kazan,5,5470.0,1
L100533,Ford,2021,26643.0,1.8,petrol,manual,hatchback,2.0,none,0,Yekaterinburg,7,10190.0,1
L102090,Hyundai,2023,60619.0,1.9,petrol,automatic,hatchback,1.0,full,0,Sochi,82,21190.0,0
L100920,Toyota,2014,287200.0,2.3,petrol,manual,wagon,2.0,none,0,Sochi,141,4270.0,0
L101114,Renault,2011,217499.0,1.6,petrol,manual,wagon,3.0,full,0,Kazan,4,2370.0,1
L101859,Toyota,2014,53013.0,1.5,hybrid,manual,,1.0,,0,Moscow,16,7980.0,1
L102578,Toyota,2018,86392.0,1.5,petrol,automatic,sedan,2.0,partial,1,Kazan,3,7200.0,1
L103128,Hyundai,2017,111330.0,0.9,petrol,automatic,wagon,2.0,partial,0,Novosibirsk,3,7700.0,1
L103270,Toyota,2014,163650.0,2.1,diesel,manual,suv,1.0,full,1,Moscow,76,6590.0,0
L101223,Toyota,2020,192484.0,1.9,diesel,automatic,sedan,1.0,,1,Moscow,2,12380.0,1
L103016,Kia,2022,69521.0,2.2,petrol,automatic,sedan,2.0,,0,Yekaterinburg,76,16640.0,0
L100575,Ford,2019,129654.0,2.2,petrol,manual,sedan,3.0,partial,0,Yekaterinburg,57,10640.0,0
L100185,Toyota,2011,210096.0,1.8,petrol,manual,suv,4.0,partial,1,Moscow,56,3260.0,0
L900019,Volkswagen,2016,90123.0,1.6,diesel,manual,wagon,2.0,full,1,Kazan,54,6360.0,0
L104174,Hyundai,2022,92781.0,2.4,petrol,automatic,suv,1.0,partial,0,Sochi,106,22260.0,0
L102820,Hyundai,2008,348675.0,1.0,diesel,automatic,,2.0,partial,1,Moscow,1,1530.0,1
L102152,Volkswagen,2015,203117.0,2.5,petrol,manual,hatchback,1.0,full,1,Moscow,16,7070.0,1
L101740,Skoda,2022,37613.0,1.9,diesel,manual,hatchback,1.0,none,0,Sochi,7,15310.0,1
L101991,BMW,2016,181747.0,0.9,petrol,automatic,suv,2.0,partial,0,Novosibirsk,9,9350.0,1
L101687,Ford,2023,36447.0,2.1,diesel,automatic,hatchback,4.0,full,0,Moscow,8,20600.0,1
L100537,Ford,2018,36508.0,1.9,diesel,automatic,sedan,2.0,partial,0,Novosibirsk,3,9670.0,1
L104146,BMW,2016,,2.1,petrol,automatic,hatchback,2.0,partial,0,Yekaterinburg,6,10850.0,1
L103662,Toyota,2015,94903.0,2.2,diesel,automatic,suv,2.0,full,0,Novosibirsk,4,12240.0,1
L103187,Kia,2013,196289.0,1.8,diesel,manual,sedan,3.0,full,0,Moscow,2,4260.0,1
L102314,Renault,2009,388664.0,1.9,hybrid,automatic,hatchback,4.0,full,1,Moscow,84,1620.0,0
L102653,Volkswagen,2016,102366.0,2.3,petrol,manual,suv,4.0,full,1,Novosibirsk,131,7910.0,0
L101870,Kia,2011,210227.0,2.0,petrol,automatic,sedan,2.0,none,0,Moscow,177,3750.0,0
L102207,Skoda,2015,-1.0,1.6,DIESEL,manual,hatchback,3.0,partial,0,Yekaterinburg,44,7640.0,0
L103924,Toyota,2015,3683850.0,2.2,petrol,automatic,hatchback,3.0,,0,Moscow,52,4250.0,0
L100344,Volkswagen,2017,83817.0,1.5,hybrid,automatic,wagon,1.0,full,0,Kazan,68,11410.0,0
L100541,Renault,2017,107453.0,1.3,petrol,automatic,sedan,1.0,full,0,Moscow,4,7800.0,1
L100186,BMW,2020,68175.0,1.3,diesel,automatic,sedan,3.0,none,0,Kazan,59,18530.0,0
L102200,Toyota,2009,141118.0,1.7,diesel,manual,suv,2.0,none,1,Moscow,70,3600.0,0
L102527,Volkswagen,2019,249845.0,1.6,diesel,manual,sedan,1.0,full,0,Yekaterinburg,79,9490.0,0
L101172,Skoda,2014,128822.0,2.0,hybrid,automatic,suv,1.0,full,1,Moscow,9,8440.0,1
L103660,Kia,2017,75206.0,1.8,petrol,automatic,,2.0,partial,0,Yekaterinburg,8,6930.0,1
L103230,Kia,2009,278743.0,2.0,diesel,automatic,suv,4.0,partial,0,Yekaterinburg,110,2850.0,0
L102478,Ford,2011,112672.0,1.5,petrol,automatic,hatchback,,full,1,Kazan,12,3100.0,1
L103597,Volkswagen,2017,69534.0,2.0,petrol,manual,wagon,1.0,none,0,Yekaterinburg,98,8750.0,0
L102819,Renault,2012,249006.0,1.5,petrol,manual,hatchback,1.0,,1,Moscow,50,2700.0,0
L102380,Toyota,2014,40045.0,1.3,petrol,manual,wagon,1.0,partial,1,Yekaterinburg,114,6080.0,0
L101311,Hyundai,2011,429357.0,1.7,petrol,automatic,wagon,2.0,,0,Novosibirsk,113,2110.0,0
L103236,Renault,2016,123694.0,1.7,petrol,automatic,sedan,2.0,full,0,Kazan,14,7020.0,1
L102694,Kia,2019,129913.0,1.9,petrol,manual,,3.0,full,0,Sochi,3,10490.0,1
L103562,Volkswagen,2015,77913.0,1.9,petrol,automatic,hatchback,1.0,none,0,Kazan,51,6930.0,0
L100001,Skoda,2023,31399.0,2.0,diesel,manual,hatchback,2.0,full,0,Kazan,109,17740.0,0
L101849,Hyundai,2008,175317.0,1.6,petrol,automatic,hatchback,3.0,full,0,Kazan,72,1570.0,0
L100046,Toyota,2020,50398.0,2.4,diesel,manual,sedan,2.0,,0,Sochi,11,15230.0,1
L101204,Renault,2024,49392.0,,electric,automatic,wagon,2.0,full,0,Sochi,58,32730.0,0
L103323,Volkswagen,2021,46944.0,2.4,petrol,automatic,wagon,3.0,partial,0,Sochi,47,15620.0,0
L101139,Kia,2014,303709.0,2.1,petrol,manual,sedan,5.0,,0,Sochi,93,3400.0,0
L101477,Renault,2015,250844.0,1.0,petrol,automatic,wagon,2.0,partial,0,Sochi,64,5140.0,0
L101297,Toyota,2021,53108.0,2.1,diesel,automatic,hatchback,5.0,partial,0,Sochi,94,14070.0,0
L103170,Hyundai,2018,113504.0,2.0,diesel,manual,hatchback,3.0,full,0,Novosibirsk,102,8500.0,0
L101305,Toyota,2019,91699.0,,electric,automatic,sedan,3.0,none,0,Sochi,100,11100.0,0
L103367,Toyota,2021,108255.0,1.7,diesel,automatic,hatchback,3.0,partial,0,Moscow,61,15100.0,0
L103138,Volkswagen,2020,,2.5,petrol,automatic,suv,2.0,full,0,Novosibirsk,54,19370.0,0
L101992,Hyundai,2017,121041.0,1.9,diesel,manual,sedan,1.0,full,0,Sochi,63,10840.0,0
L104094,Skoda,2011,113269.0,1.5,petrol,automatic,hatchback,4.0,full,1,Moscow,80,3950.0,0
L104068,Ford,2017,35946.0,,electric,automatic,wagon,2.0,full,0,Novosibirsk,75,13150.0,0
L104118,BMW,2012,210286.0,1.9,petrol,manual,wagon,1.0,none,1,Novosibirsk,6,3760.0,1
L103987,Volkswagen,2015,53071.0,2.6,petrol,automatic,hatchback,1.0,partial,0,Moscow,1,8200.0,1
L103307,Volkswagen,2016,106299.0,2.2,hybrid,automatic,sedan,4.0,full,0,Moscow,95,9960.0,0
L102037,Toyota,2010,280312.0,1.8,hybrid,manual,sedan,2.0,full,1,Moscow,101,3100.0,0
L103235,Volkswagen,2014,136135.0,0.9,petrol,manual,suv,2.0,full,0,Yekaterinburg,79,7290.0,0
L102988,Toyota,2012,79799.0,,electric,automatic,suv,2.0,,0,Moscow,8,9990.0,1
L103727,Toyota,2020,54785.0,2.7,diesel,automatic,suv,2.0,partial,1,Moscow,93,17180.0,0
L101144,Renault,2016,120674.0,3.0,petrol,automatic,suv,1.0,none,0,Novosibirsk,54,9850.0,0
L100434,Ford,2015,137520.0,,electric,automatic,suv,1.0,full,0,Sochi,3,9040.0,1
L102365,Skoda,2010,108176.0,1.7,petrol,manual,hatchback,1.0,,0,Moscow,5,3230.0,1
L101212,Hyundai,2016,65792.0,2.0,petrol,manual,suv,2.0,none,0,Kazan,58,7750.0,0
L100055,Kia,2019,31020.0,1.6,petrol,manual,sedan,1.0,full,1,Moscow,12,12870.0,1
L103531,Renault,2020,55731.0,2.2,petrol,manual,suv,1.0,full,0,Novosibirsk,17,13740.0,1
L100768,Skoda,2020,79818.0,2.1,hybrid,automatic,suv,2.0,none,0,Moscow,76,20890.0,0
L102677,Renault,2015,92390.0,1.4,diesel,automatic,hatchback,1.0,full,0,Yekaterinburg,2,7180.0,1
L101387,Skoda,2017,115121.0,0.9,diesel,automatic,suv,4.0,partial,0,Kazan,79,7420.0,0
L103257,BMW,2013,90422.0,1.3,petrol,automatic,sedan,3.0,none,1,Yekaterinburg,11,4910.0,1
L100087,Toyota,2016,97413.0,2.2,DIESEL,automatic,hatchback,3.0,partial,0,Moscow,91,7600.0,0
L102861,Ford,2018,75175.0,1.6,hybrid,automatic,sedan,1.0,full,0,Kazan,7,12190.0,1
L101464,Toyota,2016,74377.0,1.5,hybrid,automatic,suv,3.0,partial,0,Kazan,4,9920.0,1
L102414,Hyundai,2011,322416.0,2.8,petrol,manual,wagon,1.0,partial,0,Novosibirsk,8,2160.0,1
L102212,Ford,2012,165111.0,1.2,petrol,manual,hatchback,1.0,full,1,Yekaterinburg,93,2730.0,0
L103442,Toyota,2025,20040.0,1.5,diesel,manual,hatchback,2.0,none,0,Moscow,10,26020.0,1
L102415,Volkswagen,2015,112629.0,2.4,diesel,automatic,hatchback,2.0,full,1,Moscow,57,6410.0,0
L102818,Toyota,2018,82736.0,1.5,petrol,manual,wagon,2.0,none,1,Kazan,47,9080.0,0
L101065,Hyundai,2012,225397.0,1.5,diesel,automatic,suv,2.0,full,1,Kazan,8,3980.0,1
L101986,Skoda,2020,122856.0,1.6,petrol,manual,wagon,1.0,full,0,Novosibirsk,10,11080.0,1
L102235,Toyota,2010,255364.0,2.0,petrol,manual,hatchback,3.0,full,1,Sochi,78,2420.0,0
L103046,Hyundai,2016,179711.0,1.6,petrol,manual,hatchback,1.0,partial,0,Kazan,57,5240.0,0
L103137,BMW,2019,79207.0,,electric,automatic,hatchback,3.0,full,0,Sochi,60,20720.0,0
L101027,Skoda,2020,,1.8,petrol,manual,sedan,3.0,partial,0,Yekaterinburg,56,12100.0,0
L102262,BMW,2023,60871.0,1.7,petrol,manual,hatchback,,full,0,Sochi,51,28150.0,0
L100622,Ford,2020,148806.0,1.9,petrol,manual,wagon,1.0,partial,0,Moscow,14,10090.0,1
L103820,Skoda,2018,116226.0,1.3,petrol,automatic,sedan,1.0,none,0,Moscow,6,11100.0,1
L101003,Volkswagen,2017,36318.0,2.4,petrol,manual,suv,1.0,full,1,Kazan,5,11830.0,1
L101253,Kia,2015,105652.0,1.5,petrol,manual,wagon,1.0,full,0,Moscow,2,8030.0,1
L103739,BMW,2013,408056.0,1.1,petrol,automatic,hatchback,1.0,none,1,Sochi,63,2680.0,0
L101381,Skoda,2015,45574.0,2.2,petrol,manual,hatchback,3.0,full,0,Sochi,9,7730.0,1
L103221,Toyota,2020,26116.0,1.5,hybrid,automatic,hatchback,1.0,partial,0,Novosibirsk,66,16760.0,0
L100442,Toyota,2023,39754.0,1.4,diesel,automatic,hatchback,5.0,full,0,Yekaterinburg,76,17660.0,0
L102540,Volkswagen,2016,72268.0,2.0,diesel,automatic,hatchback,1.0,,0,Kazan,62,9760.0,0
L102500,Ford,2008,310468.0,1.3,PETROL,automatic,wagon,2.0,none,0,Kazan,41,1990.0,0
L103376,Renault,2015,70353.0,2.0,petrol,automatic,suv,1.0,partial,1,Yekaterinburg,168,6050.0,0
L102790,Toyota,2022,75661.0,1.2,petrol,manual,suv,2.0,full,0,Moscow,6,19820.0,1
L102336,Skoda,2024,27667.0,1.9,petrol,automatic,suv,1.0,full,0,Sochi,35,29810.0,0
L102228,Skoda,2014,248505.0,1.9,petrol,automatic,sedan,5.0,full,1,Kazan,42,3730.0,0
L103193,Ford,2014,155497.0,1.0,petrol,manual,sedan,5.0,full,1,Yekaterinburg,92,3010.0,0
L102273,Toyota,2020,33572.0,1.6,petrol,manual,sedan,1.0,partial,0,Moscow,11,18450.0,1
L103809,BMW,2014,265244.0,2.0,hybrid,manual,sedan,3.0,none,0,Moscow,72,6130.0,0
L102528,Kia,2018,72069.0,1.1,petrol,manual,suv,3.0,full,1,Moscow,53,11420.0,0
L104000,Skoda,2016,115057.0,2.3,hybrid,automatic,hatchback,2.0,full,0,Sochi,15,8480.0,1
L100137,BMW,2019,125420.0,1.5,petrol,automatic,wagon,4.0,full,0,Moscow,8,13050.0,1
L102842,Volkswagen,2019,18840.0,1.4,diesel,manual,hatchback,3.0,partial,0,Sochi,97,12190.0,0
L103026, Renault ,2013,248228.0,1.6,petrol,automatic,wagon,1.0,full,0,Kazan,1,3720.0,1
L104007,Skoda,2014,158649.0,1.8,PETROL,manual,suv,2.0,partial,0,Kazan,49,5840.0,0
L101932,Skoda,2015,269744.0,0.9,diesel,manual,sedan,2.0,partial,0,Kazan,111,4260.0,0
L100404,Toyota,2011,74524.0,2.0,petrol,manual,sedan,5.0,none,0,Moscow,92,5750.0,0
L100691,Hyundai,2017,215652.0,2.5,hybrid,automatic,hatchback,2.0,partial,1,Moscow,81,7500.0,0
L103748,Toyota,2019,72491.0,3.1,diesel,automatic,hatchback,2.0,partial,0,Kazan,66,15290.0,0
L102148,Toyota,2025,21218.0,1.6,petrol,automatic,suv,2.0,partial,0,Yekaterinburg,47,29170.0,0
L101188,BMW,2017,93769.0,1.8,hybrid,automatic,,1.0,full,0,Kazan,114,13610.0,0
L100053,Toyota,2016,121418.0,2.3,diesel,manual,sedan,3.0,full,0,Sochi,121,6840.0,0
L100269,Kia,2014,,1.4,PETROL,manual,hatchback,1.0,full,0,Yekaterinburg,3,5640.0,1
L102797,Renault,2018,168483.0,1.4,diesel,automatic,,2.0,,0,Novosibirsk,128,8940.0,0
L101601,Hyundai,2012,99046.0,1.1,petrol,manual,sedan,3.0,full,0,Novosibirsk,13,3200.0,1
L100659,Kia,2022,68107.0,2.2,diesel,manual,suv,3.0,,0,Kazan,8,19120.0,1
L101389,Volkswagen,2016,,1.1,hybrid,automatic,suv,1.0,partial,0,Moscow,5,14950.0,1
L103593,Hyundai,2016,84808.0,1.3,petrol,manual,hatchback,2.0,full,0,Moscow,4,6720.0,1
L103286,Toyota,2016,124893.0,2.2,petrol,automatic,wagon,3.0,partial,0,Sochi,42,9730.0,0
L103651,Volkswagen,2016,209114.0,1.9,petrol,manual,suv,4.0,full,0,Moscow,52,9500.0,0
L102453,BMW,2014,132732.0,1.9,diesel,automatic,hatchback,1.0,full,0,Moscow,81,9040.0,0
L102689,Toyota,2016,96373.0,1.3,petrol,manual,suv,3.0,full,0,Moscow,3,11100.0,1
L103638,Renault,2021,81350.0,2.3,petrol,automatic,hatchback,3.0,full,0,Novosibirsk,9,10730.0,1
L103305,BMW,2016,51129.0,2.5,hybrid,automatic,hatchback,4.0,none,0,Kazan,2,11630.0,1
L103505,Skoda,2023,68446.0,0.9,petrol,manual,suv,1.0,full,0,Yekaterinburg,10,19600.0,1
L103106,BMW,2015,130496.0,2.7,petrol,automatic,sedan,3.0,full,0,Sochi,141,10020.0,0
L101480,Renault,2020,,1.8,petrol,manual,suv,3.0,full,0,Kazan,125,13300.0,0
L101903,Kia,2014,173733.0,,electric,automatic,sedan,3.0,full,0,Moscow,9,7470.0,1
L100997,Renault,2017,34879.0,2.4,petrol,manual,suv,1.0,partial,0,Kazan,27,11240.0,1
L103858, Skoda ,2011,235273.0,2.0,petrol,automatic,sedan,1.0,full,1,Sochi,9,2690.0,1
L104140,Toyota,2016,183572.0,2.9,diesel,automatic,hatchback,2.0,partial,0,Sochi,93,6810.0,0
L103507,Hyundai,2014,163205.0,2.0,petrol,manual,suv,2.0,none,0,Novosibirsk,88,5810.0,0
L103652,Skoda,2025,33806.0,1.4,petrol,automatic,suv,2.0,none,0,Moscow,47,33870.0,0
L101980,Skoda,2017,23114.0,1.7,petrol,automatic,wagon,2.0,partial,0,Novosibirsk,10,7530.0,1
L103635,Ford,2022,31876.0,1.4,petrol,manual,sedan,2.0,partial,1,Sochi,45,16050.0,0
L100097,Skoda,2017,100819.0,2.1,petrol,manual,hatchback,1.0,full,0,Novosibirsk,2,7890.0,1
L103211,Kia,2013,216320.0,0.9,diesel,manual,sedan,2.0,full,0,Sochi,66,4410.0,0
L102160,Renault,2022,58889.0,1.7,petrol,manual,wagon,1.0,full,0,moscow,16,18740.0,1
L103872, Toyota ,2017,91423.0,2.7,petrol,manual,,1.0,partial,0,Kazan,54,10820.0,0
L101479,Kia,2023,55375.0,1.5,DIESEL,automatic,sedan,2.0,full,0,Moscow,13,21770.0,1
L102128,Volkswagen,2019,95311.0,1.9,diesel,automatic,sedan,2.0,full,0,Novosibirsk,8,14040.0,1
L102319,Kia,2017,122819.0,2.1,petrol,automatic,sedan,5.0,partial,0,Kazan,12,6860.0,1
L100039, Kia ,2012,430000.0,1.5,petrol,automatic,hatchback,1.0,none,0,Kazan,3,1940.0,1
L101123,Toyota,2012,124431.0,2.1,diesel,manual,hatchback,3.0,none,1,Sochi,93,3320.0,0
L100336,Skoda,2016,210288.0,1.8,petrol,manual,sedan,1.0,full,0,Moscow,3,9090.0,1
L100826,Volkswagen,2014,86582.0,2.1,diesel,automatic,sedan,1.0,full,1,Novosibirsk,52,5520.0,0
L101790,Ford,2022,72383.0,2.4,diesel,manual,sedan,1.0,partial,0,Moscow,39,20370.0,0
L102063,Renault,2016,263621.0,1.9,petrol,manual,wagon,2.0,full,1,Yekaterinburg,68,3830.0,0
L101844,Renault,2020,,1.4,hybrid,automatic,hatchback,2.0,full,0,Kazan,5,12030.0,1
L102050,Toyota,2013,90123.0,1.6,petrol,manual,hatchback,1.0,full,1,Novosibirsk,9,3960.0,1
L102274,Renault,2017,156738.0,1.4,petrol,manual,suv,1.0,full,1,Yekaterinburg,10,6340.0,1
L101948,Toyota,2014,128652.0,1.6,petrol,manual,suv,3.0,full,1,Kazan,10,6150.0,1
L104014,Renault,2020,64342.0,1.3,hybrid,manual,hatchback,1.0,none,0,Kazan,4,9050.0,1
L102245,Kia,2020,14485.0,1.6,diesel,automatic,hatchback,2.0,partial,0,Sochi,14,14420.0,1
L102849,BMW,2020,31899.0,1.5,diesel,automatic,sedan,3.0,none,0,Yekaterinburg,33,16400.0,0
L102323,Volkswagen,2016,90123.0,1.6,diesel,manual,wagon,2.0,full,1,Kazan,54,6360.0,0
L102631,Ford,2017,18701.0,2.4,diesel,automatic,hatchback,2.0,partial,0,Moscow,4,9150.0,1
L103309,Skoda,2019,57097.0,1.3,diesel,automatic,suv,2.0,full,0,Novosibirsk,161,13900.0,0
L102813,Kia,2023,24470.0,1.5,diesel,automatic,wagon,3.0,full,0,Sochi,137,25530.0,0
L100286,Volkswagen,2006,430000.0,1.5,diesel,automatic,hatchback,4.0,,0,Novosibirsk,136,1010.0,0
L101274,Volkswagen,2017,211643.0,2.3,petrol,automatic,hatchback,3.0,partial,0,Moscow,120,7180.0,0
L103746,Toyota,2013,236092.0,2.0,petrol,manual,wagon,3.0,partial,0,Yekaterinburg,35,4230.0,0
L102092,Kia,2014,173101.0,1.9,petrol,manual,suv,1.0,partial,1,Sochi,48,5230.0,0
L101946,Toyota,2020,8612.0,1.8,diesel,manual,hatchback,3.0,full,0,Novosibirsk,126,14990.0,0
L100361, Skoda ,2016,129083.0,1.2,hybrid,manual,sedan,1.0,full,0,Novosibirsk,7,7930.0,1
L103421,Ford,2025,,1.8,petrol,automatic,hatchback,2.0,partial,0,Moscow,4,27840.0,1
L103486,Skoda,2022,29680.0,0.9,petrol,automatic,hatchback,2.0,partial,0,Yekaterinburg,55,16300.0,0
L100320,Kia,2011,174085.0,2.1,hybrid,manual,wagon,2.0,full,0,Novosibirsk,11,3560.0,1
L102127,BMW,2011,232983.0,1.9,hybrid,manual,suv,1.0,none,0,Yekaterinburg,126,5630.0,0
L103814,Skoda,2020,68131.0,2.5,diesel,automatic,hatchback,2.0,partial,1,Kazan,50,13550.0,0
L101443,Volkswagen,2013,267677.0,2.5,petrol,automatic,wagon,2.0,,1,Moscow,65,4670.0,0
L100852,Hyundai,2021,8309.0,1.7,petrol,manual,sedan,2.0,full,0,Yekaterinburg,10,15500.0,1
L100728,BMW,2017,37885.0,2.3,diesel,manual,sedan,2.0,partial,0,Kazan,102,13170.0,0
L103879,Volkswagen,2015,176347.0,1.6,petrol,manual,sedan,2.0,none,0,Kazan,88,5000.0,0
L102166,Skoda,2016,143670.0,1.3,petrol,manual,hatchback,3.0,full,1,Sochi,77,4960.0,0
L900029,Renault,2012,249006.0,1.5,petrol,manual,hatchback,1.0,,1,Moscow,50,2700.0,0
L103734,Toyota,2019,117900.0,1.9,petrol,manual,sedan,2.0,partial,1,Moscow,85,10970.0,0
L102069,Hyundai,2016,78610.0,1.9,DIESEL,automatic,hatchback,3.0,full,0,Moscow,3,8870.0,1
L101781,Ford,2020,97394.0,1.5,diesel,manual,hatchback,1.0,partial,0,Moscow,51,12450.0,0
L102765,Ford,2015,213266.0,2.1,hybrid,automatic,suv,1.0,none,0,Novosibirsk,70,7110.0,0
L102334,Kia,2015,151040.0,1.3,petrol,automatic,sedan,,full,0,Sochi,8,6340.0,1
L102070, Kia ,2017,115522.0,1.4,petrol,automatic,hatchback,1.0,full,0,Sochi,5,7340.0,1
L103013,Kia,2018,45833.0,1.2,petrol,automatic,hatchback,2.0,partial,1,Yekaterinburg,51,7030.0,0
L103630,Skoda,2016,107208.0,1.4,petrol,automatic,wagon,1.0,partial,0,Yekaterinburg,10,8250.0,1
L101802,BMW,2019,-1.0,,electric,automatic,hatchback,1.0,full,0,Moscow,13,30070.0,1
L103789,Renault,2024,35814.0,1.5,petrol,automatic,suv,3.0,partial,0,Yekaterinburg,59,21290.0,0
L101302,Kia,2015,160814.0,1.8,diesel,manual,suv,1.0,partial,0,Novosibirsk,52,6220.0,0
L100770,Hyundai,2012,77334.0,2.4,petrol,manual,wagon,1.0,full,1,Sochi,2,4440.0,1
L103509,Hyundai,2022,31463.0,0.9,diesel,automatic,hatchback,2.0,,0,Moscow,8,20840.0,1
L101303,Kia,2017,114136.0,1.6,hybrid,automatic,sedan,2.0,none,0,Moscow,46,10660.0,0
L104194,Ford,2015,179684.0,0.9,hybrid,manual,sedan,1.0,full,0,Moscow,20,6460.0,1
L103282,Toyota,2015,83247.0,1.9,petrol,manual,hatchback,2.0,partial,1,Sochi,43,6370.0,0
L104057,Volkswagen,2014,120969.0,1.6,petrol,automatic,suv,3.0,none,0,Novosibirsk,105,6270.0,0
L100801,Ford,2017,138005.0,1.5,PETROL,automatic,hatchback,1.0,full,0,Novosibirsk,5,5640.0,1
L100331,Kia,2006,426365.0,2.1,diesel,manual,hatchback,1.0,none,0,Kazan,72,900.0,0
L102264,Skoda,2012,112931.0,2.3,diesel,automatic,sedan,3.0,,0,Moscow,37,5030.0,0
L103743,Ford,2013,209141.0,1.6,hybrid,manual,hatchback,3.0,full,0,Kazan,42,3750.0,0
L103721,Ford,2018,144210.0,2.0,DIESEL,manual,suv,1.0,full,0,Kazan,4,10700.0,1
L100866,Volkswagen,2016,123820.0,1.8,petrol,manual,hatchback,3.0,partial,0,Kazan,98,5950.0,0
L102736,Hyundai,2016,245397.0,1.3,diesel,manual,hatchback,3.0,full,0,Yekaterinburg,7,4620.0,1
L101190,Volkswagen,2015,92301.0,1.8,petrol,manual,hatchback,1.0,full,1,Kazan,10,6350.0,1
L103094,Toyota,2016,130769.0,2.0,petrol,automatic,wagon,1.0,partial,1,Moscow,18,10090.0,1
L101088,Volkswagen,2018,77255.0,3.0,petrol,automatic,hatchback,1.0,full,0,Kazan,2,11970.0,1
L103604,Hyundai,2017,106328.0,3.0,petrol,automatic,hatchback,2.0,full,0,Novosibirsk,103,7820.0,0
L103242,Renault,2016,184527.0,2.3,petrol,manual,sedan,1.0,partial,0,Kazan,5,6410.0,1
L103063, Skoda ,2021,92576.0,2.2,petrol,automatic,suv,2.0,partial,0,Novosibirsk,25,12180.0,1
L100695,Kia,2014,83383.0,1.1,petrol,automatic,suv,2.0,partial,0,Novosibirsk,8,6870.0,1
L100665,Skoda,2014,121683.0,2.4,petrol,automatic,hatchback,,none,0,Moscow,185,4400.0,0
L102013,Hyundai,2013,166509.0,1.6,diesel,automatic,suv,1.0,full,0,Moscow,40,5970.0,0
L103672,BMW,2021,42046.0,2.0,petrol,automatic,hatchback,1.0,partial,0,Novosibirsk,2,23620.0,1
L104155,Renault,2019,44357.0,2.7,petrol,manual,suv,3.0,,0,Yekaterinburg,104,14760.0,0
L101909,Hyundai,2021,38906.0,2.8,diesel,automatic,suv,3.0,partial,0,Moscow,56,25240.0,0
L103547,Renault,2012,170081.0,2.3,petrol,manual,hatchback,1.0,full,0,Kazan,8,3780.0,1
L101679,Hyundai,2018,52065.0,2.1,diesel,manual,wagon,3.0,full,0,Sochi,60,12170.0,0
L102002,Volkswagen,2024,20187.0,2.2,petrol,automatic,hatchback,1.0,full,0,Novosibirsk,49,21570.0,0
L102186,Skoda,2013,237408.0,1.6,petrol,automatic,wagon,1.0,partial,0,Yekaterinburg,3,3270.0,1
L100220,Toyota,2012,251448.0,2.5,DIESEL,automatic,sedan,2.0,partial,0,Sochi,46,4320.0,0
L103501,Hyundai,2014,92893.0,2.2,petrol,automatic,hatchback,2.0,partial,0,Moscow,4,5120.0,1
L100735,Toyota,2018,135466.0,1.9,petrol,automatic,hatchback,1.0,full,0,Yekaterinburg,8,8920.0,1
L100356,Kia,2017,155614.0,,electric,automatic,wagon,1.0,full,0,Sochi,9,10820.0,1
L102035,Kia,2014,255562.0,1.0,petrol,manual,wagon,5.0,full,0,Sochi,3,3850.0,1
L103401,Ford,2016,133294.0,2.0,diesel,automatic,sedan,2.0,full,0,Kazan,111,7240.0,0
L100716,Ford,2022,20588.0,2.5,petrol,manual,sedan,5.0,partial,0,Moscow,11,18290.0,1
L100821, Toyota ,2011,102737.0,1.0,PETROL,manual,hatchback,2.0,full,1,Yekaterinburg,76,3510.0,0
L104098,Ford,2017,145197.0,0.9,petrol,manual,hatchback,2.0,full,0,Sochi,110,5560.0,0
L102594,Ford,2019,72829.0,0.9,petrol,automatic,wagon,3.0,full,0,Moscow,17,12430.0,1
L101670,Volkswagen,2020,78637.0,1.8,hybrid,automatic,sedan,2.0,full,0,Yekaterinburg,1,15460.0,1
L102636,Toyota,2023,52457.0,2.1,hybrid,automatic,suv,2.0,none,0,Kazan,4,22380.0,1
L102217,Volkswagen,2015,261534.0,2.2,petrol,automatic,suv,3.0,full,0,Kazan,9,7080.0,1
L101989,Kia,2024,25000.0,2.0,diesel,automatic,suv,2.0,full,0,Moscow,81,33910.0,0
L101008,Ford,2019,67299.0,2.7,petrol,automatic,suv,4.0,partial,0,Novosibirsk,30,13530.0,0
L103786,Ford,2022,68000.0,2.0,diesel,manual,sedan,1.0,none,0,Moscow,118,17680.0,0
L101250,Volkswagen,2012,138354.0,1.7,petrol,automatic,hatchback,2.0,full,1,Yekaterinburg,40,4850.0,0
L103832,Kia,2020,66991.0,2.3,petrol,manual,suv,1.0,partial,0,Novosibirsk,65,14190.0,0
L100721,Hyundai,2019,87464.0,0.9,petrol,automatic,wagon,1.0,partial,0,Moscow,7,12510.0,1
L900023,BMW,2016,89837.0,1.6,hybrid,manual,sedan,1.0,full,0,Moscow,69,16590.0,0
L100484,BMW,2015,113665.0,1.3,petrol,manual,suv,3.0,partial,0,Novosibirsk,46,9630.0,0
L103582,Toyota,2012,95428.0,0.9,petrol,manual,sedan,1.0,none,1,Novosibirsk,4,2820.0,1
L100172,Ford,2013,193493.0,1.3,petrol,manual,sedan,2.0,partial,0,Yekaterinburg,13,3270.0,1
L101298,Hyundai,2012,87602.0,1.3,hybrid,automatic,hatchback,1.0,full,0,Kazan,4,4970.0,1
L102201,Ford,2014,85674.0,,electric,automatic,sedan,1.0,,1,Kazan,15,7040.0,1
L900040,Toyota,2014,-1.0,1.4,petrol,manual,wagon,1.0,partial,0,Moscow,62,4930.0,0
L101053,Skoda,2016,61830.0,1.3,DIESEL,automatic,hatchback,2.0,full,1,Novosibirsk,37,7090.0,0
L103673,Ford,2023,52385.0,2.1,diesel,automatic,suv,2.0,partial,0,Moscow,67,27550.0,0
L100427,Hyundai,2009,233179.0,1.3,petrol,automatic,wagon,1.0,full,1,Moscow,6,2510.0,1
L104158, Kia ,2017,61796.0,1.4,petrol,automatic,hatchback,1.0,full,0,Yekaterinburg,10,7000.0,1
L100222,BMW,2022,47610.0,,ELECTRIC,automatic,sedan,2.0,partial,1,Moscow,53,34230.0,0
L100369, Hyundai ,2019,174883.0,2.6,hybrid,automatic,hatchback,3.0,partial,0,Moscow,40,10530.0,0
L103445,BMW,2014,-1.0,2.2,petrol,automatic,suv,1.0,full,1,Novosibirsk,6,9890.0,1
L102556,Ford,2025,1529.0,2.3,petrol,automatic,hatchback,3.0,full,0,Moscow,13,24560.0,1
L102679,Hyundai,2012,108846.0,2.0,petrol,automatic,sedan,1.0,full,0,Sochi,23,5460.0,1
L103313,Renault,2022,104559.0,2.0,petrol,manual,hatchback,1.0,none,0,Moscow,41,12750.0,0
L100123,Hyundai,2021,25021.0,,electric,automatic,hatchback,3.0,partial,1,Moscow,103,19590.0,0
L101508,Renault,2017,106945.0,2.1,hybrid,manual,sedan,2.0,partial,0,Yekaterinburg,11,8130.0,1
L102473,Kia,2015,115055.0,1.5,petrol,automatic,suv,2.0,partial,1,Novosibirsk,46,6680.0,0
L102442,Kia,2025,25474.0,2.1,diesel,manual,hatchback,2.0,full,0,Yekaterinburg,15,21950.0,1
L101511,Renault,2021,131542.0,1.6,diesel,manual,hatchback,2.0,,0,Novosibirsk,6,8960.0,1
L103548,Volkswagen,2017,69830.0,2.9,diesel,automatic,hatchback,2.0,partial,1,Moscow,6,9710.0,1
L101529,Skoda,2017,122696.0,1.4,diesel,automatic,sedan,2.0,partial,0,Moscow,6,9850.0,1
L101649,Hyundai,2013,305071.0,2.4,petrol,automatic,suv,1.0,full,1,Kazan,61,3630.0,0
L101148,Hyundai,2018,138876.0,1.7,petrol,manual,hatchback,1.0,partial,0,Kazan,66,8090.0,0
L101496,Kia,2021,68399.0,2.4,diesel,manual,hatchback,2.0,partial,0,Novosibirsk,94,11780.0,0
L101046,Kia,2020,36066.0,0.9,petrol,manual,sedan,2.0,full,0,Kazan,37,12770.0,0
L104025,Toyota,2023,43716.0,0.9,hybrid,automatic,suv,1.0,full,0,Moscow,75,35810.0,0
L100952,Volkswagen,2021,91878.0,2.5,petrol,automatic,sedan,1.0,full,0,Moscow,9,21370.0,1
L103052,Ford,2020,,1.6,petrol,automatic,sedan,2.0,partial,0,Moscow,45,14650.0,0
L101277,Toyota,2015,261296.0,2.1,petrol,automatic,hatchback,1.0,full,1,Sochi,51,5430.0,0
L101955,Hyundai,2021,111454.0,1.9,petrol,manual,hatchback,1.0,full,0,Kazan,22,14370.0,1
L100317,Renault,2014,77939.0,1.9,diesel,automatic,wagon,2.0,full,1,Novosibirsk,23,5340.0,1
L102198,Hyundai,2012,246272.0,2.4,diesel,automatic,hatchback,5.0,full,0,Yekaterinburg,5,3360.0,1
L100767,Ford,2009,135478.0,1.9,petrol,automatic,hatchback,1.0,none,0,Novosibirsk,53,1990.0,0
L103067, BMW ,2015,160479.0,0.9,petrol,manual,wagon,1.0,partial,1,Sochi,52,7610.0,0
L100881,Toyota,2019,95895.0,2.6,petrol,manual,hatchback,2.0,full,1,Moscow,2,10220.0,1
L102189, Toyota ,2019,97741.0,1.7,hybrid,manual,suv,2.0,none,0,Novosibirsk,63,11250.0,0
L102072,Toyota,2018,85772.0,0.9,diesel,automatic,suv,2.0,full,0,Kazan,1,11000.0,1
L100988,Renault,2013,341461.0,2.4,petrol,manual,suv,3.0,full,0,Kazan,10,3530.0,1
L102567,Hyundai,2018,70266.0,,electric,automatic,sedan,2.0,partial,0,Moscow,6,12520.0,1
L102450,Volkswagen,2021,32425.0,1.0,petrol,manual,hatchback,1.0,partial,1,Yekaterinburg,62,13780.0,0
L100601,Toyota,2021,111025.0,0.9,petrol,automatic,suv,3.0,full,1,Yekaterinburg,117,10580.0,0
L102554,Toyota,2015,265232.0,2.3,petrol,automatic,hatchback,2.0,full,0,Sochi,8,5740.0,1
L101676,Volkswagen,2016,93195.0,2.9,petrol,automatic,suv,2.0,full,0,Yekaterinburg,64,10460.0,0
L102117,Volkswagen,2019,66397.0,1.5,petrol,automatic,sedan,3.0,full,0,Novosibirsk,6,12720.0,1
L102298,Renault,2011,209318.0,1.7,diesel,automatic,sedan,2.0,partial,0,Sochi,56,3510.0,0
L100027,Ford,2015,,2.1,petrol,automatic,suv,3.0,,0,Yekaterinburg,94,4910.0,0
L101158,Hyundai,2014,123611.0,1.8,petrol,automatic,sedan,3.0,full,1,Kazan,5,5060.0,1
L101632,Toyota,2013,230856.0,1.4,hybrid,automatic,sedan,3.0,full,1,Novosibirsk,6,4390.0,1
L100461,Kia,2016,169110.0,1.9,PETROL,automatic,sedan,1.0,partial,0,Yekaterinburg,126,6620.0,0
L102530,Volkswagen,2019,125988.0,,electric,automatic,wagon,2.0,full,0,Moscow,2,16670.0,1
L101997, Kia ,2016,173787.0,1.4,hybrid,manual,hatchback,2.0,partial,0,Moscow,8,6420.0,1
L103268,Skoda,2020,,1.8,petrol,manual,sedan,1.0,,0,Yekaterinburg,15,13700.0,1
L103419,Volkswagen,2021,82391.0,1.8,petrol,automatic,wagon,2.0,full,0,Moscow,48,16740.0,0
L102755,Hyundai,2019,96475.0,1.4,petrol,manual,suv,2.0,full,0,Moscow,90,11920.0,0
L101515,BMW,2012,298608.0,1.5,petrol,manual,sedan,1.0,partial,0,Yekaterinburg,57,3360.0,0
L102084,BMW,2015,155760.0,1.6,hybrid,automatic,suv,1.0,full,0,Sochi,12,12720.0,1
L103111,Ford,2023,24109.0,1.5,DIESEL,automatic,suv,1.0,full,0,Sochi,6,31930.0,1
L100660,Ford,2018,142211.0,1.6,petrol,manual,suv,2.0,none,0,Moscow,8,10410.0,1
L100069,BMW,2020,,2.3,diesel,automatic,sedan,3.0,full,1,Moscow,8,20250.0,1
L103351,Skoda,2017,194984.0,1.6,diesel,automatic,hatchback,1.0,full,1,Moscow,25,7850.0,1
L102486,Renault,2017,197664.0,,electric,automatic,suv,2.0,partial,0,Kazan,46,9240.0,0
L104159,BMW,2014,85294.0,2.0,diesel,manual,sedan,3.0,partial,0,Kazan,3,7010.0,1
L103292,Toyota,2014,168157.0,2.1,petrol,automatic,sedan,1.0,full,0,Yekaterinburg,6,6630.0,1
L102871,Toyota,2018,83639.0,1.6,hybrid,manual,sedan,3.0,none,0,Moscow,115,10750.0,0
L102301,Toyota,2015,,1.6,petrol,manual,wagon,1.0,partial,0,Novosibirsk,58,5230.0,0
L102933,Volkswagen,2013,153106.0,1.2,hybrid,manual,wagon,1.0,partial,0,Sochi,6,5480.0,1
L102625,BMW,2021,56386.0,2.5,hybrid,manual,sedan,3.0,full,0,Novosibirsk,80,27580.0,0
L100872,Toyota,2021,124419.0,1.7,diesel,manual,sedan,5.0,full,0,Novosibirsk,66,13840.0,0
L100719,Toyota,2014,61436.0,1.9,diesel,manual,suv,3.0,partial,0,Yekaterinburg,8,7170.0,1
L102778,Skoda,2013,156400.0,1.8,PETROL,automatic,suv,2.0,full,1,Moscow,16,5190.0,1
L101120,Ford,2011,72844.0,1.7,petrol,automatic,hatchback,2.0,partial,0,Sochi,68,3220.0,0
L102073, Toyota ,2017,89566.0,1.7,petrol,automatic,sedan,1.0,partial,0,Yekaterinburg,40,10090.0,0
L103586,Volkswagen,2018,80084.0,1.0,HYBRID,automatic,hatchback,5.0,,1,Novosibirsk,105,6380.0,0
L103519,Hyundai,2016,237800.0,1.9,petrol,manual,sedan,2.0,partial,0,Novosibirsk,77,5970.0,0
L103388,Kia,2019,119620.0,1.7,petrol,automatic,sedan,3.0,none,0,Moscow,14,8900.0,1
L100283,Toyota,2025,26296.0,2.3,PETROL,manual,sedan,2.0,full,0,Kazan,13,26470.0,1
L102716,Kia,2012,124758.0,1.8,petrol,automatic,sedan,1.0,partial,1,Sochi,48,3870.0,0
L100669,Volkswagen,2017,139668.0,1.3,PETROL,manual,sedan,2.0,full,0,novosibirsk,9,7190.0,1
L103031,Kia,2012,98232.0,0.9,petrol,manual,hatchback,4.0,none,1,Moscow,72,3210.0,0
L104059,Volkswagen,2016,80854.0,,electric,automatic,sedan,5.0,partial,0,Kazan,85,8150.0,0
L103710,Hyundai,2023,49165.0,2.3,petrol,automatic,hatchback,2.0,full,0,Moscow,153,23660.0,0
L101939,Hyundai,2012,131787.0,1.6,diesel,automatic,sedan,2.0,partial,0,Yekaterinburg,42,4480.0,0
L103764,Toyota,2017,99453.0,1.9,hybrid,manual,wagon,1.0,full,0,Yekaterinburg,66,11660.0,0
L100670,Volkswagen,2018,209435.0,1.5,diesel,manual,suv,3.0,full,0,Sochi,87,9760.0,0
L103916,Volkswagen,2015,79081.0,1.3,hybrid,automatic,sedan,1.0,none,0,Yekaterinburg,17,8480.0,1
L103503,Skoda,2018,115543.0,,electric,automatic,sedan,1.0,full,1,Sochi,59,14180.0,0
L101591,Toyota,2013,106335.0,2.0,hybrid,manual,hatchback,2.0,full,0,Moscow,2,6920.0,1
L101247,Volkswagen,2011,232735.0,1.8,diesel,automatic,sedan,2.0,,1,Novosibirsk,49,2700.0,0
L101659,Volkswagen,2010,182619.0,1.8,diesel,automatic,suv,3.0,,0,Sochi,54,3970.0,0
L100870,BMW,2014,86378.0,,electric,automatic,hatchback,2.0,full,0,Novosibirsk,94,8980.0,0
L103466,Toyota,2016,191308.0,1.8,petrol,automatic,wagon,1.0,partial,0,Kazan,46,7310.0,0
L101119,Volkswagen,2023,28365.0,2.9,petrol,automatic,suv,2.0,none,1,Sochi,101,24580.0,0
L101232,Kia,2016,187695.0,2.7,petrol,manual,suv,2.0,full,0,Yekaterinburg,63,8320.0,0
L101103,Volkswagen,2012,225182.0,1.8,petrol,automatic,hatchback,1.0,partial,1,Moscow,57,4120.0,0
L103909,Renault,2014,99989.0,1.8,petrol,automatic,suv,3.0,partial,0,yekaterinburg,15,5000.0,1
L102718,Volkswagen,2013,88941.0,2.4,petrol,manual,hatchback,1.0,full,0,Yekaterinburg,9,5480.0,1
L101753,Hyundai,2019,136529.0,1.9,diesel,automatic,suv,1.0,partial,1,Sochi,78,11220.0,0
L103757,Ford,2022,55831.0,2.2,petrol,manual,suv,2.0,partial,0,Kazan,89,18410.0,0
L101658,Renault,2013,29840.0,1.9,petrol,automatic,wagon,2.0,none,1,Sochi,76,4460.0,0
L103427,Ford,2015,221220.0,1.4,diesel,automatic,suv,2.0,partial,1,Kazan,5,4810.0,1
L100341,Kia,2013,83866.0,1.9,diesel,manual,hatchback,3.0,,1,Yekaterinburg,40,3670.0,0
L102060,Kia,2011,111157.0,2.1,diesel,automatic,sedan,1.0,partial,1,Moscow,76,4750.0,0
L101882,Kia,2015,237668.0,0.9,diesel,manual,wagon,3.0,full,1,Novosibirsk,102,3570.0,0
L103402,Skoda,2018,107287.0,2.4,petrol,manual,suv,4.0,partial,0,Novosibirsk,69,9050.0,0
L100977,Renault,2021,50006.0,2.8,diesel,automatic,,3.0,none,0,Moscow,59,17110.0,0
L100751,Renault,2019,41808.0,1.8,diesel,automatic,sedan,3.0,full,0,Sochi,16,10750.0,1
L100925,Renault,2012,255274.0,2.0,PETROL,manual,suv,1.0,full,0,Kazan,5,3190.0,1
L102805,Skoda,2016,81632.0,,electric,automatic,hatchback,2.0,full,0,Novosibirsk,49,9910.0,0
L103719,Toyota,2022,,1.5,diesel,manual,hatchback,3.0,full,0,Yekaterinburg,94,12670.0,0
L103020,Toyota,2019,51954.0,2.6,hybrid,automatic,suv,2.0,full,0,Novosibirsk,12,20460.0,1
L101300,Kia,2016,140372.0,1.5,diesel,manual,hatchback,1.0,full,0,Sochi,45,7370.0,0
L103113,Volkswagen,2009,141105.0,2.0,diesel,automatic,suv,2.0,partial,0,Kazan,60,3860.0,0
L101341,Volkswagen,2021,42064.0,1.3,petrol,manual,hatchback,3.0,full,0,Moscow,7,13160.0,1
L104024,Ford,2014,141681.0,,electric,automatic,sedan,2.0,full,0,Novosibirsk,94,6780.0,0
L102966,Volkswagen,2017,46479.0,2.5,petrol,manual,sedan,3.0,partial,0,kazan,5,8760.0,1
L100282,Hyundai,2011,111817.0,0.9,petrol,automatic,sedan,1.0,,0,Moscow,8,4150.0,1
L100091,Hyundai,2020,89975.0,2.2,petrol,manual,sedan,2.0,partial,0,Novosibirsk,3,9630.0,1
L900050,BMW,2015,133179.0,1.8,petrol,automatic,wagon,2.0,full,1,Moscow,3,8860.0,1
L101857,BMW,2017,94863.0,1.5,petrol,manual,suv,1.0,full,0,Kazan,9,16160.0,1
L100161, Hyundai ,2019,,1.7,petrol,manual,sedan,2.0,none,0,Kazan,149,10670.0,0
L102484,Skoda,2017,97617.0,3.0,petrol,manual,hatchback,3.0,partial,1,Moscow,94,8510.0,0
L102407,Volkswagen,2020,,1.1,petrol,automatic,hatchback,2.0,full,0,Kazan,64,11690.0,0
L100607,Skoda,2016,106789.0,2.2,diesel,automatic,suv,3.0,none,0,Sochi,58,10480.0,0
L101638,Volkswagen,2022,31634.0,1.4,petrol,automatic,sedan,1.0,none,0,Novosibirsk,66,13790.0,0
L102624,Renault,2025,45397.0,2.1,petrol,manual,sedan,1.0,full,0,Moscow,16,30250.0,1
L101575,Ford,2012,55809.0,2.3,hybrid,automatic,suv,1.0,partial,0,Novosibirsk,5,5830.0,1
L104067,BMW,2023,34626.0,2.2,petrol,manual,sedan,5.0,full,0,Moscow,50,30610.0,0
L103205,Volkswagen,2016,160727.0,1.7,petrol,automatic,hatchback,3.0,full,0,Novosibirsk,99,5280.0,0
L102995, Toyota ,2017,186294.0,1.7,petrol,automatic,suv,3.0,full,0,Novosibirsk,141,7890.0,0
L103902,Skoda,2017,,,electric,automatic,hatchback,1.0,partial,0,Novosibirsk,47,7750.0,0
L102846,Hyundai,2017,61757.0,1.8,petrol,automatic,wagon,,full,0,Moscow,11,10940.0,1
L102879,Toyota,2017,221551.0,1.3,petrol,manual,suv,4.0,full,0,Moscow,124,8660.0,0
L100105,Ford,2016,51608.0,1.1,diesel,manual,sedan,2.0,full,1,Novosibirsk,39,6140.0,0
L101291,Hyundai,2014,62112.0,3.0,petrol,automatic,hatchback,4.0,full,0,Kazan,74,7270.0,0
L100762,Volkswagen,2020,190364.0,1.3,hybrid,automatic,sedan,5.0,,0,Yekaterinburg,98,10740.0,0
L100548,Toyota,2014,155877.0,2.1,petrol,manual,sedan,2.0,none,0,Moscow,79,5890.0,0
L103730,Renault,2017,93015.0,1.6,diesel,automatic,suv,1.0,full,0,Moscow,5,13160.0,1
L102542,Toyota,2018,167895.0,2.5,diesel,manual,sedan,2.0,full,0,Novosibirsk,9,9970.0,1
L102150,Hyundai,2018,199070.0,1.5,petrol,manual,suv,2.0,full,0,Novosibirsk,54,10560.0,0
L102385,Renault,2016,139371.0,2.6,diesel,automatic,hatchback,2.0,partial,0,Moscow,8,8070.0,1
L102536,Renault,2021,41703.0,1.2,petrol,manual,sedan,3.0,partial,0,Novosibirsk,45,9920.0,0
L103158, Skoda ,2023,33336.0,1.1,petrol,automatic,hatchback,1.0,full,0,Yekaterinburg,5,18650.0,1
L104109,Ford,2022,103843.0,1.4,diesel,manual,sedan,2.0,partial,0,Yekaterinburg,55,15310.0,0
L100653,Hyundai,2016,81548.0,2.1,diesel,manual,suv,5.0,full,0,Kazan,132,7850.0,0
L100980,Skoda,2013,117793.0,1.8,petrol,automatic,wagon,3.0,none,0,Yekaterinburg,60,4880.0,0
L103074,Hyundai,2009,125745.0,1.4,petrol,automatic,hatchback,1.0,full,0,Sochi,7,2990.0,1
L103595,BMW,2009,302801.0,1.2,petrol,automatic,hatchback,2.0,full,1,Kazan,52,1910.0,0
L101091,Kia,2020,77032.0,2.8,diesel,manual,sedan,2.0,none,1,Kazan,122,10950.0,0
L101949,Kia,2021,107573.0,2.0,petrol,automatic,hatchback,1.0,none,0,Sochi,92,14550.0,0
L101869,BMW,2017,236693.0,1.5,petrol,automatic,suv,2.0,full,0,Novosibirsk,131,9370.0,0
L103959,Hyundai,2009,129854.0,2.1,diesel,automatic,suv,1.0,none,0,Yekaterinburg,64,3660.0,0
L103420,Hyundai,2013,243021.0,2.0,diesel,manual,wagon,2.0,none,0,Kazan,109,4020.0,0
L104030,Ford,2023,43291.0,1.6,petrol,manual,sedan,2.0,full,0,Moscow,6,19990.0,1
L102817,Renault,2009,101931.0,1.9,petrol,manual,suv,2.0,none,0,Kazan,50,2650.0,0
L100135,Renault,2010,180930.0,2.0,diesel,automatic,sedan,2.0,,1,Sochi,68,2760.0,0
L103364,BMW,2008,430000.0,2.3,diesel,manual,wagon,1.0,partial,0,Sochi,57,2160.0,0
L102725,Volkswagen,2018,100712.0,1.8,diesel,manual,suv,1.0,full,0,Novosibirsk,8,12270.0,1
L102660,Volkswagen,2013,215426.0,1.3,petrol,manual,sedan,3.0,full,0,Novosibirsk,143,3350.0,0
L103463,Volkswagen,2024,15249.0,2.4,diesel,automatic,hatchback,3.0,full,0,Sochi,83,31660.0,0
L100439,Kia,2016,271311.0,2.3,petrol,manual,hatchback,5.0,full,1,Moscow,78,4190.0,0
L102873,Kia,2015,247326.0,1.6,petrol,automatic,hatchback,1.0,none,0,Yekaterinburg,106,4110.0,0
L103640, Kia ,2007,153069.0,1.8,petrol,automatic,suv,2.0,full,1,Novosibirsk,67,2460.0,0
L100933,Volkswagen,2013,113578.0,1.2,petrol,manual,hatchback,,none,0,Yekaterinburg,93,3630.0,0
L100090,Renault,2024,13229.0,1.8,hybrid,automatic,sedan,2.0,partial,0,Yekaterinburg,10,24790.0,1
L103431,Volkswagen,2018,188692.0,2.3,petrol,manual,hatchback,3.0,full,0,Yekaterinburg,56,8100.0,0
L104127, Renault ,2013,140190.0,1.0,HYBRID,manual,hatchback,2.0,full,0,Novosibirsk,8,4590.0,1
L102033,Toyota,2014,123950.0,1.6,hybrid,manual,wagon,1.0,full,1,Yekaterinburg,46,6010.0,0
L101409,Volkswagen,2017,91585.0,1.6,petrol,automatic,sedan,,partial,0,Novosibirsk,76,7550.0,0
L102506,Volkswagen,2018,83601.0,1.7,diesel,manual,sedan,1.0,full,1,Yekaterinburg,34,8850.0,0
L102003,Toyota,2019,71842.0,1.4,petrol,automatic,hatchback,3.0,partial,0,Yekaterinburg,6,11050.0,1
L100963,Renault,2017,137625.0,2.0,petrol,manual,hatchback,2.0,partial,0,Novosibirsk,75,4460.0,0
L100431,Kia,2016,139225.0,,electric,automatic,hatchback,2.0,full,0,Sochi,23,8760.0,1
L100449,Volkswagen,2020,172134.0,0.9,petrol,manual,wagon,4.0,partial,0,Moscow,64,11340.0,0
L101616,Skoda,2008,268835.0,2.0,petrol,manual,hatchback,3.0,full,1,Moscow,2,1410.0,1
L100543,Volkswagen,2014,237104.0,1.8,petrol,manual,suv,3.0,full,1,Kazan,98,5440.0,0
L102433,Skoda,2024,27713.0,1.3,diesel,manual,wagon,2.0,full,0,Moscow,7,26470.0,1
L102640,Kia,2024,15600.0,,electric,automatic,suv,3.0,full,0,Sochi,96,38680.0,0
L100650,Toyota,2019,104420.0,1.3,petrol,automatic,sedan,1.0,,1,Moscow,13,12170.0,1
L103291,Volkswagen,2021,88142.0,2.0,DIESEL,automatic,suv,1.0,partial,0,Moscow,12,16670.0,1
L100687,Hyundai,2009,196781.0,1.8,petrol,manual,hatchback,,partial,1,Moscow,53,2200.0,0
L100948,BMW,2015,117569.0,1.7,diesel,automatic,hatchback,,,0,Novosibirsk,84,7890.0,0
L104090,Ford,2009,262280.0,2.3,petrol,automatic,sedan,2.0,full,0,Kazan,29,2160.0,1
L103349,Volkswagen,2015,83088.0,2.1,petrol,automatic,hatchback,2.0,full,1,Kazan,9,5690.0,1
L102220,Toyota,2011,388818.0,2.1,diesel,automatic,wagon,,full,0,Yekaterinburg,10,2610.0,1
L101106,Toyota,2019,156861.0,2.6,diesel,automatic,sedan,2.0,partial,1,Moscow,134,10680.0,0
L101081,Hyundai,2013,143644.0,,electric,automatic,sedan,1.0,full,0,Moscow,18,7120.0,1
L101830,BMW,2021,,1.1,hybrid,automatic,sedan,3.0,full,0,Yekaterinburg,61,29510.0,0
L104065,Hyundai,2012,246441.0,1.1,diesel,automatic,sedan,,full,1,Yekaterinburg,55,3150.0,0
L104105,Skoda,2021,91775.0,1.8,petrol,automatic,sedan,2.0,partial,0,Moscow,7,14990.0,1
L103396,Ford,2018,131917.0,2.0,diesel,automatic,wagon,1.0,partial,1,Yekaterinburg,58,7400.0,0
L100592,Toyota,2016,167087.0,1.6,petrol,manual,hatchback,1.0,full,0,Yekaterinburg,3,7740.0,1
L101107,Kia,2013,277035.0,0.9,diesel,automatic,sedan,4.0,partial,0,Yekaterinburg,63,3030.0,0
L102669,Hyundai,2014,385094.0,2.6,petrol,manual,wagon,1.0,full,0,Moscow,14,4190.0,1
L102418,Ford,2008,242968.0,1.6,petrol,manual,wagon,1.0,full,0,Kazan,77,1910.0,0
L100838,Ford,2020,149683.0,2.6,petrol,manual,hatchback,1.0,partial,0,Kazan,77,10580.0,0
L101506,Volkswagen,2012,127769.0,2.9,petrol,automatic,hatchback,2.0,full,1,Moscow,9,4180.0,1
L103244,Kia,2017,104986.0,1.3,hybrid,manual,suv,3.0,none,0,Moscow,1,11160.0,1
L100810,Renault,2020,75559.0,2.3,hybrid,automatic,hatchback,2.0,none,0,Moscow,92,13730.0,0
L101935,Toyota,2015,407368.0,1.8,petrol,manual,sedan,3.0,partial,0,Moscow,79,3910.0,0
L102315,Toyota,2006,139562.0,2.1,hybrid,manual,suv,1.0,full,1,Sochi,3,3060.0,1
L101425,Toyota,2015,154245.0,1.6,diesel,automatic,hatchback,3.0,none,0,Yekaterinburg,8,4650.0,1
L102735,Toyota,2021,25395.0,1.7,petrol,automatic,wagon,2.0,none,0,Moscow,107,21190.0,0
L103182,Renault,2015,68566.0,3.4,hybrid,manual,sedan,1.0,partial,1,Moscow,12,8110.0,1
L101343,Renault,2015,115055.0,2.0,diesel,automatic,hatchback,1.0,,1,Novosibirsk,81,4470.0,0
L103249,Toyota,2020,120759.0,1.9,petrol,automatic,suv,2.0,,0,Moscow,14,19660.0,1
L104092,Kia,2015,181303.0,0.9,diesel,manual,hatchback,2.0,,0,Moscow,5,6000.0,1
L102547,Kia,2015,183319.0,2.2,DIESEL,automatic,hatchback,3.0,full,1,Moscow,89,4940.0,0
L100454,Skoda,2008,,1.9,petrol,manual,suv,3.0,full,0,Moscow,16,2620.0,1
L103360,Renault,2014,191218.0,1.8,diesel,manual,wagon,5.0,partial,0,Moscow,126,5060.0,0
L101112,Kia,2020,72429.0,1.7,petrol,automatic,sedan,3.0,partial,0,sochi,56,14810.0,0
L101235,Hyundai,2009,,2.2,petrol,automatic,hatchback,3.0,none,0,Yekaterinburg,69,1590.0,0
L100661,Skoda,2020,110231.0,2.0,petrol,manual,sedan,3.0,partial,0,Novosibirsk,5,9250.0,1
L101988,Skoda,2020,133218.0,1.8,petrol,automatic,suv,2.0,full,0,Yekaterinburg,112,14540.0,0
L101024,Volkswagen,2021,44363.0,2.3,diesel,manual,sedan,4.0,none,0,Novosibirsk,62,13380.0,0
L103559,Toyota,2018,120092.0,2.0,petrol,manual,hatchback,2.0,full,0,Novosibirsk,4,8710.0,1
L103769, Toyota ,2013,173840.0,1.5,diesel,automatic,hatchback,1.0,full,0,Moscow,10,4950.0,1
L102236,Skoda,2018,144575.0,2.5,petrol,manual,sedan,2.0,full,0,Moscow,40,8690.0,0
L101944, Ford ,2015,203694.0,,electric,automatic,hatchback,1.0,none,0,Novosibirsk,3,5750.0,1
L100985,Renault,2021,40117.0,2.2,petrol,manual,wagon,3.0,none,0,Moscow,52,16190.0,0
L102512,BMW,2012,195122.0,2.0,petrol,automatic,sedan,1.0,full,1,Sochi,3,5250.0,1
L102279,BMW,2015,131100.0,0.9,petrol,automatic,hatchback,1.0,full,0,Novosibirsk,3,7600.0,1
L100552,Volkswagen,2016,103354.0,1.3,diesel,automatic,hatchback,2.0,full,0,Moscow,7,9620.0,1
L101164,Volkswagen,2008,388718.0,3.0,hybrid,automatic,wagon,1.0,full,1,Moscow,9,2370.0,1
L103920,Ford,2012,263547.0,1.7,diesel,automatic,hatchback,3.0,full,0,Sochi,65,3440.0,0
L102208,Skoda,2020,35412.0,1.2,hybrid,manual,suv,5.0,full,1,Kazan,58,14120.0,0
L103613,Ford,2017,108244.0,1.5,petrol,automatic,suv,1.0,full,0,Moscow,12,12230.0,1
L100984,Skoda,2009,221532.0,1.8,petrol,automatic,sedan,2.0,none,0,Kazan,22,2440.0,1
L100489,Kia,2017,76624.0,2.9,petrol,manual,sedan,3.0,none,0,Kazan,61,8270.0,0
L102786,Volkswagen,2014,201772.0,2.3,petrol,manual,suv,1.0,partial,0,Kazan,52,6840.0,0
L101375,Toyota,2015,130887.0,1.1,diesel,manual,sedan,4.0,full,0,Moscow,19,5330.0,1
L103779,Ford,2016,139042.0,0.9,petrol,manual,sedan,1.0,full,1,Sochi,84,5120.0,0
L102260,Volkswagen,2017,188694.0,1.7,diesel,automatic,suv,5.0,full,0,Kazan,86,9630.0,0
L102604,Kia,2015,122326.0,1.6,petrol,automatic,wagon,1.0,partial,0,Moscow,57,8020.0,0
L101662,Hyundai,2008,92735.0,0.9,diesel,manual,wagon,2.0,partial,0,Moscow,5,2810.0,1
L103682,Kia,2017,104884.0,1.7,diesel,automatic,hatchback,1.0,partial,0,Moscow,4,9380.0,1
L100635,Toyota,2013,322757.0,1.8,petrol,automatic,sedan,3.0,partial,0,Sochi,43,3470.0,0
L102251,Kia,2017,86083.0,,electric,automatic,suv,1.0,,0,Kazan,12,15550.0,1
L100646,Toyota,2022,41710.0,2.4,diesel,manual,suv,1.0,full,0,Moscow,1,33530.0,1
L100464,Volkswagen,2015,58312.0,1.1,hybrid,automatic,suv,4.0,full,0,Yekaterinburg,69,9470.0,0
L103846,Hyundai,2015,113669.0,1.0,petrol,automatic,sedan,2.0,none,0,Novosibirsk,61,5720.0,0
L103537,Ford,2022,45465.0,2.9,petrol,manual,wagon,1.0,partial,1,Yekaterinburg,3,16720.0,1
L102178,Skoda,2024,8384.0,1.9,diesel,manual,sedan,5.0,partial,0,Novosibirsk,6,16920.0,1
L102132,Volkswagen,2012,379086.0,0.9,diesel,automatic,suv,4.0,partial,1,Moscow,55,2900.0,0
L100423,Toyota,2019,898240.0,1.5,petrol,manual,suv,2.0,partial,0,Kazan,6,13730.0,1
L100457,BMW,2018,179519.0,1.3,diesel,manual,hatchback,3.0,partial,0,Kazan,4,8990.0,1
L101930,BMW,2019,115556.0,1.7,petrol,automatic,wagon,2.0,full,0,Novosibirsk,15,12700.0,1
L100383,Hyundai,2025,22561.0,2.4,diesel,manual,sedan,1.0,partial,0,Sochi,12,26490.0,1
L101364,Ford,2018,219082.0,2.3,hybrid,manual,sedan,4.0,partial,0,Sochi,70,6730.0,0
L103619,Skoda,2020,44497.0,2.3,petrol,manual,sedan,1.0,partial,0,Sochi,11,16780.0,1
L102612,Kia,2017,100232.0,1.9,DIESEL,automatic,sedan,3.0,none,0,Kazan,8,7990.0,1
L102892,Hyundai,2010,255532.0,1.3,petrol,automatic,suv,3.0,,0,Moscow,10,3710.0,1
L103553,Hyundai,2018,71049.0,,electric,automatic,wagon,2.0,partial,0,Moscow,1,15620.0,1
L101767,Hyundai,2019,114128.0,2.4,diesel,manual,sedan,1.0,partial,0,Moscow,42,10390.0,0
L100324,Toyota,2011,71146.0,1.8,diesel,manual,wagon,4.0,full,0,Yekaterinburg,8,5280.0,1
L102141,Ford,2017,140111.0,1.7,hybrid,automatic,hatchback,3.0,partial,0,Novosibirsk,45,7890.0,0
L103251,Kia,2023,64760.0,2.1,petrol,manual,sedan,1.0,full,0,Novosibirsk,41,19690.0,0
L100523,BMW,2015,32397.0,2.7,diesel,manual,suv,2.0,full,0,Novosibirsk,1,14640.0,1
L103838,Skoda,2012,,2.1,petrol,automatic,suv,3.0,partial,1,Sochi,41,4920.0,0
L100509,Skoda,2012,152558.0,0.9,petrol,automatic,suv,1.0,partial,0,Sochi,4,6020.0,1
L101474,Skoda,2019,59724.0,2.2,petrol,manual,sedan,2.0,partial,0,Moscow,12,11000.0,1
L102863,Toyota,2023,9165.0,2.3,diesel,manual,suv,2.0,none,1,Moscow,153,26500.0,0
L100855,Hyundai,2020,77971.0,1.0,diesel,manual,suv,2.0,none,0,Novosibirsk,6,10370.0,1
L101541,Toyota,2015,74150.0,2.3,diesel,automatic,hatchback,2.0,full,0,Novosibirsk,62,8440.0,0
L102375,Toyota,2022,98870.0,2.0,petrol,automatic,hatchback,,full,1,Novosibirsk,1,16060.0,1
L101458,Ford,2012,,2.4,petrol,automatic,wagon,3.0,partial,1,Moscow,96,2520.0,0
L103091,Renault,2012,312060.0,1.3,diesel,manual,suv,,none,0,Kazan,62,2940.0,0
L101572,BMW,2015,43989.0,2.1,petrol,manual,hatchback,2.0,partial,1,Novosibirsk,76,6350.0,0
L103255, Skoda ,2016,120210.0,1.7,petrol,automatic,suv,3.0,partial,1,Moscow,78,7930.0,0
L100778,Hyundai,2007,144990.0,1.5,diesel,automatic,hatchback,1.0,partial,0,Moscow,1,2700.0,1
L103659,Toyota,2016,109837.0,2.5,petrol,automatic,sedan,3.0,partial,1,Kazan,13,5350.0,1
L102970,Skoda,2013,41756.0,1.5,hybrid,automatic,suv,3.0,full,0,Sochi,11,9110.0,1
L101097,Hyundai,2018,86287.0,1.7,diesel,automatic,sedan,4.0,full,0,Kazan,75,10630.0,0
L100011,Hyundai,2014,110400.0,1.8,petrol,manual,suv,3.0,partial,0,Sochi,94,6150.0,0
L100986,Volkswagen,2016,293890.0,,ELECTRIC,automatic,hatchback,1.0,none,0,Yekaterinburg,31,6620.0,0
L100024,Volkswagen,2016,177150.0,2.2,hybrid,automatic,hatchback,3.0,partial,1,kazan,175,7230.0,0
L101838,Kia,2019,,2.3,hybrid,manual,sedan,1.0,full,0,Novosibirsk,3,12090.0,1
L100676,Hyundai,2025,31734.0,1.4,petrol,automatic,hatchback,1.0,full,0,Yekaterinburg,5,24110.0,1
L104151,Toyota,2011,304421.0,2.4,diesel,manual,hatchback,1.0,full,0,Moscow,39,4060.0,0
L100111,BMW,2016,79466.0,1.2,diesel,manual,wagon,2.0,partial,0,Moscow,136,12210.0,0
L101347,Volkswagen,2024,734.0,1.4,petrol,manual,hatchback,1.0,full,0,Yekaterinburg,7,25590.0,1
L103468,Ford,2012,113074.0,1.2,petrol,manual,sedan,1.0,full,0,Moscow,82,6190.0,0
L102997,Toyota,2022,31011.0,2.7,petrol,automatic,hatchback,2.0,none,1,Novosibirsk,137,16310.0,0
L100773,Kia,2013,190698.0,1.6,hybrid,automatic,sedan,3.0,partial,0,Moscow,49,5660.0,0
L100173,Ford,2014,,1.4,petrol,manual,sedan,3.0,full,0,Moscow,6,4500.0,1
L102958,Kia,2016,61767.0,1.5,petrol,manual,hatchback,3.0,full,0,Moscow,14,8240.0,1
L102831,Renault,2016,339363.0,1.2,DIESEL,automatic,sedan,2.0,,0,Moscow,13,4730.0,1
L101780,Hyundai,2018,129088.0,2.0,petrol,manual,sedan,2.0,full,1,Novosibirsk,134,5470.0,0
L103778,BMW,2018,54054.0,2.5,petrol,automatic,hatchback,2.0,none,1,Sochi,55,13550.0,0
L100242,Toyota,2017,46736.0,2.3,petrol,automatic,suv,3.0,full,0,Sochi,4,13330.0,1
L102320,Volkswagen,2018,117861.0,1.0,DIESEL,automatic,hatchback,2.0,none,0,Moscow,78,8950.0,0
L103860,Renault,2019,140632.0,2.1,petrol,automatic,wagon,1.0,,0,Novosibirsk,41,8690.0,0
L101958,Kia,2019,121328.0,0.9,petrol,manual,suv,3.0,partial,0,Sochi,13,12640.0,1
L103159,Kia,2012,-1.0,2.2,hybrid,automatic,suv,4.0,none,0,Kazan,4,4930.0,1
L102972,Skoda,1900,26274.0,1.6,petrol,manual,suv,4.0,partial,0,Novosibirsk,88,27280.0,0
L103751,Skoda,2021,60538.0,1.9,petrol,manual,wagon,1.0,partial,0,Yekaterinburg,13,18920.0,1
L102551,Renault,2015,179897.0,1.6,petrol,manual,sedan,3.0,full,0,Kazan,52,5360.0,0
L900004,Volkswagen,2018,97052.0,1.9,petrol,automatic,suv,2.0,none,1,Yekaterinburg,90,9150.0,0
L100976, Volkswagen ,2014,356761.0,1.6,petrol,manual,suv,2.0,,0,Moscow,102,3740.0,0
L101996,BMW,2018,36658.0,1.2,hybrid,automatic,sedan,3.0,full,1,moscow,1,19180.0,1
L102466,Renault,2014,81647.0,2.2,hybrid,automatic,sedan,2.0,partial,0,Moscow,1,6470.0,1
L103801,Toyota,2014,195412.0,2.0,hybrid,manual,hatchback,1.0,none,1,Yekaterinburg,48,3800.0,0
L100228,Kia,2013,120495.0,1.2,diesel,automatic,hatchback,3.0,full,0,Moscow,18,4260.0,1
L102216,BMW,2014,117384.0,1.8,petrol,automatic,hatchback,3.0,,0,Kazan,97,6710.0,0
L100524,Skoda,2013,168143.0,1.4,diesel,automatic,wagon,1.0,full,0,Yekaterinburg,6,5720.0,1
L102171,BMW,2011,212962.0,0.9,petrol,manual,sedan,5.0,,1,Yekaterinburg,52,3130.0,0
L900034,Volkswagen,2012,100084.0,1.2,petrol,manual,wagon,1.0,full,0,Sochi,79,5830.0,0
L101969,Hyundai,2011,277708.0,1.8,petrol,automatic,suv,3.0,full,0,Kazan,8,2790.0,1
L104163,Renault,2015,158857.0,2.2,petrol,automatic,hatchback,4.0,full,0,Sochi,137,5970.0,0
L101206, Ford ,2019,87475.0,1.5,petrol,manual,suv,1.0,full,0,Kazan,46,9850.0,0
L101551,Volkswagen,2010,297554.0,2.4,petrol,automatic,wagon,2.0,full,0,Moscow,6,3860.0,1
L103785,Ford,2020,30555.0,2.9,petrol,automatic,sedan,1.0,,1,Yekaterinburg,23,12110.0,1
L101736,Volkswagen,2013,125861.0,,electric,automatic,wagon,2.0,,0,Kazan,15,7870.0,1
L101113,Kia,2014,222777.0,1.7,petrol,manual,suv,1.0,full,0,Moscow,8,5950.0,1
L102267,Toyota,2009,233335.0,0.9,petrol,manual,suv,2.0,full,0,Novosibirsk,9,2220.0,1
L103749,Volkswagen,2016,171783.0,1.6,petrol,manual,hatchback,2.0,,0,Kazan,13,7180.0,1
L102316, BMW ,2017,65922.0,1.3,petrol,manual,sedan,1.0,full,0,Moscow,2,12390.0,1
L103399,Skoda,2011,177039.0,1.9,petrol,manual,sedan,1.0,partial,0,Novosibirsk,16,3580.0,1
L102017,Kia,2022,73492.0,2.1,hybrid,automatic,sedan,2.0,full,0,Sochi,38,24100.0,0
L100093,BMW,2023,8137.0,,electric,automatic,wagon,1.0,full,0,Moscow,107,51070.0,0
L104016,BMW,2020,60639.0,0.9,diesel,automatic,suv,2.0,full,0,Sochi,119,22360.0,0
L102703,Volkswagen,2014,256140.0,1.7,hybrid,manual,sedan,1.0,full,1,Yekaterinburg,75,4000.0,0
L101553,Kia,2024,37774.0,1.4,petrol,automatic,suv,4.0,full,0,Sochi,5,26210.0,1
L101643,Ford,2019,249481.0,1.7,diesel,manual,sedan,1.0,full,0,Novosibirsk,2,8060.0,1
L100551,Toyota,2013,229028.0,1.0,diesel,manual,wagon,4.0,full,0,Yekaterinburg,81,3800.0,0
L102351,Renault,2010,378496.0,2.8,hybrid,manual,sedan,4.0,full,0,Yekaterinburg,61,2120.0,0
L102392,Hyundai,2017,1168110.0,2.7,petrol,manual,hatchback,1.0,partial,0,Moscow,7,8470.0,1
L100163,Toyota,2020,119622.0,2.3,hybrid,automatic,sedan,2.0,none,0,Yekaterinburg,44,14390.0,0
L100557,BMW,1900,63198.0,,electric,automatic,suv,1.0,partial,1,Moscow,2,12860.0,1
L101816,Toyota,2006,430000.0,2.4,petrol,manual,hatchback,2.0,,0,Moscow,2,1120.0,1
L102999,BMW,2016,221858.0,2.5,petrol,automatic,suv,3.0,none,0,Kazan,86,9700.0,0
L103573,BMW,2019,128336.0,2.9,diesel,manual,wagon,1.0,full,0,Yekaterinburg,82,18030.0,0
L101040,Toyota,2017,267678.0,2.2,hybrid,automatic,hatchback,2.0,none,1,Yekaterinburg,2,5550.0,1
L102135,Volkswagen,2019,108969.0,1.9,petrol,automatic,hatchback,2.0,full,0,Moscow,4,11350.0,1
L103004,Skoda,2025,12239.0,1.6,petrol,manual,suv,1.0,full,0,Novosibirsk,7,30740.0,1
L100938,Renault,2014,31090.0,1.7,petrol,automatic,sedan,1.0,partial,0,Kazan,7,6680.0,1
L103330,Skoda,2014,,1.3,petrol,manual,sedan,1.0,full,1,Novosibirsk,61,3920.0,0
L103966,Hyundai,2019,87515.0,2.2,diesel,automatic,suv,5.0,none,1,Kazan,68,11000.0,0
L102038,Kia,2013,118058.0,2.4,petrol,automatic,wagon,1.0,none,0,Moscow,4,6420.0,1
L102925,Skoda,2022,59170.0,0.9,petrol,manual,hatchback,3.0,full,0,Moscow,20,14220.0,1
L101962,Skoda,2013,107578.0,1.8,petrol,automatic,wagon,1.0,,0,Kazan,117,5520.0,0
L101823,Toyota,2014,132911.0,1.5,petrol,automatic,hatchback,1.0,none,0,Yekaterinburg,11,5360.0,1
L101646,Volkswagen,2009,,2.0,diesel,automatic,hatchback,3.0,full,1,Yekaterinburg,11,2490.0,1
L100309,Hyundai,2020,138709.0,1.7,petrol,automatic,hatchback,1.0,full,1,Yekaterinburg,11,9050.0,1
L102108,Ford,2016,48380.0,1.5,petrol,automatic,suv,3.0,partial,0,Novosibirsk,9,7650.0,1
L100063,Ford,2017,20487.0,0.9,petrol,manual,hatchback,3.0,full,0,Kazan,11,6780.0,1
L103324,Skoda,2010,111424.0,2.0,petrol,manual,wagon,4.0,full,0,Kazan,91,3430.0,0
L103422,Renault,2012,409370.0,1.2,diesel,manual,wagon,4.0,full,1,Sochi,4,1680.0,1
L102199,Hyundai,2023,45451.0,1.0,petrol,manual,hatchback,1.0,full,0,moscow,7,23500.0,1
L104113,Renault,2023,53172.0,1.8,petrol,manual,sedan,2.0,none,0,Yekaterinburg,108,18310.0,0
L101151,Toyota,2018,214772.0,2.2,diesel,automatic,suv,4.0,partial,1,Novosibirsk,79,8190.0,0
L101336,Hyundai,2015,98820.0,1.7,diesel,automatic,sedan,,full,0,Moscow,47,7350.0,0
L100349, Hyundai ,2019,109409.0,2.3,diesel,manual,suv,2.0,full,0,Novosibirsk,8,14190.0,1
L101885,Kia,2022,,1.6,diesel,automatic,suv,1.0,full,0,Yekaterinburg,5,23700.0,1
L101764,Toyota,2022,32712.0,1.6,diesel,manual,sedan,4.0,full,0,Sochi,90,17820.0,0
L103132,Skoda,2011,87837.0,2.4,petrol,automatic,sedan,4.0,none,0,Yekaterinburg,53,4240.0,0
L100664,Ford,2018,93375.0,1.8,petrol,automatic,sedan,2.0,full,0,Novosibirsk,11,9980.0,1
L101795,Hyundai,2018,125649.0,1.6,petrol,manual,sedan,3.0,none,1,Novosibirsk,82,7060.0,0
L103043,Skoda,2019,95766.0,1.8,petrol,automatic,hatchback,2.0,full,0,Moscow,2,10270.0,1
L101254,Toyota,2016,113177.0,1.8,petrol,automatic,hatchback,2.0,full,1,Novosibirsk,4,6630.0,1
L102502,Ford,2015,284640.0,1.9,diesel,manual,hatchback,1.0,full,1,Novosibirsk,8,2990.0,1
L102812, Kia ,2020,151685.0,2.2,hybrid,manual,hatchback,1.0,none,0,Moscow,5,12730.0,1
L103322,Ford,2016,177554.0,2.5,diesel,automatic,hatchback,2.0,full,0,Moscow,2,5550.0,1
L100038,Kia,2019,76417.0,2.1,hybrid,manual,hatchback,,none,0,Novosibirsk,145,12950.0,0
L104048,Ford,2019,,1.1,petrol,manual,sedan,1.0,full,1,Yekaterinburg,36,9510.0,0
L103256,BMW,2016,24564.0,2.7,petrol,manual,hatchback,1.0,full,1,Moscow,11,10580.0,1
L101524,Hyundai,2013,,1.9,petrol,automatic,suv,3.0,full,1,Novosibirsk,59,6120.0,0
L102086,Hyundai,2020,76815.0,1.9,diesel,automatic,sedan,1.0,partial,1,Moscow,1,12410.0,1
L103557,Skoda,2018,13963.0,1.1,diesel,automatic,sedan,3.0,none,0,Kazan,63,10460.0,0
L102872,Kia,2012,109484.0,2.5,petrol,automatic,suv,1.0,full,0,Moscow,2,7350.0,1
L104091,Toyota,2015,230394.0,1.3,petrol,manual,hatchback,1.0,,0,Yekaterinburg,12,3850.0,1
L100210,Hyundai,2015,136828.0,2.3,diesel,manual,hatchback,2.0,partial,1,Yekaterinburg,93,6100.0,0
L103293,Kia,2014,,1.5,petrol,manual,hatchback,1.0,none,0,Yekaterinburg,13,5220.0,1
L100511,Volkswagen,2016,74000.0,2.1,petrol,automatic,suv,1.0,partial,0,Moscow,7,11400.0,1
L104156,Skoda,2010,406597.0,1.3,petrol,manual,wagon,3.0,full,0,Novosibirsk,49,1570.0,0
L102757,Kia,2012,108141.0,1.6,hybrid,manual,suv,2.0,partial,0,Yekaterinburg,7,4900.0,1
L102614,BMW,2017,245215.0,1.1,diesel,manual,sedan,,full,0,Moscow,29,7140.0,1
L103856,Hyundai,2020,78236.0,2.3,petrol,automatic,sedan,3.0,partial,0,Yekaterinburg,80,12170.0,0
L102900,Renault,2016,71030.0,2.5,diesel,automatic,suv,2.0,full,0,Moscow,29,10470.0,1
L102592,Skoda,2009,323504.0,2.1,diesel,manual,hatchback,2.0,none,0,Moscow,19,2240.0,1
L102647,BMW,2023,60397.0,,ELECTRIC,automatic,hatchback,2.0,,0,Yekaterinburg,90,33790.0,0
L100683,BMW,2011,326217.0,1.3,petrol,manual,suv,3.0,none,0,Moscow,52,3680.0,0
L103348,Kia,2010,348104.0,3.1,diesel,manual,wagon,1.0,,0,Yekaterinburg,44,2670.0,0
L103690,Ford,2022,51851.0,1.2,hybrid,manual,wagon,5.0,full,0,Moscow,99,20570.0,0
L103073,Hyundai,2021,79850.0,2.0,petrol,automatic,suv,2.0,none,1,Yekaterinburg,54,13340.0,0
L101444,Volkswagen,2015,219988.0,2.0,hybrid,manual,hatchback,2.0,full,0,Yekaterinburg,2,5890.0,1
L101498,Hyundai,2013,384441.0,1.9,petrol,manual,suv,3.0,partial,1,Novosibirsk,85,2480.0,0
L100674,BMW,2015,132291.0,1.5,petrol,automatic,hatchback,2.0,partial,0,Novosibirsk,1,7160.0,1
L100835,Hyundai,2020,25108.0,1.5,petrol,manual,hatchback,1.0,partial,0,Moscow,9,12360.0,1
L103051,Volkswagen,2016,243973.0,1.8,petrol,automatic,hatchback,3.0,full,0,Moscow,73,6970.0,0
L100388,Skoda,2016,130913.0,1.3,PETROL,manual,sedan,5.0,full,0,Moscow,9,5860.0,1
L100465,Skoda,2015,179703.0,2.0,petrol,manual,sedan,3.0,full,0,Moscow,2,5180.0,1
L100618,Kia,2019,1675740.0,1.3,petrol,manual,suv,1.0,partial,1,moscow,63,7850.0,0
L100812,Kia,2016,266310.0,1.8,hybrid,automatic,suv,2.0,full,0,Sochi,5,6540.0,1
L103784,Skoda,2015,239595.0,1.7,petrol,automatic,sedan,2.0,partial,1,Novosibirsk,75,4380.0,0
L100722,Renault,1900,79852.0,2.0,petrol,manual,sedan,3.0,none,0,Sochi,59,10420.0,0
L101187,Hyundai,2012,176582.0,2.3,diesel,manual,sedan,1.0,full,0,Moscow,10,4470.0,1
L101605,Kia,2021,33340.0,1.5,petrol,automatic,sedan,3.0,full,0,Kazan,20,17430.0,1
L103361,Hyundai,2016,92800.0,1.6,petrol,manual,sedan,3.0,partial,0,Yekaterinburg,97,4830.0,0
L101976,Skoda,2015,113482.0,1.3,PETROL,manual,hatchback,1.0,full,0,Moscow,12,6120.0,1
L103661,Kia,2020,61100.0,,electric,automatic,sedan,2.0,full,0,Moscow,2,20980.0,1
L103012,Renault,2018,123262.0,0.9,petrol,automatic,hatchback,1.0,full,0,Kazan,15,7190.0,1
L102655,Hyundai,2018,67408.0,1.1,petrol,manual,sedan,2.0,,1,Kazan,45,6630.0,0
L102472,Toyota,2018,65596.0,1.6,petrol,manual,wagon,2.0,partial,0,Kazan,2,10530.0,1
L100176,Hyundai,2011,277495.0,1.5,diesel,automatic,sedan,3.0,,1,Moscow,79,3330.0,0
L102435,BMW,2019,104987.0,1.4,diesel,automatic,suv,1.0,none,0,sochi,22,20750.0,1
L100540,Toyota,1900,,1.5,petrol,automatic,sedan,2.0,full,0,Sochi,11,26130.0,1
L101876,Hyundai,2013,173665.0,1.8,petrol,automatic,wagon,3.0,none,1,Sochi,49,3530.0,0
L102968,Volkswagen,2019,,3.0,petrol,automatic,hatchback,1.0,full,0,Kazan,88,12750.0,0
L102731,Renault,2007,430000.0,1.5,diesel,manual,hatchback,2.0,partial,0,Kazan,85,1000.0,0
L102768,Ford,2013,87307.0,0.9,diesel,automatic,hatchback,2.0,none,0,Sochi,11,4760.0,1
L101696,Kia,2015,58495.0,1.7,diesel,manual,suv,1.0,full,0,Novosibirsk,40,9170.0,0
L103054,Toyota,2018,102456.0,1.4,diesel,automatic,hatchback,1.0,full,0,Novosibirsk,3,9860.0,1
L102992, Volkswagen ,2011,138091.0,1.5,diesel,manual,sedan,1.0,full,0,Moscow,244,5920.0,0
L103089,Skoda,2015,194168.0,2.1,petrol,automatic,suv,4.0,partial,1,Yekaterinburg,47,5160.0,0
L101807,BMW,2020,32015.0,1.6,petrol,automatic,suv,2.0,,0,Moscow,46,29460.0,0
L104115,Toyota,2013,261874.0,1.8,petrol,manual,sedan,1.0,partial,1,Moscow,6,4260.0,1
L103815,Ford,2016,315976.0,2.1,petrol,automatic,hatchback,2.0,none,0,Moscow,62,4590.0,0
L103868,Hyundai,2021,,2.5,diesel,automatic,wagon,,full,0,Novosibirsk,60,20170.0,0
L103035,Ford,2016,162285.0,1.8,petrol,automatic,sedan,2.0,partial,0,Novosibirsk,15,6570.0,1
L101329,Kia,2017,167229.0,1.9,petrol,automatic,sedan,3.0,partial,1,Moscow,65,8670.0,0
L102081,Hyundai,2023,65287.0,1.5,petrol,automatic,sedan,3.0,partial,0,Sochi,92,16440.0,0
L103097,Kia,2014,261767.0,2.0,diesel,automatic,suv,5.0,none,0,Sochi,89,4080.0,0
L102138,Toyota,2013,112034.0,,electric,automatic,hatchback,3.0,none,1,Yekaterinburg,82,7430.0,0
L103901,BMW,2019,95520.0,2.0,petrol,manual,suv,2.0,full,0,Sochi,51,21800.0,0
L102488,Volkswagen,2016,154272.0,0.9,petrol,automatic,sedan,1.0,,0,Kazan,98,5640.0,0
L102232,Volkswagen,2019,30212.0,1.9,petrol,manual,sedan,1.0,full,0,Moscow,5,15490.0,1
L104087,Kia,2011,,2.1,diesel,manual,hatchback,3.0,full,0,Novosibirsk,5,3540.0,1
L101162,Renault,2007,1672280.0,1.9,petrol,automatic,sedan,3.0,partial,0,Novosibirsk,100,2020.0,0
L102089,Kia,2014,121284.0,1.0,petrol,automatic,wagon,1.0,full,1,Kazan,11,4070.0,1
L102991,Toyota,2014,162380.0,1.6,diesel,automatic,sedan,2.0,full,0,Sochi,210,6210.0,0
L100460,Volkswagen,2017,199563.0,2.7,petrol,automatic,wagon,4.0,partial,0,Novosibirsk,45,6180.0,0
L102196,Volkswagen,2017,116158.0,2.3,petrol,automatic,wagon,2.0,partial,0,Moscow,89,10320.0,0
L103055,Toyota,2018,120306.0,1.5,petrol,manual,wagon,3.0,full,0,Moscow,2,11880.0,1
L101627,Toyota,2016,219954.0,1.7,hybrid,manual,wagon,2.0,partial,1,Sochi,71,5270.0,0
L100416,Hyundai,2010,1249500.0,1.4,petrol,manual,,1.0,full,0,Novosibirsk,69,3860.0,0
L101615,Hyundai,2015,77643.0,1.1,petrol,manual,hatchback,2.0,partial,0,Moscow,13,4930.0,1
L101301,Toyota,2012,158427.0,2.3,petrol,manual,wagon,1.0,full,0,Sochi,67,4600.0,0
L102489,Kia,2020,102106.0,2.4,diesel,automatic,sedan,1.0,full,0,Moscow,4,15300.0,1
L102243, Toyota ,2024,46269.0,2.0,petrol,automatic,sedan,2.0,full,0,Sochi,95,32380.0,0
L102474,Volkswagen,2014,166376.0,2.2,diesel,automatic,hatchback,2.0,full,0,Yekaterinburg,87,5880.0,0
L102704,Kia,2017,118551.0,1.5,petrol,automatic,hatchback,1.0,full,0,Novosibirsk,6,6950.0,1
L102395,Renault,2016,58832.0,2.3,diesel,automatic,sedan,1.0,full,0,Yekaterinburg,14,8350.0,1
L104197,Toyota,2018,109399.0,2.7,diesel,automatic,suv,3.0,partial,0,Moscow,5,13780.0,1
L103459,Ford,2018,49584.0,1.4,hybrid,automatic,sedan,2.0,full,0,Novosibirsk,58,11520.0,0
L100042,Hyundai,2019,34322.0,2.0,petrol,manual,wagon,2.0,none,0,Novosibirsk,10,11210.0,1
L103857,BMW,2016,85910.0,2.5,petrol,automatic,hatchback,1.0,partial,1,Novosibirsk,48,8560.0,0
L103493,Toyota,2019,89189.0,2.2,petrol,automatic,sedan,1.0,full,0,Novosibirsk,15,12140.0,1
L103904,Hyundai,2008,430000.0,2.8,petrol,automatic,suv,1.0,full,1,Kazan,12,1630.0,1
L103725,Toyota,2014,,1.6,hybrid,manual,sedan,2.0,full,0,Kazan,80,4160.0,0
L101800,Toyota,2012,48658.0,2.1,hybrid,automatic,suv,2.0,partial,0,Yekaterinburg,10,7750.0,1
L101211,Volkswagen,2016,95237.0,2.1,petrol,manual,suv,1.0,full,0,Sochi,86,11390.0,0
L100949,Renault,2013,236386.0,2.0,petrol,manual,suv,1.0,partial,0,novosibirsk,16,3790.0,1
L103589,Kia,2015,34092.0,1.4,petrol,manual,sedan,1.0,partial,0,Sochi,1,7510.0,1
L100267,Volkswagen,2018,135692.0,2.5,diesel,manual,hatchback,2.0,full,0,Novosibirsk,3,9980.0,1
L102249,Skoda,2016,130153.0,1.9,DIESEL,manual,suv,2.0,full,1,Moscow,14,8580.0,1
L100113,Renault,2013,105284.0,1.6,petrol,automatic,wagon,2.0,full,1,Moscow,1,4620.0,1
L103365,Kia,2011,218124.0,1.5,petrol,automatic,suv,1.0,full,0,Kazan,12,3290.0,1
L900037,Ford,2014,85674.0,,electric,automatic,sedan,1.0,,1,Kazan,15,7040.0,1
L101811,Volkswagen,2014,103341.0,1.7,petrol,manual,hatchback,1.0,full,0,Kazan,110,6240.0,0
L100864,Hyundai,2010,356510.0,1.3,petrol,automatic,hatchback,2.0,full,0,Novosibirsk,116,1840.0,0
L102733,Toyota,2021,53167.0,1.5,petrol,manual,hatchback,2.0,partial,1,Novosibirsk,52,10490.0,0
L100334,Toyota,2019,55505.0,1.6,petrol,automatic,wagon,1.0,full,0,Moscow,17,16110.0,1
L100807,Hyundai,2010,109130.0,,electric,automatic,suv,1.0,none,1,Moscow,52,4330.0,0
L102910,Hyundai,2012,202807.0,1.2,petrol,manual,wagon,2.0,full,0,Moscow,10,4230.0,1
L102579,Hyundai,2012,102237.0,2.3,petrol,automatic,sedan,1.0,partial,0,Novosibirsk,50,4930.0,0
L104002,Hyundai,2022,20220.0,2.2,petrol,manual,sedan,4.0,none,0,Moscow,62,18780.0,0
L101863,BMW,1900,86932.0,2.4,diesel,manual,hatchback,2.0,partial,0,Kazan,5,7200.0,1
L102777,Hyundai,2018,64922.0,2.4,petrol,manual,suv,2.0,none,0,Novosibirsk,129,11690.0,0
L102902, BMW ,2025,26951.0,1.4,petrol,manual,hatchback,1.0,full,1,Kazan,1,29200.0,1
L100428,Renault,2011,189103.0,1.6,diesel,automatic,suv,4.0,partial,0,Moscow,14,3880.0,1
L103155,Kia,2011,364537.0,,electric,automatic,sedan,4.0,none,1,Kazan,132,2200.0,0
L103528,Ford,2013,154414.0,1.3,petrol,automatic,sedan,2.0,,1,Yekaterinburg,7,3370.0,1
L101527,Skoda,2020,97568.0,2.5,petrol,automatic,suv,3.0,partial,1,Sochi,70,14530.0,0
L100513,Renault,2018,111783.0,1.3,petrol,manual,wagon,2.0,partial,0,Sochi,71,9180.0,0
L101573,Ford,2014,167949.0,1.5,diesel,automatic,suv,1.0,full,0,Moscow,8,7240.0,1
L100605,Volkswagen,2009,195003.0,2.2,petrol,automatic,wagon,2.0,,1,yekaterinburg,48,2750.0,0
L103781,Toyota,2020,72045.0,2.7,petrol,automatic,sedan,3.0,full,0,Sochi,54,17320.0,0
L101845,BMW,2013,215909.0,2.2,diesel,automatic,wagon,1.0,full,0,Moscow,4,7130.0,1
L102525,Toyota,2025,1115.0,2.2,petrol,automatic,hatchback,2.0,full,1,Novosibirsk,13,19000.0,1
L103644,BMW,2011,223151.0,1.0,diesel,automatic,hatchback,2.0,partial,1,Moscow,3,4020.0,1
L102155,Skoda,2023,26090.0,1.6,petrol,automatic,sedan,4.0,none,0,moscow,113,18980.0,0
L102633,Hyundai,2006,272750.0,2.0,petrol,manual,suv,2.0,,1,Kazan,54,1720.0,0
L100841,Kia,2017,69611.0,2.4,petrol,manual,suv,4.0,partial,0,Yekaterinburg,4,8440.0,1
L101412,Volkswagen,2010,,1.8,diesel,manual,suv,2.0,,0,Yekaterinburg,5,3140.0,1
L101754,Kia,2013,120797.0,,ELECTRIC,automatic,sedan,1.0,partial,0,Yekaterinburg,37,5430.0,0
L102397,Ford,2017,286741.0,1.9,petrol,automatic,sedan,1.0,partial,0,Kazan,6,5380.0,1
L102618,Toyota,2013,234001.0,1.2,petrol,manual,sedan,1.0,full,0,Moscow,7,4160.0,1
L104169,Toyota,2020,165158.0,0.9,diesel,manual,sedan,3.0,partial,0,Sochi,2,11530.0,1
L100606,Volkswagen,2010,211123.0,,electric,automatic,hatchback,2.0,partial,0,Sochi,8,3360.0,1
L103561,Toyota,2011,136854.0,1.9,diesel,automatic,wagon,1.0,full,1,Yekaterinburg,12,3560.0,1
L102342,Hyundai,2017,111481.0,,electric,automatic,wagon,2.0,none,0,Yekaterinburg,3,10460.0,1
L102945, BMW ,2022,173541.0,,electric,automatic,,3.0,partial,0,Novosibirsk,4,18300.0,1
L102482,Volkswagen,2025,19080.0,2.5,petrol,manual,suv,4.0,partial,0,Yekaterinburg,118,31080.0,0
L101636,Volkswagen,2016,159996.0,1.9,diesel,automatic,sedan,2.0,full,0,Yekaterinburg,16,8640.0,1
L102350,Kia,2018,202810.0,1.6,hybrid,automatic,hatchback,2.0,,0,Sochi,84,8340.0,0
L102802,Hyundai,2019,111365.0,2.2,diesel,automatic,sedan,3.0,partial,0,Moscow,51,12310.0,0
L103675,Renault,2017,93497.0,2.3,PETROL,automatic,suv,2.0,full,0,Moscow,6,10900.0,1
L101010,Toyota,2016,256349.0,2.4,petrol,automatic,wagon,3.0,partial,0,Kazan,70,5120.0,0
L102928,Renault,2017,164337.0,1.6,petrol,manual,hatchback,3.0,partial,0,Sochi,58,6250.0,0
L101138,Renault,2021,54309.0,1.8,petrol,manual,sedan,4.0,full,0,Novosibirsk,58,12330.0,0
L102120,Skoda,2015,215380.0,1.9,petrol,manual,sedan,4.0,partial,0,Novosibirsk,9,4580.0,1
L101317,Kia,2023,12188.0,2.1,petrol,manual,sedan,1.0,partial,0,Moscow,8,20630.0,1
L101569,Kia,2017,159391.0,2.4,diesel,automatic,wagon,2.0,none,1,Sochi,2,6040.0,1
L101104,Skoda,2019,80257.0,1.3,hybrid,manual,hatchback,1.0,,0,Sochi,7,10910.0,1
L100673,Skoda,2021,28855.0,0.9,petrol,automatic,wagon,1.0,,0,Yekaterinburg,8,14360.0,1
L100002,BMW,2016,102185.0,1.8,hybrid,automatic,suv,1.0,full,1,Moscow,19,16940.0,1
L101391,Toyota,2014,140659.0,1.7,diesel,manual,suv,3.0,none,0,Novosibirsk,6,5950.0,1
L100297,Toyota,2015,32249.0,1.9,hybrid,manual,sedan,2.0,full,0,Kazan,6,9720.0,1
L900033,Volkswagen,2013,298202.0,2.2,petrol,manual,sedan,2.0,partial,0,Novosibirsk,81,3980.0,0
L102020,Volkswagen,2015,109725.0,1.5,DIESEL,automatic,hatchback,1.0,full,0,Moscow,8,7770.0,1
L100974,Skoda,2014,98304.0,2.9,petrol,manual,suv,2.0,full,0,Novosibirsk,79,7230.0,0
L102278,Volkswagen,2016,172138.0,1.1,petrol,automatic,suv,2.0,partial,0,Yekaterinburg,83,6970.0,0
L103262,Hyundai,2009,201230.0,2.2,hybrid,manual,hatchback,1.0,full,1,Moscow,4,3570.0,1
L101984,Toyota,2014,281689.0,,electric,automatic,sedan,1.0,full,0,Moscow,3,7450.0,1
L900021,Skoda,2017,95991.0,1.8,petrol,manual,hatchback,2.0,partial,1,Kazan,51,6940.0,0
L102650,Volkswagen,2010,404852.0,2.0,diesel,manual,sedan,3.0,full,1,Novosibirsk,56,1620.0,0
L102971,Skoda,2020,30542.0,2.1,petrol,manual,sedan,3.0,full,1,Kazan,80,11770.0,0
L103869,Hyundai,2016,126688.0,3.1,diesel,automatic,sedan,4.0,partial,1,Novosibirsk,50,5740.0,0
L101493,Volkswagen,2014,78010.0,2.1,diesel,manual,wagon,2.0,partial,0,Novosibirsk,7,6390.0,1
L102529,Volkswagen,2021,57640.0,1.6,diesel,automatic,suv,2.0,none,0,Kazan,1,14420.0,1
L900049, Toyota ,2014,170972.0,1.7,diesel,automatic,suv,2.0,none,0,Moscow,46,7040.0,0
L100144,Ford,2017,102598.0,1.9,hybrid,automatic,hatchback,1.0,full,0,Moscow,12,10130.0,1
L101215,Renault,2014,229475.0,2.1,DIESEL,automatic,hatchback,1.0,full,1,Sochi,79,4880.0,0
L100250,Kia,2017,166146.0,1.6,diesel,automatic,sedan,4.0,full,0,Moscow,132,7390.0,0
L101446,Kia,2013,252086.0,1.7,diesel,automatic,suv,2.0,none,0,Novosibirsk,91,3440.0,0
L103306,BMW,2011,109104.0,2.4,petrol,manual,hatchback,1.0,full,1,Moscow,124,5840.0,0
L101042,Kia,2020,63627.0,1.1,diesel,manual,wagon,1.0,,0,Novosibirsk,10,10640.0,1
L101600,Ford,2018,138948.0,2.4,petrol,manual,wagon,4.0,full,0,Novosibirsk,47,6240.0,0
L100996,Renault,2015,262851.0,0.9,petrol,automatic,sedan,2.0,full,0,Moscow,1,5120.0,1
L101833,Toyota,2019,,1.6,petrol,manual,hatchback,3.0,full,1,Novosibirsk,64,8360.0,0
L100247,Volkswagen,2018,83403.0,1.4,HYBRID,manual,hatchback,1.0,full,1,yekaterinburg,4,10860.0,1
L104031,Ford,2014,181031.0,2.4,petrol,automatic,sedan,2.0,full,1,Kazan,103,4150.0,0
L103930,BMW,2021,73893.0,2.6,petrol,manual,wagon,3.0,full,0,Sochi,69,25780.0,0
L103985,Toyota,2014,-1.0,2.6,diesel,automatic,wagon,3.0,partial,1,Moscow,99,4330.0,0
L100923,Toyota,2020,46291.0,1.1,petrol,manual,hatchback,2.0,partial,1,Sochi,41,13210.0,0
L104054,Kia,2012,261292.0,1.7,petrol,manual,hatchback,2.0,none,1,Moscow,37,2420.0,0
L102110,Toyota,2007,119303.0,2.2,petrol,automatic,suv,1.0,none,0,Yekaterinburg,52,3500.0,0
L101017,Volkswagen,2014,288967.0,1.6,petrol,manual,sedan,3.0,partial,0,Kazan,126,3880.0,0
L100707,Hyundai,2021,29818.0,1.2,hybrid,automatic,suv,1.0,full,1,Sochi,62,22860.0,0
L101961,Volkswagen,2022,41079.0,2.2,petrol,manual,sedan,3.0,partial,0,Yekaterinburg,103,19210.0,0
L102122,Volkswagen,2016,67050.0,1.5,petrol,automatic,sedan,3.0,full,0,Novosibirsk,13,7990.0,1
L101860,Volkswagen,2015,233289.0,1.2,diesel,automatic,sedan,2.0,partial,0,Kazan,154,5530.0,0
L101149,Ford,2020,125815.0,1.0,petrol,automatic,sedan,2.0,partial,0,Sochi,108,10890.0,0
L101971,Hyundai,2017,26548.0,1.3,petrol,automatic,wagon,4.0,none,0,Yekaterinburg,4,7730.0,1
L101530,Skoda,2017,67521.0,2.1,diesel,manual,wagon,3.0,,0,Moscow,3,10270.0,1
L100073,Volkswagen,2019,103298.0,1.7,petrol,manual,suv,,partial,1,Moscow,13,14240.0,1
L101821,Ford,2016,87219.0,2.3,DIESEL,manual,hatchback,2.0,partial,1,Moscow,61,6150.0,0
L102458,BMW,2015,191448.0,2.1,diesel,manual,sedan,1.0,full,1,Moscow,66,9240.0,0
L101239,Volkswagen,2008,165188.0,2.1,petrol,automatic,suv,1.0,none,1,Moscow,55,3330.0,0
L100832,BMW,2020,48733.0,1.2,petrol,automatic,suv,3.0,partial,0,moscow,4,22520.0,1
L100092,BMW,2016,225464.0,0.9,petrol,automatic,sedan,1.0,full,0,Moscow,96,10010.0,0
L103848,Ford,2012,4012300.0,2.5,diesel,automatic,sedan,5.0,full,1,Moscow,2,1940.0,1
L101843,Kia,2015,371977.0,2.3,petrol,automatic,suv,1.0,full,1,Moscow,87,5180.0,0
L100384,Renault,2019,114144.0,1.2,diesel,automatic,suv,2.0,full,1,Moscow,75,10700.0,0
L101973,Ford,2015,303926.0,2.1,petrol,manual,sedan,4.0,full,0,Yekaterinburg,54,3210.0,0
L102011,BMW,2013,215292.0,2.4,petrol,manual,sedan,1.0,full,0,Novosibirsk,95,6370.0,0
L102558,Kia,2016,214367.0,1.6,PETROL,manual,sedan,2.0,full,0,moscow,5,5330.0,1
L103209,Toyota,2018,112880.0,1.9,petrol,manual,suv,1.0,full,0,Kazan,78,15900.0,0
L101380,Hyundai,2010,430000.0,2.0,diesel,manual,sedan,2.0,partial,0,Kazan,77,1500.0,0
L101349,Ford,2009,263346.0,1.5,petrol,manual,sedan,1.0,none,1,Yekaterinburg,118,1720.0,0
L100898,Hyundai,2016,28366.0,1.7,diesel,automatic,sedan,1.0,full,0,Moscow,79,12400.0,0
L104165,Skoda,2008,270519.0,1.6,diesel,automatic,suv,2.0,,1,Novosibirsk,53,1970.0,0
L100764,Kia,2011,430000.0,2.2,petrol,manual,wagon,1.0,none,0,Yekaterinburg,58,1760.0,0
L100453,Skoda,2012,370020.0,1.3,petrol,automatic,wagon,1.0,partial,0,Moscow,240,2880.0,0
L102284,Renault,2020,117726.0,,electric,automatic,hatchback,1.0,partial,0,Kazan,3,13290.0,1
L100127,BMW,2005,125477.0,1.8,petrol,manual,suv,3.0,none,0,Sochi,61,2660.0,0
L103551,Skoda,2013,-1.0,1.4,diesel,automatic,sedan,1.0,full,0,Yekaterinburg,4,3360.0,1
L103469,Kia,2016,291440.0,,electric,automatic,hatchback,2.0,full,1,Yekaterinburg,2,6130.0,1
L102182,Renault,2021,127868.0,2.2,hybrid,automatic,sedan,1.0,full,1,Novosibirsk,45,12810.0,0
L100959, Hyundai ,2016,117383.0,2.1,petrol,automatic,sedan,1.0,none,0,Kazan,119,7610.0,0
L101617,Ford,2015,,2.2,hybrid,manual,hatchback,1.0,full,0,Kazan,4,5210.0,1
L102835,BMW,2008,430000.0,1.3,hybrid,automatic,hatchback,1.0,none,0,Kazan,15,2120.0,1
L102030,BMW,2020,52520.0,2.6,petrol,manual,hatchback,1.0,full,1,Moscow,8,18050.0,1
L103037,Kia,2015,86576.0,1.7,petrol,automatic,suv,3.0,full,0,Moscow,11,8940.0,1
L100713,Toyota,2008,178792.0,1.5,diesel,automatic,sedan,2.0,none,0,Moscow,54,2300.0,0
L101657,Toyota,2015,35598.0,2.0,diesel,automatic,suv,1.0,full,0,Moscow,3,11870.0,1
L101691,BMW,2017,85163.0,1.6,petrol,automatic,suv,2.0,full,0,Moscow,15,15170.0,1
L102834,Kia,2016,,1.3,petrol,manual,hatchback,2.0,full,0,Moscow,9,5800.0,1
L102684,Toyota,2016,82681.0,1.6,petrol,automatic,hatchback,2.0,partial,0,Kazan,71,8640.0,0
L102105,Skoda,2019,46307.0,1.7,petrol,automatic,suv,,partial,0,Kazan,2,13170.0,1
L100860,Hyundai,2020,56354.0,1.9,petrol,manual,suv,,full,0,Yekaterinburg,2,15340.0,1
L103408,Hyundai,2015,41396.0,2.1,diesel,manual,suv,2.0,full,0,Yekaterinburg,46,8960.0,0
L101987,Toyota,2016,159909.0,2.3,diesel,manual,sedan,2.0,none,0,Kazan,59,6480.0,0
L103218,Renault,2021,65290.0,,electric,automatic,wagon,2.0,none,0,Yekaterinburg,1,20760.0,1
L103212,Volkswagen,2014,157578.0,1.4,petrol,manual,sedan,3.0,full,0,Kazan,3,5510.0,1
L102362,Skoda,2018,84924.0,2.2,diesel,automatic,wagon,2.0,partial,1,Novosibirsk,62,9810.0,0
L103928,Renault,2011,171728.0,2.5,diesel,automatic,sedan,2.0,partial,0,Moscow,3,5220.0,1
L101694,Volkswagen,2013,133521.0,1.4,hybrid,automatic,wagon,2.0,none,1,Moscow,96,5520.0,0
L102272,Toyota,2014,103020.0,0.9,diesel,manual,sedan,5.0,none,0,Moscow,83,5260.0,0
L100308,Hyundai,2025,24516.0,1.7,petrol,automatic,suv,4.0,full,0,Yekaterinburg,153,25120.0,0
L103511,Toyota,2013,305779.0,,electric,automatic,sedan,2.0,,0,Moscow,3,5620.0,1
L100917,Toyota,2017,225243.0,1.6,petrol,automatic,suv,2.0,full,1,Moscow,12,8700.0,1
L100482, BMW ,2013,,2.3,petrol,manual,hatchback,3.0,none,0,Novosibirsk,38,3160.0,0
L102909,Renault,2020,74476.0,2.2,hybrid,automatic,suv,1.0,partial,0,Yekaterinburg,4,16420.0,1
L102400,Ford,2014,136043.0,1.3,hybrid,manual,hatchback,2.0,full,0,Kazan,4,4770.0,1
L101084,Ford,2022,100264.0,2.6,petrol,manual,sedan,2.0,none,0,Kazan,118,13970.0,0
L101286,Skoda,2021,59447.0,1.8,petrol,manual,suv,2.0,full,0,Sochi,83,20100.0,0
L103831,Ford,2015,126625.0,2.5,petrol,automatic,sedan,2.0,partial,0,Kazan,122,6010.0,0
L100088,Toyota,2016,200885.0,1.7,PETROL,manual,suv,3.0,partial,0,Yekaterinburg,54,5780.0,0
L102125,Volkswagen,2016,137497.0,2.0,petrol,automatic,,4.0,full,1,Yekaterinburg,13,7320.0,1
L101220,Toyota,2019,141047.0,2.5,petrol,automatic,suv,1.0,full,0,Moscow,100,20150.0,0
L102475, Skoda ,2016,97347.0,1.7,petrol,manual,hatchback,2.0,,0,Novosibirsk,212,6410.0,0
L104106,Volkswagen,2021,163133.0,1.7,petrol,automatic,hatchback,1.0,full,0,Moscow,6,13850.0,1
L101923,Volkswagen,2016,95750.0,1.6,diesel,automatic,sedan,2.0,full,0,Moscow,9,8690.0,1
L103178, Skoda ,2013,206676.0,0.9,petrol,manual,suv,2.0,none,0,Moscow,139,4950.0,0
L100239,Kia,2018,106080.0,2.1,diesel,manual,sedan,2.0,full,1,Sochi,88,8790.0,0
L100554,Volkswagen,2019,109454.0,,electric,automatic,suv,2.0,partial,0,Moscow,11,25570.0,1
L102976,Renault,2007,150800.0,2.1,diesel,automatic,sedan,3.0,none,0,Moscow,47,2250.0,0
L100597,BMW,2017,197619.0,1.4,petrol,manual,sedan,3.0,full,0,Moscow,4,8840.0,1
L103331,Skoda,2018,34695.0,1.6,diesel,automatic,sedan,2.0,,0,Novosibirsk,7,12670.0,1
L103407,Renault,2015,163479.0,2.2,petrol,automatic,hatchback,1.0,none,0,Moscow,14,5960.0,1
L101328,Toyota,2015,,3.6,diesel,automatic,sedan,1.0,full,1,Kazan,3,9680.0,1
L103213,Toyota,2017,97141.0,1.5,petrol,manual,,3.0,full,0,Novosibirsk,98,8650.0,0
L101332,Hyundai,2018,75087.0,2.3,petrol,manual,hatchback,3.0,full,1,Sochi,117,8800.0,0
L100642,Kia,2016,127521.0,2.0,diesel,manual,suv,3.0,full,0,Kazan,220,7960.0,0
L102699,Volkswagen,2019,229665.0,1.7,diesel,automatic,suv,1.0,none,0,Novosibirsk,70,12320.0,0
L101072,Volkswagen,2011,147243.0,1.0,diesel,automatic,suv,5.0,none,0,Kazan,61,4090.0,0
L101894,Skoda,2018,67416.0,1.8,diesel,manual,wagon,3.0,full,0,Moscow,53,11010.0,0
L101205,Hyundai,2022,29466.0,1.6,petrol,manual,hatchback,4.0,full,0,Novosibirsk,63,12520.0,0
L101719,Renault,2013,326139.0,2.2,hybrid,automatic,hatchback,2.0,full,0,Kazan,10,2940.0,1
L101566,Toyota,2011,149013.0,1.8,petrol,manual,sedan,4.0,none,0,Kazan,73,2960.0,0
L102545,Renault,2017,121529.0,,electric,automatic,hatchback,3.0,partial,0,Sochi,90,8650.0,0
L102366,Hyundai,2020,120841.0,1.3,petrol,automatic,sedan,5.0,partial,1,Yekaterinburg,59,7450.0,0
L100477,Renault,2018,54528.0,1.6,petrol,automatic,sedan,1.0,none,0,Kazan,4,8160.0,1
L103189,Toyota,2012,165368.0,1.8,petrol,manual,suv,3.0,full,1,Moscow,79,6300.0,0
L101460,Toyota,2015,30067.0,1.3,petrol,automatic,wagon,1.0,partial,1,Moscow,125,8790.0,0
L100044,Kia,2017,113290.0,1.7,petrol,automatic,suv,2.0,full,1,Moscow,5,9670.0,1
L101675,BMW,2017,13874.0,2.9,petrol,manual,wagon,1.0,partial,0,Novosibirsk,15,18270.0,1
L100191,BMW,2019,169861.0,2.9,diesel,manual,hatchback,2.0,none,0,Yekaterinburg,93,11300.0,0
L103157,Renault,2015,163250.0,2.3,hybrid,automatic,suv,1.0,full,0,Novosibirsk,6,7800.0,1
L101485,Renault,2020,78382.0,1.3,diesel,automatic,wagon,2.0,none,1,Kazan,56,9910.0,0
L101808,Toyota,2024,55052.0,1.2,petrol,manual,hatchback,3.0,partial,1,Novosibirsk,41,15530.0,0
L101796,Kia,2018,48019.0,2.4,petrol,manual,sedan,1.0,full,0,Moscow,10,13670.0,1
L103289,Hyundai,2022,74944.0,2.1,petrol,manual,hatchback,1.0,partial,0,Novosibirsk,62,13690.0,0
L102417,Volkswagen,2016,55447.0,,electric,automatic,sedan,3.0,partial,0,Moscow,54,12880.0,0
L104142,Kia,2011,,2.2,petrol,automatic,sedan,3.0,full,0,Yekaterinburg,1,3960.0,1
L101774,Hyundai,2012,149087.0,1.5,petrol,manual,suv,2.0,,0,Novosibirsk,75,3830.0,0
L103615,Volkswagen,2023,45232.0,2.2,hybrid,automatic,sedan,2.0,full,0,Sochi,5,26130.0,1
L103413,Skoda,2014,93997.0,1.1,diesel,automatic,suv,3.0,partial,0,Kazan,21,7010.0,1
L104066,Skoda,2016,150789.0,1.9,diesel,manual,wagon,2.0,full,1,Novosibirsk,77,5860.0,0
L102750,Kia,2021,,2.4,petrol,manual,wagon,4.0,full,0,Moscow,3,14110.0,1
L100993,Skoda,2017,166933.0,2.5,petrol,automatic,sedan,3.0,full,0,Kazan,69,7140.0,0
L100989,Toyota,2016,164523.0,2.2,petrol,manual,suv,1.0,full,0,Sochi,4,11210.0,1
L101507,Skoda,2020,100922.0,1.8,hybrid,manual,hatchback,2.0,partial,1,Moscow,98,12840.0,0
L103346,BMW,2022,,1.8,diesel,automatic,suv,1.0,full,0,Kazan,7,30370.0,1
L102751,Skoda,2016,129054.0,1.9,petrol,manual,suv,5.0,full,0,Moscow,14,9310.0,1
L900028,Kia,2025,15066.0,2.7,diesel,manual,sedan,1.0,partial,0,Kazan,165,27460.0,0
L103634,Skoda,2012,253243.0,3.3,petrol,automatic,sedan,,partial,0,Sochi,4,4590.0,1
L101865, Volkswagen ,2016,130110.0,1.7,petrol,manual,hatchback,3.0,,0,Yekaterinburg,130,5670.0,0
L102759,Renault,2009,430000.0,1.9,hybrid,automatic,hatchback,1.0,,1,Moscow,4,1520.0,1
L100918,Volkswagen,2013,95730.0,,electric,automatic,suv,1.0,full,0,Yekaterinburg,62,10580.0,0
L101585,Kia,2013,208964.0,1.3,petrol,manual,hatchback,3.0,full,1,Sochi,73,3970.0,0
L103967,Toyota,2014,108826.0,1.9,hybrid,automatic,suv,1.0,partial,0,Sochi,86,8080.0,0
L102304,Kia,2022,31567.0,1.4,diesel,manual,suv,2.0,full,0,Sochi,44,21650.0,0
L100435,Toyota,2012,121820.0,2.0,hybrid,automatic,hatchback,2.0,full,0,Moscow,8,5650.0,1
L102649,Renault,2010,302979.0,1.3,diesel,automatic,wagon,2.0,none,1,Kazan,39,1780.0,0
L900006,Skoda,2020,31647.0,1.6,petrol,automatic,hatchback,1.0,,0,Moscow,82,18720.0,0
L102638,Skoda,2021,42678.0,1.4,petrol,manual,sedan,1.0,full,0,Moscow,9,19530.0,1
L102056,Ford,2019,147760.0,1.1,petrol,manual,suv,3.0,full,1,Novosibirsk,3,8760.0,1
L102462,BMW,2014,145807.0,1.6,diesel,manual,sedan,1.0,partial,0,Novosibirsk,10,7820.0,1
L102772,Toyota,2022,55553.0,2.4,petrol,automatic,suv,1.0,full,0,Moscow,1,32260.0,1
L100096,Ford,2021,76836.0,,electric,automatic,sedan,1.0,full,0,Moscow,10,22760.0,1
L104058,Skoda,2018,85796.0,1.9,hybrid,automatic,hatchback,2.0,full,0,Kazan,95,11380.0,0
L104102,Volkswagen,2019,5238.0,1.4,diesel,manual,suv,1.0,full,1,Moscow,2,14440.0,1
L103101,BMW,2020,96990.0,1.5,diesel,automatic,hatchback,4.0,full,0,Sochi,11,16320.0,1
L100160,Ford,2018,111065.0,,electric,automatic,sedan,5.0,none,0,Novosibirsk,75,10440.0,0
L102550,Toyota,2021,30650.0,1.7,petrol,manual,sedan,2.0,none,0,Moscow,107,18640.0,0
L102373,Skoda,2016,51883.0,1.8,PETROL,manual,hatchback,2.0,full,1,Moscow,69,7610.0,0
L103021,Volkswagen,2020,73434.0,2.0,PETROL,automatic,suv,1.0,full,0,Sochi,59,18010.0,0
L100022,Hyundai,2016,135129.0,2.4,diesel,automatic,hatchback,3.0,partial,0,Moscow,74,7390.0,0
L102041,Kia,2018,170485.0,1.3,petrol,automatic,hatchback,3.0,partial,0,Novosibirsk,43,7330.0,0
L103691,Toyota,2018,147233.0,1.7,petrol,automatic,hatchback,1.0,full,0,Moscow,4,9120.0,1
L103169,Volkswagen,2012,238879.0,1.9,hybrid,automatic,suv,1.0,none,1,Kazan,97,4480.0,0
L102115,Volkswagen,2024,27904.0,2.8,diesel,automatic,hatchback,2.0,full,0,Sochi,65,26210.0,0
L101671,Ford,2012,90372.0,2.4,hybrid,automatic,hatchback,1.0,none,0,Moscow,14,5240.0,1
L100248,Renault,2021,91501.0,1.5,diesel,automatic,hatchback,4.0,partial,0,Kazan,8,10720.0,1
L102585,Volkswagen,2017,101375.0,2.7,petrol,automatic,suv,2.0,none,0,Moscow,85,12820.0,0
L103938,Renault,2019,91565.0,,electric,automatic,hatchback,1.0,full,0,Kazan,78,14730.0,0
L103975,Volkswagen,2022,95739.0,1.7,petrol,automatic,hatchback,1.0,full,0,Novosibirsk,57,14650.0,0
L103756,Toyota,2015,179479.0,2.2,petrol,automatic,sedan,3.0,full,0,Kazan,77,7200.0,0
L102806,BMW,2022,81322.0,1.6,petrol,manual,sedan,2.0,full,0,Yekaterinburg,125,22620.0,0
L102091,Volkswagen,2011,199136.0,2.3,diesel,manual,hatchback,3.0,partial,1,Novosibirsk,79,2800.0,0
L100132,Hyundai,2017,134366.0,1.9,petrol,manual,hatchback,2.0,full,0,Kazan,2,6800.0,1
L103964,Hyundai,2014,157267.0,1.8,petrol,manual,suv,2.0,full,1,Kazan,47,4760.0,0
L103152,Renault,2013,111888.0,1.3,diesel,automatic,suv,4.0,none,0,Sochi,175,5060.0,0
L101150,Hyundai,2018,203438.0,1.8,petrol,automatic,hatchback,2.0,partial,0,Moscow,10,7050.0,1
L100271,BMW,2014,171206.0,1.6,petrol,automatic,suv,2.0,full,1,Kazan,16,8130.0,1
L101194,Volkswagen,2011,163726.0,2.5,diesel,automatic,hatchback,3.0,full,0,Sochi,13,4500.0,1
L101766,Renault,2021,34995.0,1.4,petrol,manual,suv,3.0,none,0,Moscow,41,15970.0,0
L100249,Renault,2017,96427.0,2.5,petrol,automatic,suv,1.0,partial,0,Moscow,47,13700.0,0
L103302,Toyota,2021,63733.0,3.1,petrol,automatic,sedan,1.0,none,0,Moscow,5,20230.0,1
L102266,Skoda,2016,257624.0,1.7,petrol,manual,hatchback,1.0,full,0,Moscow,9,5980.0,1
L102193,Toyota,2015,221676.0,2.1,diesel,manual,sedan,1.0,full,0,Moscow,9,7940.0,1
L102661,BMW,2017,166998.0,0.9,petrol,manual,sedan,1.0,partial,0,Novosibirsk,52,8110.0,0
L101537,Hyundai,2018,49612.0,2.1,diesel,automatic,hatchback,2.0,partial,0,Moscow,7,12190.0,1
L101129,Ford,2010,88620.0,0.9,petrol,automatic,sedan,2.0,,0,Kazan,8,3130.0,1
L103723,BMW,2017,200621.0,3.0,diesel,manual,hatchback,3.0,full,0,Yekaterinburg,91,10510.0,0
L100710,BMW,2021,55639.0,2.4,petrol,automatic,hatchback,3.0,full,1,Novosibirsk,57,16620.0,0
L101839,Skoda,2018,91012.0,2.0,petrol,automatic,hatchback,3.0,full,0,Sochi,63,11250.0,0
L104125,BMW,2016,169715.0,2.1,petrol,automatic,suv,4.0,partial,1,Moscow,47,10420.0,0
L100834,Toyota,2014,180907.0,3.0,hybrid,manual,wagon,1.0,,0,Novosibirsk,10,7120.0,1
L103217,Skoda,2009,188821.0,0.9,petrol,automatic,wagon,2.0,partial,0,Sochi,45,2680.0,0
L103149,Toyota,2013,370580.0,1.5,diesel,automatic,suv,1.0,full,0,Moscow,2,5040.0,1
L102377,Renault,2015,114650.0,2.2,petrol,automatic,hatchback,3.0,full,0,Moscow,88,6710.0,0
L103876,Volkswagen,2016,81645.0,2.0,petrol,manual,wagon,1.0,none,1,Moscow,78,8860.0,0
L100608,BMW,2017,215840.0,2.1,hybrid,automatic,suv,1.0,full,0,Yekaterinburg,144,12340.0,0
L101848,Toyota,2024,12925.0,1.9,petrol,automatic,hatchback,1.0,partial,0,Moscow,3,32840.0,1
L102941,Skoda,2018,73243.0,0.9,petrol,automatic,sedan,,partial,0,Kazan,5,9300.0,1
L104055,Hyundai,2014,319730.0,1.8,diesel,automatic,sedan,1.0,full,0,Moscow,2,4380.0,1
L101433,Hyundai,2010,87215.0,3.1,diesel,automatic,hatchback,3.0,partial,0,Kazan,44,3290.0,0
L102869,Toyota,2018,105263.0,2.1,PETROL,manual,hatchback,2.0,none,1,Moscow,38,8370.0,0
L100504,Skoda,2015,115984.0,1.4,diesel,automatic,hatchback,3.0,partial,1,Kazan,111,4790.0,0
L102497,Hyundai,2015,172589.0,0.9,petrol,manual,wagon,1.0,partial,1,Moscow,49,4960.0,0
L101310,Ford,2020,,2.1,petrol,automatic,suv,3.0,full,0,Moscow,5,15710.0,1
L101026,Renault,2014,96754.0,1.7,petrol,automatic,sedan,2.0,full,0,Novosibirsk,11,5690.0,1
L103576,Toyota,2015,950750.0,1.9,petrol,manual,wagon,1.0,none,0,Novosibirsk,5,6400.0,1
L100941,Volkswagen,2019,60367.0,2.4,petrol,manual,hatchback,3.0,none,1,Sochi,62,9760.0,0
L103086,BMW,2017,193444.0,1.3,diesel,manual,hatchback,2.0,none,0,Moscow,85,8880.0,0
L101968,Hyundai,2020,93066.0,1.9,petrol,manual,hatchback,2.0,full,0,Moscow,4,12970.0,1
L101994,Hyundai,2012,,1.8,diesel,automatic,hatchback,1.0,full,1,Kazan,101,2680.0,0
L101022,Volkswagen,2020,177984.0,1.0,petrol,automatic,suv,1.0,none,0,Moscow,64,14000.0,0
L102600,Volkswagen,2016,208854.0,2.0,hybrid,automatic,hatchback,3.0,partial,0,Moscow,15,7420.0,1
L100265,Ford,2011,334906.0,2.5,petrol,manual,hatchback,1.0,partial,0,Yekaterinburg,73,2360.0,0
L900024,Skoda,2012,187947.0,2.6,petrol,manual,sedan,1.0,partial,0,yekaterinburg,80,3640.0,0
L100953,Hyundai,2012,93031.0,1.6,petrol,automatic,hatchback,1.0,,0,Kazan,56,4000.0,0
L103917,Hyundai,2018,,1.4,diesel,manual,wagon,1.0,,0,Moscow,104,10790.0,0
L102353,Skoda,2014,212605.0,2.0,petrol,automatic,wagon,2.0,full,0,Kazan,1,5490.0,1
L102408,Kia,2012,101949.0,2.0,petrol,automatic,hatchback,4.0,full,0,Moscow,2,5610.0,1
L103969,Kia,2014,213062.0,1.3,petrol,automatic,wagon,2.0,none,0,Novosibirsk,45,4160.0,0
L900001,Hyundai,2016,195695.0,3.0,diesel,manual,sedan,2.0,partial,0,Kazan,53,7300.0,0
L100678,Toyota,2016,154151.0,2.8,petrol,manual,sedan,2.0,partial,1,Kazan,144,5960.0,0
L103744,BMW,2008,334251.0,1.4,petrol,automatic,wagon,3.0,full,0,Moscow,47,2900.0,0
L102800,Ford,2010,142642.0,1.5,petrol,automatic,sedan,2.0,full,1,Kazan,4,2420.0,1
L100274,Skoda,2025,12748.0,2.6,petrol,automatic,wagon,1.0,full,0,Moscow,17,36220.0,1
L102434,BMW,2013,206388.0,1.5,petrol,manual,hatchback,2.0,none,1,Sochi,71,3850.0,0
L102075,Hyundai,2016,269113.0,1.6,petrol,manual,sedan,1.0,partial,1,Sochi,143,4530.0,0
L101470,Toyota,2025,15524.0,2.5,diesel,automatic,sedan,4.0,none,0,Yekaterinburg,122,28240.0,0
L104171,BMW,2010,220272.0,0.9,diesel,manual,wagon,2.0,full,1,Kazan,6,3230.0,1
L100886,Renault,2015,175523.0,1.7,petrol,automatic,sedan,1.0,full,0,Kazan,90,4710.0,0
L100232,Ford,2013,240142.0,1.7,diesel,manual,wagon,1.0,partial,1,Sochi,66,3570.0,0
L100613,Hyundai,2015,91628.0,1.6,petrol,automatic,suv,2.0,partial,0,Novosibirsk,5,7370.0,1
L101256,Hyundai,2013,228659.0,2.2,diesel,manual,sedan,,partial,0,Sochi,56,4720.0,0
L104049,Volkswagen,2012,205281.0,1.4,petrol,automatic,hatchback,3.0,,0,Kazan,101,2770.0,0
L100873,BMW,2016,250896.0,1.9,diesel,automatic,suv,2.0,full,0,Yekaterinburg,6,9070.0,1
L103763,Toyota,2014,158202.0,0.9,diesel,automatic,sedan,1.0,none,0,Sochi,140,5220.0,0
L103800,Hyundai,2010,91642.0,2.1,diesel,manual,sedan,3.0,partial,0,Kazan,45,3490.0,0
L101851,Skoda,2016,147390.0,1.6,petrol,manual,hatchback,2.0,full,0,Moscow,27,7160.0,1
L102708,Hyundai,2017,212234.0,2.5,diesel,automatic,suv,1.0,full,0,Sochi,51,11470.0,0
L103334,Skoda,2012,155352.0,1.2,diesel,automatic,suv,1.0,full,0,Sochi,6,4900.0,1
L101806,Ford,2021,66741.0,1.9,petrol,automatic,sedan,1.0,partial,0,Moscow,93,22180.0,0
L103032,Renault,2015,109668.0,2.4,PETROL,automatic,hatchback,3.0,partial,0,Moscow,48,5270.0,0
L100880,Skoda,2022,118409.0,1.5,diesel,automatic,sedan,3.0,partial,1,Moscow,41,15010.0,0
L102001,Renault,2022,68662.0,2.2,petrol,automatic,hatchback,2.0,none,0,Moscow,5,15520.0,1
L102773,BMW,2025,16983.0,2.3,diesel,manual,suv,2.0,none,0,novosibirsk,84,35640.0,0
L101609,Volkswagen,2014,191350.0,1.5,diesel,manual,hatchback,1.0,full,0,Moscow,6,6840.0,1
L100647,Toyota,2017,312545.0,1.9,petrol,automatic,hatchback,2.0,partial,1,Novosibirsk,74,4160.0,0
L103123,Volkswagen,2021,137487.0,1.6,petrol,automatic,sedan,3.0,full,0,Yekaterinburg,9,12390.0,1
L101765,Volkswagen,2018,89514.0,2.6,hybrid,manual,hatchback,1.0,full,0,Moscow,74,12810.0,0
L102683,Volkswagen,2020,18115.0,2.1,petrol,manual,wagon,1.0,none,0,Kazan,77,14670.0,0
L104001,Volkswagen,2012,88308.0,2.3,petrol,manual,hatchback,1.0,none,0,Yekaterinburg,2,4170.0,1
L102503,Hyundai,2017,100385.0,1.3,hybrid,manual,suv,2.0,none,0,Yekaterinburg,12,9970.0,1
L100036,Kia,2022,25308.0,1.9,petrol,automatic,wagon,2.0,full,0,Novosibirsk,62,17310.0,0
L102954,Kia,2017,83107.0,2.2,petrol,automatic,hatchback,3.0,none,1,Yekaterinburg,105,5690.0,0
L101706,Ford,2014,95536.0,1.8,diesel,automatic,hatchback,3.0,,0,Moscow,12,6600.0,1
L103114,Renault,2009,185964.0,1.4,diesel,automatic,wagon,3.0,partial,0,Yekaterinburg,58,2600.0,0
L104179,BMW,2010,313381.0,2.6,DIESEL,manual,hatchback,3.0,none,1,Moscow,103,2720.0,0
L103424,Kia,2021,,1.4,petrol,automatic,sedan,2.0,none,0,Moscow,68,12360.0,0
L100201,Volkswagen,2017,115993.0,1.5,diesel,manual,wagon,3.0,partial,1,Moscow,83,7420.0,0
L104170,Ford,2018,183692.0,2.0,petrol,automatic,suv,4.0,full,0,Moscow,93,8410.0,0
L100030,Hyundai,2018,46594.0,1.5,petrol,manual,hatchback,,partial,0,Novosibirsk,62,8880.0,0
L101590,Toyota,2015,155937.0,2.0,hybrid,manual,hatchback,3.0,full,0,Kazan,6,5490.0,1
L101560,Volkswagen,2020,101959.0,3.1,petrol,manual,sedan,1.0,full,1,Moscow,66,17610.0,0
L100822,Ford,2013,176391.0,1.4,diesel,manual,suv,2.0,partial,0,Novosibirsk,126,5160.0,0
L100937,Volkswagen,2016,66901.0,1.9,petrol,manual,sedan,5.0,full,0,Moscow,22,9890.0,1
L100903,Toyota,2019,48716.0,2.3,hybrid,manual,suv,2.0,full,0,Sochi,4,20170.0,1
L101459,Toyota,2020,67133.0,1.8,petrol,automatic,sedan,2.0,partial,0,Moscow,81,16410.0,0
L101475,Hyundai,2020,122554.0,1.7,petrol,automatic,suv,1.0,full,1,Sochi,78,14220.0,0
L102811,Toyota,1900,27790.0,1.2,petrol,automatic,wagon,1.0,partial,0,Moscow,76,21660.0,0
L101612,Hyundai,2025,11768.0,1.1,petrol,manual,wagon,4.0,full,1,Sochi,65,21550.0,0
L102521,Renault,2013,372239.0,1.4,hybrid,automatic,sedan,1.0,none,0,Moscow,89,3610.0,0
L101564, Skoda ,2011,282172.0,1.6,petrol,automatic,sedan,2.0,full,0,Moscow,8,3480.0,1
L103910,Hyundai,2018,1570930.0,2.3,diesel,automatic,sedan,2.0,full,0,Sochi,6,11820.0,1
L103390,Hyundai,2013,62866.0,1.8,diesel,automatic,sedan,2.0,full,1,Moscow,1,6120.0,1
L101599,BMW,2017,117297.0,2.4,petrol,automatic,hatchback,3.0,full,1,Yekaterinburg,9,8880.0,1
L103058,BMW,2022,43579.0,2.6,petrol,automatic,sedan,4.0,full,0,Moscow,45,32160.0,0
L101779,Kia,2024,,1.7,petrol,manual,hatchback,1.0,partial,0,Kazan,3,18080.0,1
L103512,BMW,2018,105883.0,1.7,petrol,automatic,suv,3.0,full,0,Moscow,119,18120.0,0
L101388,Hyundai,2012,85980.0,1.6,petrol,automatic,suv,3.0,full,1,Novosibirsk,123,4600.0,0
L102265,Toyota,2018,117949.0,1.2,petrol,automatic,hatchback,2.0,partial,0,Moscow,4,9540.0,1
L101240,Hyundai,2010,,2.1,petrol,manual,wagon,3.0,partial,1,Kazan,83,1970.0,0
L101957,Skoda,2013,,2.0,petrol,manual,suv,2.0,partial,1,Kazan,78,5050.0,0
L102609,Renault,2017,48911.0,1.1,petrol,manual,sedan,2.0,full,0,Kazan,21,8340.0,1
L102167,Volkswagen,2021,99823.0,1.9,petrol,automatic,,2.0,full,0,kazan,82,14540.0,0
L103665,Toyota,2014,111284.0,1.8,diesel,manual,suv,3.0,full,0,Novosibirsk,1,6930.0,1
L103332,Skoda,2023,41629.0,0.9,diesel,automatic,hatchback,1.0,full,0,Moscow,3,18350.0,1
L101324,Ford,2015,193977.0,1.5,diesel,manual,sedan,1.0,partial,0,Kazan,4,5100.0,1
L103009,Toyota,2017,115788.0,0.9,hybrid,manual,suv,1.0,full,1,Moscow,67,12320.0,0
L103956,Hyundai,2024,45235.0,2.2,diesel,manual,hatchback,4.0,none,0,Moscow,119,18900.0,0
L101836,Renault,2018,136950.0,1.9,hybrid,automatic,hatchback,1.0,,0,Kazan,9,8460.0,1
L103239,Kia,2020,99564.0,2.0,diesel,manual,wagon,,partial,1,Moscow,74,12410.0,0
L102372,Toyota,2011,207470.0,2.7,petrol,manual,wagon,1.0,full,0,Moscow,8,4460.0,1
L102326,Kia,2015,155299.0,2.7,petrol,manual,sedan,1.0,partial,0,Moscow,11,6630.0,1
L100627,Volkswagen,2011,1394320.0,1.3,petrol,manual,hatchback,1.0,none,0,Kazan,5,3260.0,1
L100530,Ford,2019,125448.0,1.0,diesel,manual,suv,1.0,full,0,Kazan,1,11940.0,1
L103341,Skoda,2019,57873.0,2.3,petrol,automatic,suv,2.0,,0,Novosibirsk,8,14720.0,1
L102944,Toyota,2017,178476.0,1.7,petrol,automatic,sedan,1.0,partial,1,Kazan,170,6910.0,0
L100373,Toyota,2017,,2.0,petrol,manual,sedan,3.0,,1,Moscow,59,7470.0,0
L100844,Toyota,2010,105333.0,1.7,hybrid,manual,wagon,3.0,full,1,Sochi,117,3960.0,0
L102950,Kia,2018,76768.0,2.1,diesel,manual,wagon,4.0,full,0,Sochi,43,11230.0,0
L100226,Kia,2013,,1.5,hybrid,manual,hatchback,3.0,full,1,Moscow,76,4580.0,0
L100193,Toyota,2014,107250.0,1.6,petrol,manual,sedan,1.0,full,0,Yekaterinburg,6,6720.0,1
L103452,Toyota,2014,361651.0,1.8,PETROL,automatic,hatchback,5.0,full,0,Moscow,34,4360.0,0
L101011,Toyota,2012,132629.0,1.8,petrol,automatic,sedan,1.0,full,0,Sochi,3,5070.0,1
L103423,Ford,2013,93521.0,3.1,hybrid,automatic,suv,1.0,full,1,Moscow,1,8160.0,1
L101776,BMW,2019,56561.0,1.9,hybrid,manual,sedan,3.0,full,0,Moscow,8,17780.0,1
L101517,Hyundai,2013,247505.0,,electric,automatic,suv,1.0,,1,Moscow,159,6270.0,0
L101248,Volkswagen,2015,67010.0,1.2,petrol,manual,suv,2.0,partial,0,Kazan,82,9440.0,0
L102396,Hyundai,2015,118915.0,2.1,hybrid,manual,hatchback,3.0,full,0,Novosibirsk,3,6240.0,1
L104139,BMW,2015,125604.0,2.1,hybrid,automatic,suv,5.0,full,0,Novosibirsk,4,11220.0,1
L104045,Toyota,2025,23447.0,2.5,hybrid,automatic,sedan,,full,0,Moscow,2,50440.0,1
L103321,Hyundai,2016,68513.0,1.4,diesel,manual,wagon,1.0,full,0,Novosibirsk,9,7610.0,1
L101028,Hyundai,2017,145453.0,1.9,hybrid,automatic,wagon,1.0,full,0,Moscow,4,11910.0,1
L101237,Volkswagen,2025,3607.0,0.9,petrol,automatic,hatchback,2.0,full,0,Novosibirsk,8,24740.0,1
L102533,Volkswagen,2018,70032.0,1.7,DIESEL,automatic,sedan,2.0,partial,0,Kazan,45,12430.0,0
L102112,Ford,2016,107184.0,2.1,hybrid,manual,wagon,1.0,full,0,Yekaterinburg,64,8080.0,0
L103797,BMW,2015,107949.0,1.2,petrol,automatic,sedan,3.0,partial,0,Moscow,25,9990.0,1
L103195,Volkswagen,2008,303691.0,1.7,petrol,manual,sedan,4.0,full,0,Moscow,9,2310.0,1
L101549,Volkswagen,2017,104714.0,1.8,diesel,automatic,sedan,1.0,full,0,Yekaterinburg,73,10720.0,0
L100914,Hyundai,2022,87110.0,2.5,petrol,manual,hatchback,3.0,partial,0,Novosibirsk,84,11460.0,0
L102721, BMW ,2017,76292.0,,electric,automatic,sedan,1.0,full,1,Yekaterinburg,99,11290.0,0
L100184,Hyundai,2019,,,electric,automatic,suv,2.0,full,0,Moscow,15,21250.0,1
L100727,Kia,2017,33256.0,1.4,petrol,automatic,suv,2.0,none,0,Novosibirsk,97,8810.0,0
L103176,Volkswagen,2018,60917.0,2.2,diesel,automatic,sedan,1.0,partial,0,Kazan,106,13610.0,0
L101108,Hyundai,2013,160627.0,,electric,automatic,sedan,3.0,partial,0,Moscow,8,7060.0,1
L101001,BMW,2018,41635.0,1.8,petrol,automatic,sedan,1.0,full,0,Novosibirsk,7,16660.0,1
L103219,Volkswagen,2010,182105.0,2.3,petrol,manual,hatchback,1.0,partial,0,Yekaterinburg,9,2750.0,1
L103639,Toyota,2017,86070.0,1.5,hybrid,manual,wagon,1.0,full,0,Moscow,13,12920.0,1
L100229,Hyundai,2014,113282.0,1.3,petrol,manual,wagon,2.0,partial,0,Moscow,5,5670.0,1
L100166,BMW,2014,113038.0,2.3,petrol,manual,wagon,2.0,full,0,Yekaterinburg,101,7720.0,0
L100689,Volkswagen,2012,204545.0,,electric,automatic,suv,2.0,full,0,Moscow,92,6880.0,0
L101271,Renault,2013,430000.0,1.8,diesel,automatic,suv,1.0,partial,0,Sochi,24,2950.0,1
L102743,Toyota,2016,112729.0,1.9,petrol,manual,sedan,,partial,0,Yekaterinburg,7,8360.0,1
L102481,Volkswagen,2021,43976.0,1.8,hybrid,automatic,suv,3.0,partial,0,Yekaterinburg,58,22570.0,0
L101110,Volkswagen,2024,46028.0,1.9,petrol,manual,suv,1.0,none,0,Novosibirsk,84,30340.0,0
L101899,Toyota,2010,347094.0,1.4,diesel,manual,hatchback,1.0,full,0,Novosibirsk,1,2130.0,1
L103069,Skoda,2020,12552.0,1.8,hybrid,automatic,hatchback,4.0,partial,0,Yekaterinburg,8,17570.0,1
L102544,Hyundai,2023,26071.0,1.0,petrol,manual,suv,2.0,full,0,Kazan,72,19800.0,0
L103488,Ford,2014,114206.0,1.7,diesel,automatic,hatchback,1.0,full,0,Novosibirsk,3,5580.0,1
L101383, Toyota ,2017,78002.0,1.6,petrol,automatic,sedan,,full,0,Moscow,3,9380.0,1
L102401,Hyundai,2010,,2.1,petrol,automatic,suv,2.0,none,1,Moscow,7,4530.0,1
L104011,BMW,2014,430000.0,2.7,diesel,manual,sedan,1.0,partial,0,Moscow,110,6520.0,0
L101545,Renault,2012,194191.0,,electric,automatic,wagon,2.0,,0,Moscow,1,6380.0,1
L104188,Volkswagen,2012,324375.0,1.9,petrol,automatic,hatchback,3.0,partial,0,Moscow,93,3310.0,0
L101361,Renault,2015,184946.0,1.4,petrol,automatic,wagon,1.0,full,0,Moscow,4,6370.0,1
L101562,Renault,2020,83259.0,1.3,diesel,automatic,wagon,2.0,full,0,Kazan,8,14390.0,1
L101581,Renault,2020,92049.0,0.9,petrol,manual,hatchback,1.0,none,0,Novosibirsk,15,8530.0,1
L100188,Hyundai,2015,79773.0,1.8,diesel,manual,hatchback,1.0,none,0,Moscow,3,6390.0,1
L100403, Kia ,2015,,2.0,petrol,automatic,hatchback,1.0,,1,Moscow,12,5500.0,1
L103747,Skoda,2015,232657.0,1.4,petrol,automatic,suv,1.0,full,1,Sochi,47,5480.0,0
L102690,Renault,2018,74888.0,2.5,petrol,automatic,suv,1.0,full,0,Kazan,14,12170.0,1
L101985,Skoda,2013,86152.0,1.5,petrol,manual,suv,3.0,none,0,Sochi,149,6610.0,0
L101503,Volkswagen,2016,48402.0,2.3,diesel,automatic,wagon,3.0,full,0,Novosibirsk,16,9480.0,1
L102387,Kia,2017,93749.0,1.5,petrol,automatic,sedan,2.0,full,0,Moscow,3,10740.0,1
L101746,Hyundai,2018,130346.0,2.1,hybrid,automatic,sedan,1.0,full,0,Yekaterinburg,5,10540.0,1
L103444,BMW,2017,37346.0,2.2,petrol,manual,suv,2.0,partial,0,Sochi,78,14320.0,0
L100152,Volkswagen,2010,219035.0,1.9,diesel,automatic,suv,1.0,full,1,Novosibirsk,11,2980.0,1
L100815, Skoda ,2016,150076.0,2.2,petrol,manual,suv,1.0,partial,1,Kazan,132,7470.0,0
L102140,Volkswagen,2022,77267.0,2.1,petrol,automatic,hatchback,1.0,partial,0,Sochi,75,19930.0,0
L103299,BMW,2012,194533.0,1.2,diesel,automatic,sedan,1.0,partial,0,Sochi,128,5630.0,0
L100892,Toyota,2020,131324.0,1.1,petrol,manual,sedan,2.0,full,0,Moscow,9,13190.0,1
L102163,BMW,2007,340891.0,1.7,petrol,automatic,hatchback,1.0,partial,1,Moscow,104,1500.0,0
L101093,Kia,2012,129716.0,1.2,petrol,automatic,suv,3.0,full,1,Novosibirsk,3,4150.0,1
L102352,Toyota,2018,56997.0,2.3,hybrid,manual,hatchback,2.0,partial,0,Yekaterinburg,37,13250.0,0
L103707,Kia,2015,430000.0,1.9,diesel,manual,hatchback,3.0,full,0,Kazan,55,2840.0,0
L103960,Skoda,2014,60661.0,2.4,hybrid,automatic,suv,1.0,full,1,Moscow,3,10160.0,1
L100734,Hyundai,2009,430000.0,1.2,diesel,automatic,hatchback,,full,0,Sochi,99,2110.0,0
L102479,Renault,2012,81736.0,1.8,diesel,automatic,sedan,1.0,full,0,Yekaterinburg,13,4650.0,1
L103433,Skoda,2020,115728.0,2.1,petrol,manual,hatchback,3.0,partial,0,Moscow,110,10690.0,0
L100926, Skoda ,2013,86654.0,1.8,petrol,automatic,suv,3.0,none,1,Moscow,78,5820.0,0
L104196,Kia,2016,136253.0,2.0,petrol,manual,suv,3.0,partial,1,Sochi,137,6790.0,0
L100842,Volkswagen,2020,61793.0,1.4,hybrid,manual,,2.0,,0,Novosibirsk,58,14090.0,0
L100366,Renault,2025,39536.0,2.0,petrol,manual,suv,2.0,none,0,Moscow,54,25820.0,0
L101532,Toyota,2018,59634.0,2.5,hybrid,manual,hatchback,2.0,full,0,Moscow,14,15030.0,1
L103676,Kia,2016,101849.0,1.6,petrol,automatic,hatchback,1.0,none,0,Kazan,91,6380.0,0
L102238,Ford,2009,232237.0,,electric,automatic,hatchback,3.0,partial,0,Kazan,82,2970.0,0
L100070,Ford,2016,177888.0,1.6,PETROL,automatic,suv,3.0,,0,Novosibirsk,1,7050.0,1
L103568,Ford,2013,112327.0,1.8,petrol,manual,suv,1.0,none,0,Moscow,74,5240.0,0
L103053, Ford ,2018,143501.0,2.7,diesel,automatic,sedan,2.0,full,0,Moscow,4,13250.0,1
L101950,Volkswagen,2022,55048.0,1.1,diesel,manual,sedan,1.0,none,0,Moscow,7,16530.0,1
L101032,Volkswagen,2015,247780.0,1.3,petrol,manual,wagon,2.0,full,0,Yekaterinburg,32,4280.0,0
L102993,Volkswagen,2021,77929.0,2.4,diesel,automatic,suv,1.0,full,0,Kazan,50,17250.0,0
L103580,Renault,2022,67268.0,1.6,diesel,automatic,sedan,2.0,full,0,Kazan,162,15420.0,0
L100819,Volkswagen,2018,70884.0,2.0,petrol,manual,sedan,2.0,full,0,Yekaterinburg,44,11920.0,0
L102290,Hyundai,2016,161678.0,2.0,DIESEL,automatic,suv,2.0,partial,0,Kazan,11,8220.0,1
L100208,Renault,2004,164418.0,2.0,diesel,automatic,hatchback,1.0,full,1,Yekaterinburg,42,1260.0,0
L102586,Hyundai,2018,58600.0,1.8,petrol,automatic,suv,3.0,partial,0,Kazan,70,13200.0,0
L100396,Kia,2025,11075.0,1.1,diesel,manual,sedan,1.0,partial,1,Yekaterinburg,5,21190.0,1
L103434,Volkswagen,2015,,1.4,petrol,automatic,sedan,,full,0,Yekaterinburg,2,6300.0,1
L100720,Hyundai,2014,177876.0,1.5,petrol,manual,suv,2.0,none,1,Yekaterinburg,44,3750.0,0
L101512,Renault,2018,95474.0,1.7,hybrid,manual,suv,,,0,Sochi,143,12940.0,0
L101711,Volkswagen,2016,151931.0,1.6,diesel,manual,suv,1.0,full,0,Kazan,2,7590.0,1
L103631,Hyundai,2013,166305.0,1.5,petrol,automatic,sedan,2.0,partial,0,Kazan,2,3970.0,1
L102459,Ford,2019,69262.0,,electric,automatic,wagon,2.0,none,0,yekaterinburg,3,12260.0,1
L101374,Toyota,2016,61798.0,2.3,petrol,automatic,suv,3.0,full,0,Sochi,3,11800.0,1
L102961,Toyota,2018,139986.0,1.2,petrol,manual,hatchback,2.0,,0,Kazan,80,8260.0,0
L102882,Hyundai,2023,35356.0,,electric,automatic,hatchback,1.0,none,0,Moscow,9,27960.0,1
L100706,Skoda,2017,175728.0,1.3,petrol,automatic,suv,1.0,,0,Novosibirsk,7,8550.0,1
L102780,Volkswagen,2016,104187.0,2.7,petrol,automatic,sedan,1.0,none,0,Yekaterinburg,7,8840.0,1
L103955,Renault,2011,121844.0,2.1,petrol,manual,hatchback,1.0,none,0,Moscow,8,3420.0,1
L104191,Kia,2016,99179.0,0.9,diesel,automatic,sedan,1.0,full,1,Kazan,135,6360.0,0
L103177,Volkswagen,2017,107775.0,0.9,diesel,automatic,hatchback,3.0,full,0,Sochi,135,8250.0,0
L101534,Skoda,2013,152891.0,1.9,hybrid,automatic,hatchback,1.0,,0,Novosibirsk,39,5060.0,0
L101610,Volkswagen,2020,92381.0,1.6,DIESEL,manual,hatchback,1.0,,0,Novosibirsk,9,12500.0,1
L103164,Ford,2024,22793.0,1.4,petrol,manual,suv,1.0,full,0,Kazan,4,23030.0,1
L102876,Hyundai,2017,82852.0,1.7,petrol,automatic,hatchback,1.0,none,0,Kazan,3,7730.0,1
L102277, Skoda ,2018,137297.0,1.8,petrol,manual,suv,2.0,,1,Moscow,60,13570.0,0
L100058,Toyota,2017,142245.0,2.4,diesel,manual,hatchback,,full,1,Moscow,12,7200.0,1
L100287,Volkswagen,2010,161090.0,2.9,hybrid,manual,hatchback,1.0,full,0,novosibirsk,11,4050.0,1
L100825,Volkswagen,2014,115469.0,,electric,automatic,,2.0,full,0,Sochi,4,10270.0,1
L100221,Kia,2018,83784.0,1.2,petrol,automatic,sedan,3.0,full,0,Kazan,15,8750.0,1
L101943,Renault,2024,27525.0,1.4,petrol,automatic,sedan,1.0,full,0,Yekaterinburg,5,20630.0,1
L103602,Ford,2015,221947.0,1.7,petrol,automatic,sedan,3.0,full,0,Moscow,58,5400.0,0
L102456,Skoda,2023,31808.0,1.6,petrol,manual,sedan,1.0,partial,0,Novosibirsk,15,16250.0,1
L103328, Kia ,2014,150172.0,1.6,diesel,automatic,wagon,1.0,,0,Yekaterinburg,51,4920.0,0
L102113,Skoda,2013,202446.0,1.5,hybrid,manual,hatchback,2.0,none,0,Kazan,90,4480.0,0
L101715,Hyundai,2007,235845.0,1.3,PETROL,automatic,sedan,2.0,full,0,Yekaterinburg,49,1620.0,0
L102897,Volkswagen,2021,52535.0,2.3,petrol,manual,sedan,4.0,full,0,Novosibirsk,102,16270.0,0
L103148,Kia,2015,298206.0,1.7,petrol,automatic,sedan,1.0,full,0,Kazan,69,4780.0,0
L103905,Skoda,2018,163628.0,2.0,diesel,manual,suv,3.0,full,0,Yekaterinburg,4,8850.0,1
L104177,Skoda,2014,1645910.0,1.0,petrol,automatic,sedan,1.0,full,0,Yekaterinburg,7,4900.0,1
L101974,Kia,2015,73116.0,1.2,hybrid,automatic,hatchback,2.0,partial,1,Yekaterinburg,71,6440.0,0
L100355,Kia,2020,140988.0,0.9,diesel,automatic,hatchback,2.0,full,0,Sochi,4,11710.0,1
L103810,Renault,2018,97694.0,3.3,hybrid,automatic,hatchback,2.0,partial,1,Moscow,75,11530.0,0
L101228,Volkswagen,2013,228685.0,1.6,petrol,manual,hatchback,1.0,full,1,Yekaterinburg,99,3680.0,0
L101656,Ford,2018,211595.0,1.3,diesel,automatic,hatchback,1.0,partial,0,Sochi,62,7660.0,0
L103913,Toyota,2013,189106.0,2.0,petrol,automatic,wagon,2.0,full,0,Moscow,7,5960.0,1
L103584,Kia,2025,18913.0,2.5,petrol,manual,suv,2.0,none,0,Kazan,203,28650.0,0
L102255,Skoda,2016,288376.0,2.6,petrol,automatic,suv,1.0,full,0,Yekaterinburg,29,6050.0,1
L101622,Skoda,2014,164844.0,2.8,petrol,manual,hatchback,1.0,full,0,Kazan,4,4340.0,1
L103961,Volkswagen,2020,107827.0,1.5,petrol,manual,hatchback,2.0,full,0,Yekaterinburg,4,9850.0,1
L101739,Toyota,2016,122766.0,1.1,diesel,manual,suv,2.0,none,0,Yekaterinburg,55,8460.0,0
L101134,Hyundai,2022,105550.0,2.1,hybrid,manual,hatchback,3.0,partial,0,Novosibirsk,15,15710.0,1
L102508,Kia,2011,212304.0,1.5,diesel,manual,hatchback,1.0,full,0,Novosibirsk,6,3440.0,1
L102242,Toyota,2012,102827.0,2.0,diesel,manual,sedan,2.0,none,0,Kazan,9,4900.0,1
L102949,Renault,2016,144016.0,2.0,diesel,manual,hatchback,2.0,full,0,Yekaterinburg,3,5520.0,1
L102469,Toyota,2011,76470.0,1.2,petrol,automatic,sedan,2.0,full,1,Kazan,127,5100.0,0
L100612,Kia,2022,29795.0,2.1,petrol,automatic,sedan,2.0,full,0,Kazan,10,16860.0,1
L101587,Volkswagen,2008,250224.0,1.5,hybrid,automatic,wagon,2.0,partial,0,Yekaterinburg,48,2320.0,0
L103190,Hyundai,2017,112683.0,1.5,petrol,automatic,sedan,2.0,none,1,Sochi,54,5960.0,0
L103927,Ford,2016,162000.0,2.2,hybrid,automatic,sedan,4.0,full,0,Yekaterinburg,55,6260.0,0
L101557,Toyota,2020,107855.0,1.8,petrol,automatic,sedan,2.0,none,0,Moscow,9,14890.0,1
L104185,Ford,2015,249928.0,1.9,diesel,manual,sedan,1.0,none,0,Sochi,109,5230.0,0
L103787,BMW,2015,148005.0,1.6,petrol,automatic,hatchback,3.0,full,0,Kazan,1,5870.0,1
L100490,Ford,2015,260945.0,2.6,hybrid,automatic,suv,1.0,full,0,Moscow,2,7920.0,1
L101382,Ford,2018,116416.0,1.7,petrol,automatic,wagon,2.0,none,0,Novosibirsk,7,8850.0,1
L100667,Toyota,2023,8833.0,2.5,petrol,automatic,sedan,1.0,full,0,Moscow,1,32230.0,1
L102517,Volkswagen,2023,16144.0,2.8,petrol,manual,hatchback,2.0,full,0,Yekaterinburg,14,24210.0,1
L100066,Volkswagen,2014,52279.0,2.7,petrol,manual,sedan,3.0,partial,0,Kazan,61,6640.0,0
L101509,Kia,2015,145455.0,2.8,petrol,manual,sedan,3.0,full,0,novosibirsk,40,6680.0,0
L103414,Hyundai,2017,305986.0,1.5,petrol,automatic,,4.0,full,0,Moscow,16,5780.0,1
L100391,Ford,2010,87791.0,1.7,diesel,automatic,sedan,4.0,partial,0,Moscow,7,3160.0,1
L102064,Skoda,2018,129015.0,1.6,DIESEL,manual,hatchback,1.0,partial,0,Kazan,41,9550.0,0
L101727,BMW,2012,81630.0,,electric,automatic,sedan,2.0,full,0,Moscow,5,11760.0,1
L101363,Hyundai,2020,87239.0,2.2,petrol,automatic,hatchback,1.0,none,1,Novosibirsk,69,9150.0,0
L102674,Ford,2024,37922.0,2.6,HYBRID,automatic,sedan,4.0,full,0,Moscow,14,35650.0,1
L101852,Kia,2021,71449.0,2.4,petrol,manual,suv,2.0,full,1,Yekaterinburg,85,14600.0,0
L100295,Toyota,2021,88789.0,1.6,petrol,manual,suv,4.0,none,1,Sochi,75,14690.0,0
L101535,Hyundai,2018,105021.0,2.4,diesel,manual,suv,1.0,full,0,Yekaterinburg,10,12910.0,1
L103874,Hyundai,2021,63627.0,2.0,petrol,manual,suv,1.0,,0,Yekaterinburg,56,13800.0,0
L103724,Hyundai,2016,117643.0,2.3,hybrid,automatic,sedan,3.0,full,0,Kazan,4,8250.0,1
L101639,Toyota,2017,117826.0,2.2,diesel,automatic,wagon,2.0,none,1,Moscow,8,9080.0,1
L101500,Toyota,2022,107160.0,,electric,automatic,hatchback,4.0,partial,0,Kazan,68,16980.0,0
L103081,Renault,2021,,1.5,petrol,manual,suv,2.0,none,0,Moscow,66,12550.0,0
L104026,Toyota,2013,90461.0,1.0,petrol,automatic,suv,2.0,partial,1,yekaterinburg,91,4710.0,0
L100168,Renault,2020,76427.0,2.4,diesel,manual,sedan,3.0,partial,0,Sochi,57,12130.0,0
L100616,Ford,2020,76408.0,2.0,petrol,automatic,sedan,,none,1,Sochi,53,11110.0,0
L102663,Kia,2017,166270.0,1.0,petrol,manual,sedan,3.0,partial,1,Kazan,71,4820.0,0
L104129,Hyundai,2017,110522.0,,electric,automatic,,2.0,partial,0,Yekaterinburg,141,12180.0,0
L100304,Skoda,2009,177051.0,,electric,automatic,suv,1.0,partial,1,Novosibirsk,43,4060.0,0
L103435,Toyota,2018,81140.0,1.8,diesel,automatic,hatchback,1.0,full,0,Moscow,10,13990.0,1
L103715,Volkswagen,2018,85491.0,1.5,diesel,manual,wagon,1.0,full,0,Kazan,1,12270.0,1
L100029,Kia,2014,182868.0,1.8,diesel,automatic,suv,1.0,full,0,Moscow,2,7360.0,1
L103453,Kia,2009,,1.8,petrol,automatic,wagon,3.0,partial,0,Moscow,9,3130.0,1
L103072,Hyundai,2014,282465.0,0.9,diesel,automatic,wagon,2.0,none,0,Moscow,1,3580.0,1
L102963,Toyota,2022,55236.0,1.8,petrol,manual,suv,2.0,full,0,Kazan,2,21490.0,1
L101688,Renault,2016,92529.0,1.4,diesel,automatic,sedan,1.0,full,0,Sochi,53,7170.0,0
L102104,Ford,2018,202781.0,1.3,petrol,automatic,wagon,1.0,partial,0,moscow,3,9600.0,1
L103981,Hyundai,2010,388504.0,1.2,petrol,automatic,hatchback,2.0,full,1,Novosibirsk,113,1400.0,0
L103617,Toyota,2015,107198.0,1.0,petrol,automatic,hatchback,1.0,,1,Kazan,53,6000.0,0
L100542,Ford,2009,173063.0,2.5,hybrid,manual,suv,1.0,,0,Yekaterinburg,84,3460.0,0
L100203,Skoda,2019,90862.0,2.9,diesel,automatic,hatchback,1.0,full,0,Moscow,1,13640.0,1
L102678,Volkswagen,2013,310856.0,2.6,petrol,manual,hatchback,2.0,full,1,kazan,105,3060.0,0
L100671,BMW,2014,249016.0,2.3,petrol,automatic,sedan,2.0,partial,0,Novosibirsk,4,6270.0,1
L102887,Toyota,2020,157520.0,1.9,petrol,manual,wagon,2.0,partial,0,Novosibirsk,5,10890.0,1
L102657,BMW,2016,150045.0,1.9,diesel,manual,sedan,4.0,none,0,Sochi,131,9280.0,0
L104133,Kia,2012,165730.0,2.4,petrol,automatic,hatchback,2.0,partial,1,Moscow,79,4230.0,0
L101757,Renault,2016,66871.0,2.3,petrol,automatic,hatchback,,partial,0,Kazan,48,6980.0,0
L103575,Kia,2014,156343.0,1.5,petrol,manual,suv,1.0,partial,0,Kazan,84,6070.0,0
L101689,Ford,2014,191744.0,,electric,automatic,sedan,2.0,full,0,Moscow,21,6790.0,1
L101238,Toyota,2016,90457.0,1.8,petrol,manual,suv,1.0,partial,0,Kazan,9,10200.0,1
L102004,Volkswagen,2012,345057.0,1.8,diesel,manual,sedan,3.0,full,0,Kazan,5,2710.0,1
L100725,Toyota,2018,130763.0,2.3,petrol,automatic,wagon,1.0,full,1,Novosibirsk,6,11400.0,1
L101333,Volkswagen,2015,237589.0,1.5,hybrid,manual,sedan,1.0,partial,0,Sochi,3,6030.0,1
L100731,Volkswagen,2022,66435.0,1.8,petrol,automatic,sedan,1.0,full,0,Sochi,35,17900.0,0
L104112,Volkswagen,2023,21063.0,2.0,petrol,automatic,suv,1.0,partial,0,Novosibirsk,5,24410.0,1
L100082,Toyota,2016,62415.0,0.9,petrol,automatic,sedan,1.0,none,0,Moscow,20,9040.0,1
L103430,Volkswagen,2020,124462.0,2.1,petrol,automatic,suv,2.0,partial,0,Moscow,11,15000.0,1
L101495, Volkswagen ,2013,176837.0,1.8,petrol,manual,,1.0,none,0,Kazan,102,3920.0,0
L100472,Hyundai,2020,79414.0,0.9,petrol,manual,suv,2.0,full,0,Yekaterinburg,5,11950.0,1
L103664,Renault,2018,221043.0,1.4,diesel,automatic,suv,1.0,full,0,Moscow,4,12270.0,1
L102269,Kia,2018,100525.0,2.0,petrol,manual,sedan,1.0,none,0,Yekaterinburg,115,8560.0,0
L103403,BMW,2014,57188.0,2.3,PETROL,automatic,suv,3.0,full,0,Yekaterinburg,11,11330.0,1
L103706,Hyundai,2015,106386.0,2.5,diesel,automatic,suv,2.0,full,0,Sochi,1,10890.0,1
L103065,Toyota,2019,70829.0,1.6,petrol,automatic,sedan,2.0,partial,0,Moscow,3,14450.0,1
L100364,Renault,2020,54865.0,,ELECTRIC,automatic,sedan,2.0,full,0,Novosibirsk,2,20020.0,1
L103687,Volkswagen,2015,214364.0,1.7,petrol,automatic,suv,1.0,none,0,Moscow,86,7220.0,0
L102984,Renault,2014,230139.0,1.5,diesel,automatic,suv,2.0,full,0,Yekaterinburg,136,5780.0,0
L102248,Ford,2022,34274.0,1.7,diesel,automatic,suv,1.0,partial,0,Novosibirsk,85,22770.0,0
L103103,Ford,2012,144062.0,2.4,diesel,automatic,sedan,1.0,none,1,Novosibirsk,117,3280.0,0
L103248,Toyota,2013,126667.0,1.5,petrol,manual,suv,1.0,partial,0,Moscow,50,7380.0,0
L103906,Skoda,2025,19886.0,2.5,petrol,automatic,hatchback,1.0,,0,Novosibirsk,9,28490.0,1
L100967,Hyundai,2014,192974.0,2.7,diesel,automatic,sedan,2.0,partial,1,Moscow,71,4590.0,0
L102490, Volkswagen ,2016,104255.0,1.4,petrol,manual,wagon,1.0,partial,1,Moscow,8,6630.0,1
L101423,Hyundai,2012,257936.0,1.8,DIESEL,automatic,wagon,2.0,none,0,Kazan,108,3010.0,0
L104069,Hyundai,2016,118461.0,1.0,petrol,manual,suv,3.0,partial,0,Kazan,29,5520.0,1
L101734,Toyota,2009,152333.0,2.2,petrol,manual,hatchback,3.0,partial,0,Moscow,10,3250.0,1
L102515,Volkswagen,2019,111088.0,1.3,petrol,automatic,suv,3.0,partial,0,Novosibirsk,9,9950.0,1
L103172,Renault,2019,141011.0,1.3,diesel,manual,sedan,1.0,full,0,Novosibirsk,1,8630.0,1
L101998,Toyota,2016,267800.0,1.2,hybrid,manual,suv,1.0,full,0,Moscow,18,8010.0,1
L101561,Toyota,2012,269391.0,1.3,petrol,manual,wagon,1.0,full,1,Kazan,68,3180.0,0
L103462,Volkswagen,2018,30110.0,1.6,petrol,automatic,sedan,2.0,none,0,Sochi,5,12220.0,1
L900039,Toyota,2013,150772.0,1.8,petrol,automatic,suv,2.0,full,0,Sochi,1,7000.0,1
L100500,Skoda,2017,95991.0,1.8,petrol,manual,hatchback,2.0,partial,1,Kazan,51,6940.0,0
L104187,Hyundai,2024,39803.0,2.7,hybrid,manual,wagon,1.0,full,0,Kazan,2,26580.0,1
L102940, Ford ,2020,42783.0,2.4,petrol,automatic,hatchback,2.0,full,0,Novosibirsk,5,13600.0,1
L102702,Volkswagen,2017,162003.0,1.7,petrol,automatic,sedan,2.0,full,0,Moscow,9,8270.0,1
L102411,Volkswagen,2025,18028.0,1.4,diesel,automatic,sedan,1.0,partial,0,Yekaterinburg,96,26430.0,0
L102149,Kia,2020,,1.6,petrol,automatic,sedan,,full,1,Yekaterinburg,4,12750.0,1
L102341,Skoda,2018,78075.0,1.3,petrol,manual,sedan,3.0,full,0,Novosibirsk,44,8790.0,0
L100871,Toyota,2021,7109.0,1.6,hybrid,manual,sedan,2.0,full,0,Novosibirsk,5,18510.0,1
L103698,Volkswagen,2022,116001.0,2.5,petrol,automatic,sedan,3.0,full,0,moscow,3,18620.0,1
L103381,Hyundai,2011,,1.9,petrol,manual,sedan,1.0,none,1,Moscow,49,2820.0,0
L104063,BMW,2025,16902.0,1.5,petrol,automatic,suv,3.0,full,0,Moscow,50,52550.0,0
L100013,Volkswagen,2025,6302.0,1.8,petrol,manual,suv,4.0,,1,Sochi,130,30610.0,0
L103139,Volkswagen,2020,79035.0,1.6,petrol,automatic,sedan,1.0,full,0,Moscow,4,15160.0,1
L103355,Renault,2017,241592.0,2.5,petrol,automatic,hatchback,1.0,none,1,Yekaterinburg,57,3980.0,0
L103819,Toyota,2021,53723.0,2.1,petrol,manual,hatchback,1.0,full,0,Sochi,2,15940.0,1
L101631,BMW,2018,217954.0,0.9,hybrid,manual,wagon,2.0,partial,0,Sochi,73,10060.0,0
L101521,Ford,2011,164944.0,1.6,petrol,automatic,sedan,3.0,partial,0,Yekaterinburg,56,3150.0,0
L102518,Ford,2015,164366.0,1.8,hybrid,manual,sedan,2.0,full,1,Moscow,10,6050.0,1
L100515,Ford,2009,173333.0,1.5,hybrid,automatic,sedan,1.0,full,1,Moscow,4,3040.0,1
L101160, Toyota ,2011,430000.0,1.8,petrol,manual,wagon,2.0,full,0,Kazan,2,2030.0,1
L100700,Skoda,2025,5948.0,1.6,diesel,manual,hatchback,2.0,partial,0,Yekaterinburg,15,26550.0,1
L101721,Toyota,2025,,1.9,petrol,automatic,suv,1.0,partial,0,Kazan,133,39180.0,0
L100298,Kia,2018,147557.0,2.3,petrol,automatic,sedan,1.0,full,0,Kazan,6,8990.0,1
L103753,Volkswagen,2018,150174.0,1.8,petrol,manual,wagon,3.0,full,0,Yekaterinburg,14,8770.0,1
L101090,Volkswagen,2019,94185.0,1.7,petrol,manual,wagon,1.0,partial,0,Sochi,1,11580.0,1
L100901,Skoda,2016,146827.0,2.5,diesel,automatic,sedan,3.0,,1,Sochi,2,7180.0,1
L100025,BMW,2011,118595.0,1.6,petrol,manual,suv,1.0,full,1,Moscow,5,6430.0,1
L102296,Skoda,2015,180430.0,2.0,PETROL,manual,hatchback,2.0,,0,Sochi,56,5030.0,0
L100293,Toyota,2022,69106.0,1.0,petrol,manual,wagon,1.0,none,0,Kazan,59,12500.0,0
L101342,Kia,2020,94445.0,2.5,hybrid,manual,hatchback,2.0,partial,0,Yekaterinburg,51,13000.0,0
L102824,Kia,2013,253170.0,1.3,diesel,manual,suv,2.0,full,0,Moscow,2,5540.0,1
L103855,Toyota,2019,119981.0,2.1,hybrid,automatic,suv,4.0,none,0,Yekaterinburg,17,11900.0,1
L101536,Renault,2025,26564.0,1.7,diesel,manual,sedan,3.0,partial,0,Yekaterinburg,43,22550.0,0
L100936,Renault,2017,227707.0,0.9,petrol,automatic,,3.0,full,0,Sochi,18,4900.0,1
L101737,BMW,2015,189731.0,1.5,petrol,manual,hatchback,2.0,none,0,Kazan,52,6030.0,0
L103285,Volkswagen,2014,270267.0,1.7,hybrid,automatic,hatchback,4.0,full,1,Sochi,3,4710.0,1
L104009,Toyota,2022,97844.0,1.4,diesel,manual,wagon,2.0,partial,1,Sochi,43,15830.0,0
L100033,Kia,2022,89811.0,1.6,petrol,automatic,suv,2.0,full,0,Novosibirsk,43,18610.0,0
L100928,Volkswagen,2018,50818.0,1.7,hybrid,manual,sedan,1.0,full,0,Moscow,9,17060.0,1
L101323,Toyota,2018,103653.0,1.6,petrol,manual,hatchback,1.0,,0,Kazan,5,8160.0,1
L102164,Kia,2022,37888.0,1.7,PETROL,manual,suv,1.0,partial,0,Kazan,42,19470.0,0
L101201,BMW,2016,139078.0,1.8,PETROL,automatic,wagon,2.0,partial,0,Yekaterinburg,50,9920.0,0
L102029,BMW,2021,176927.0,1.9,DIESEL,automatic,sedan,2.0,full,0,Moscow,6,22410.0,1
L103082,Volkswagen,2010,84142.0,1.4,petrol,automatic,hatchback,2.0,full,0,Yekaterinburg,10,3610.0,1
L100998,Toyota,2011,180387.0,0.9,petrol,automatic,suv,3.0,none,1,Yekaterinburg,105,2840.0,0
L100786,Hyundai,2016,30280.0,1.1,diesel,manual,sedan,1.0,full,0,Moscow,6,10050.0,1
L102495,Kia,2025,21527.0,,electric,automatic,hatchback,1.0,partial,0,Novosibirsk,5,25520.0,1
L100319,Volkswagen,2022,22752.0,2.0,PETROL,automatic,hatchback,2.0,full,0,Sochi,4,16970.0,1
L100136,Hyundai,2015,185234.0,1.8,diesel,automatic,suv,2.0,none,1,Moscow,51,5900.0,0
L101182,BMW,2005,430000.0,1.1,petrol,automatic,sedan,1.0,,1,Moscow,11,1200.0,1
L101683,Hyundai,2015,80439.0,1.2,diesel,automatic,hatchback,3.0,partial,1,Novosibirsk,69,4600.0,0
L100190,Toyota,2019,69484.0,2.3,petrol,automatic,suv,2.0,partial,0,Moscow,74,18000.0,0
L101266,BMW,2013,196543.0,2.0,petrol,automatic,suv,2.0,full,1,Moscow,18,6740.0,1
L100451,Renault,2015,91401.0,1.6,diesel,manual,suv,2.0,full,0,Kazan,56,7700.0,0
L102461,Volkswagen,2022,93148.0,2.8,diesel,manual,suv,1.0,full,0,Kazan,90,22730.0,0
L102645,Hyundai,2019,202743.0,2.0,diesel,automatic,wagon,2.0,full,0,Kazan,155,9940.0,0
L101558,Renault,2013,114307.0,2.6,petrol,automatic,sedan,3.0,partial,1,Moscow,40,4600.0,0
L102079,Kia,2014,163552.0,2.0,petrol,automatic,suv,2.0,none,0,Kazan,82,5240.0,0
L103181,Kia,2013,166045.0,2.4,petrol,automatic,hatchback,1.0,full,0,Moscow,14,4900.0,1
L900015,Ford,2022,91865.0,2.3,diesel,automatic,sedan,,partial,0,Moscow,10,19830.0,1
L100076,Toyota,2018,61957.0,1.3,petrol,manual,sedan,2.0,none,1,Kazan,36,8570.0,0
L103000,Skoda,2019,60824.0,1.3,petrol,automatic,hatchback,5.0,,0,Moscow,9,11160.0,1
L900044,Renault,2018,57740.0,2.1,diesel,automatic,hatchback,2.0,full,0,Moscow,7,10830.0,1
L103591,Ford,2008,273407.0,1.0,hybrid,manual,hatchback,2.0,partial,0,Sochi,44,1480.0,0
L103525,Ford,2017,93875.0,1.3,petrol,automatic,hatchback,2.0,full,0,Moscow,118,9030.0,0
L101879,Renault,2025,15087.0,2.0,petrol,automatic,sedan,1.0,,0,Yekaterinburg,9,24500.0,1
L103359,BMW,2025,19541.0,1.0,petrol,automatic,hatchback,3.0,full,0,Kazan,25,30440.0,1
L101519,Volkswagen,2017,92842.0,1.6,petrol,automatic,hatchback,,full,1,Kazan,4,8390.0,1
L101669,Volkswagen,2018,97527.0,2.3,diesel,manual,hatchback,2.0,none,0,Kazan,84,9070.0,0
L103194,Skoda,2022,39228.0,1.5,diesel,automatic,sedan,3.0,partial,0,Moscow,12,22430.0,1
L101030,Hyundai,2023,32061.0,1.6,diesel,manual,hatchback,2.0,full,0,Moscow,3,22880.0,1
L100797,Volkswagen,2017,206835.0,1.7,petrol,manual,sedan,2.0,full,0,Moscow,9,9450.0,1
L103354,Kia,2014,237934.0,1.9,hybrid,automatic,sedan,1.0,full,0,Novosibirsk,9,4060.0,1
L101724,Ford,2014,1291830.0,1.4,petrol,manual,sedan,1.0,none,0,Moscow,36,5310.0,0
L103742,Kia,2017,208670.0,1.5,hybrid,automatic,wagon,2.0,full,1,Kazan,70,7040.0,0
L101462,Skoda,2025,23051.0,,electric,automatic,hatchback,2.0,,0,Moscow,82,42370.0,0
L103791,Volkswagen,2018,142799.0,1.9,petrol,automatic,hatchback,2.0,none,0,Moscow,79,7370.0,0
L101618,Kia,2017,179697.0,,electric,automatic,sedan,2.0,full,0,Moscow,11,11090.0,1
L104010,Skoda,2024,34909.0,,electric,automatic,suv,,full,0,Moscow,10,45510.0,1
L101586,Skoda,2018,175580.0,1.9,petrol,manual,wagon,3.0,partial,0,Moscow,5,8680.0,1
L101077,Volkswagen,2017,355385.0,1.9,petrol,manual,suv,4.0,full,0,Yekaterinburg,97,5600.0,0
L102329,Hyundai,2020,20271.0,1.8,diesel,manual,suv,1.0,full,1,Yekaterinburg,7,15980.0,1
L102144,Hyundai,2021,37361.0,1.6,petrol,automatic,sedan,1.0,full,0,Sochi,12,17950.0,1
L101665,BMW,2013,208836.0,2.5,petrol,automatic,suv,2.0,full,0,Kazan,64,7560.0,0
L102222,Renault,2014,109403.0,0.9,diesel,manual,hatchback,3.0,none,1,Novosibirsk,73,3970.0,0
L102422,Hyundai,2025,9281.0,1.4,hybrid,automatic,hatchback,2.0,partial,0,Moscow,5,31340.0,1
L100897,Volkswagen,2014,227898.0,2.7,petrol,manual,sedan,1.0,none,1,yekaterinburg,64,3570.0,0
L101132,Toyota,2016,34148.0,2.0,diesel,automatic,wagon,1.0,full,0,Kazan,9,10160.0,1
L100774,Renault,2018,97713.0,1.4,diesel,automatic,suv,1.0,full,1,Moscow,5,12490.0,1
L104081,Kia,2017,286456.0,1.5,PETROL,automatic,suv,2.0,full,0,Moscow,8,8440.0,1
L104108,Skoda,2020,94100.0,2.0,petrol,automatic,wagon,1.0,,0,Yekaterinburg,66,14000.0,0
L100296,BMW,2015,186014.0,2.0,hybrid,manual,sedan,2.0,full,1,Kazan,59,7680.0,0
L102032,Renault,2010,281045.0,1.4,diesel,manual,sedan,1.0,full,1,Kazan,83,1790.0,0
L103508,Skoda,2020,161739.0,1.4,petrol,manual,suv,2.0,full,1,Novosibirsk,111,9580.0,0
L102553,Toyota,2022,63631.0,2.2,PETROL,manual,suv,1.0,partial,0,Novosibirsk,5,19860.0,1
L100041,Skoda,2014,45019.0,2.4,petrol,automatic,sedan,3.0,partial,0,Novosibirsk,3,5680.0,1
L102307,Hyundai,2013,267029.0,2.5,petrol,automatic,suv,1.0,partial,1,Novosibirsk,55,3650.0,0
L102202,Skoda,2017,78230.0,1.4,diesel,manual,suv,1.0,partial,0,Moscow,34,13750.0,0
L100631,Toyota,2020,166619.0,2.3,diesel,automatic,suv,3.0,full,0,Novosibirsk,8,15330.0,1
L100340,Toyota,2018,77596.0,2.5,diesel,manual,hatchback,1.0,partial,0,Sochi,71,10900.0,0
L100146,Toyota,2013,127588.0,2.2,petrol,automatic,suv,2.0,partial,0,Kazan,83,6250.0,0
L102426,Skoda,2015,213155.0,0.9,diesel,automatic,wagon,1.0,none,1,Yekaterinburg,72,3900.0,0
L102285,Renault,2016,136161.0,0.9,petrol,manual,sedan,2.0,full,0,Sochi,8,6030.0,1
L102787,BMW,2021,,1.3,petrol,automatic,sedan,2.0,none,0,Kazan,163,19920.0,0
L102118,BMW,2024,38473.0,2.2,petrol,automatic,suv,3.0,full,0,Novosibirsk,53,50470.0,0
L103099,Renault,2016,198067.0,2.0,hybrid,automatic,wagon,2.0,partial,1,Moscow,98,6180.0,0
L103976,Toyota,2009,400708.0,2.1,hybrid,manual,sedan,4.0,full,0,Moscow,2,1760.0,1
L103245,Toyota,2015,98162.0,1.8,petrol,automatic,sedan,2.0,full,0,Kazan,58,6870.0,0
L100206,Toyota,2022,25957.0,,electric,automatic,sedan,1.0,full,1,Novosibirsk,5,19800.0,1
L101229,Skoda,2015,137837.0,2.6,PETROL,manual,suv,3.0,,0,Novosibirsk,85,5930.0,0
L100899,Renault,2021,79864.0,2.7,diesel,manual,hatchback,3.0,partial,0,Sochi,53,13980.0,0
L101370,Hyundai,2019,1633270.0,0.9,petrol,automatic,sedan,2.0,full,0,Moscow,1,8940.0,1
L101152,Volkswagen,2009,222414.0,2.0,petrol,manual,sedan,3.0,,1,Moscow,46,2850.0,0
L101395,Skoda,2013,243318.0,1.4,petrol,manual,wagon,2.0,full,0,Sochi,41,4400.0,0
L101487,Hyundai,2016,138143.0,1.0,hybrid,manual,sedan,2.0,partial,0,Yekaterinburg,7,5910.0,1
L103343,Hyundai,2019,146427.0,2.1,petrol,automatic,hatchback,2.0,full,0,Sochi,11,10080.0,1
L100911,Kia,2016,27831.0,1.3,hybrid,manual,hatchback,1.0,partial,0,Moscow,4,10910.0,1
L103830,Hyundai,2004,59806.0,1.6,diesel,automatic,suv,2.0,,0,Moscow,143,2640.0,0
L101131,Toyota,2015,227541.0,2.5,diesel,automatic,hatchback,1.0,partial,0,Kazan,2,7800.0,1
L102460,Volkswagen,2020,168956.0,1.7,petrol,automatic,suv,2.0,partial,0,Novosibirsk,57,11440.0,0
L102325,BMW,2015,291576.0,1.4,petrol,manual,sedan,1.0,none,1,Moscow,43,4580.0,0
L101611,Hyundai,2019,262109.0,2.2,diesel,automatic,suv,4.0,partial,0,Yekaterinburg,72,8330.0,0
L102574,Hyundai,2022,92431.0,1.5,PETROL,manual,suv,3.0,none,0,Moscow,59,16550.0,0
L101827,Kia,2021,60554.0,2.2,diesel,automatic,wagon,1.0,,0,Sochi,5,19040.0,1
L100378,BMW,2012,116490.0,1.3,petrol,automatic,suv,1.0,none,0,novosibirsk,45,5480.0,0
L100272,Skoda,2017,72885.0,2.4,diesel,automatic,hatchback,1.0,full,0,Moscow,2,9870.0,1
L101667,Renault,2014,147030.0,2.1,petrol,automatic,suv,3.0,,0,Sochi,50,5800.0,0
L101319,Toyota,2016,165225.0,2.2,petrol,automatic,hatchback,3.0,partial,0,Moscow,69,9520.0,0
L102294,Toyota,2014,278768.0,2.2,petrol,automatic,suv,3.0,full,0,Novosibirsk,1,5250.0,1
L102537,Skoda,2015,,1.2,petrol,automatic,sedan,3.0,full,0,Moscow,50,4370.0,0
L900026,BMW,2013,206388.0,1.5,petrol,manual,hatchback,2.0,none,1,Sochi,71,3850.0,0
L104008,BMW,2014,,1.9,petrol,manual,sedan,1.0,none,1,Novosibirsk,128,7460.0,0
L104161,Toyota,2017,88570.0,2.1,diesel,automatic,sedan,4.0,full,1,Sochi,113,8330.0,0
L101096,Volkswagen,2015,90221.0,2.2,hybrid,automatic,hatchback,3.0,partial,1,Novosibirsk,105,6580.0,0
L100785,Renault,2011,154560.0,1.1,petrol,manual,hatchback,2.0,none,0,Kazan,35,2570.0,0
L102628,Skoda,2018,60334.0,2.0,petrol,manual,sedan,1.0,partial,0,Novosibirsk,2,8990.0,1
L103679,Hyundai,2013,132501.0,0.9,diesel,automatic,sedan,2.0,,1,Sochi,62,4780.0,0
L103379,Volkswagen,2016,91261.0,1.1,petrol,manual,hatchback,1.0,partial,1,Novosibirsk,42,4980.0,0
L101820,Renault,2014,284908.0,2.2,petrol,automatic,suv,3.0,full,0,Kazan,10,4240.0,1
L101309,BMW,2017,100274.0,2.5,diesel,manual,hatchback,2.0,full,0,Moscow,5,13710.0,1
L103186,Toyota,2021,44270.0,1.4,hybrid,manual,suv,,partial,0,Yekaterinburg,7,22970.0,1
L102998,Skoda,2020,77711.0,2.1,diesel,manual,hatchback,1.0,full,0,Novosibirsk,5,12830.0,1
L100539,Ford,2020,46313.0,2.0,petrol,automatic,suv,2.0,partial,0,Sochi,20,15150.0,1
L103535,Volkswagen,2013,155892.0,1.6,petrol,automatic,hatchback,3.0,,0,Moscow,48,4790.0,0
L102726,Skoda,2010,,2.0,petrol,automatic,sedan,3.0,full,0,Moscow,4,4470.0,1
L100494,Skoda,2010,112053.0,2.2,hybrid,automatic,sedan,1.0,full,0,Moscow,2,4550.0,1
L101828,Volkswagen,2020,30319.0,1.8,diesel,automatic,wagon,3.0,full,0,Kazan,10,15430.0,1
L900052,Hyundai,2011,-1.0,1.5,petrol,automatic,suv,2.0,full,0,Moscow,58,3300.0,0
L103344,Hyundai,2012,162922.0,2.0,diesel,manual,hatchback,2.0,partial,0,Yekaterinburg,4,3660.0,1
L100433,Volkswagen,2022,30156.0,2.3,petrol,manual,wagon,1.0,full,0,Moscow,75,25960.0,0
L101941,Ford,2016,139938.0,2.0,DIESEL,automatic,suv,2.0,none,0,Yekaterinburg,68,6830.0,0
L100294,BMW,2022,138390.0,2.1,diesel,automatic,hatchback,3.0,full,0,Novosibirsk,97,19430.0,0
L100398,Hyundai,2017,184630.0,2.0,petrol,automatic,sedan,1.0,partial,1,Moscow,4,6820.0,1
L101934,Toyota,2017,178349.0,1.8,diesel,manual,hatchback,2.0,full,0,Moscow,20,8930.0,1
L102794,Volkswagen,2022,29628.0,2.3,hybrid,manual,sedan,1.0,partial,0,Moscow,14,20780.0,1
L102541,Hyundai,2020,57153.0,1.1,diesel,automatic,hatchback,2.0,none,0,yekaterinburg,18,10430.0,1
L100157,Skoda,2015,155231.0,1.8,petrol,manual,hatchback,2.0,full,0,Yekaterinburg,2,5820.0,1
L100645,Hyundai,2014,351151.0,2.2,petrol,automatic,sedan,2.0,partial,0,Moscow,6,3960.0,1
L101210,Hyundai,2019,994810.0,2.4,diesel,manual,hatchback,2.0,none,1,Moscow,35,9230.0,0
L102505,Volkswagen,2023,23059.0,1.5,diesel,manual,suv,1.0,partial,0,Moscow,86,28580.0,0
L101731,Hyundai,2013,139146.0,1.8,petrol,manual,sedan,2.0,partial,0,Moscow,11,5090.0,1
L900005,Volkswagen,2020,172134.0,0.9,petrol,manual,wagon,4.0,partial,0,Moscow,64,11340.0,0
L100924,BMW,2021,42510.0,2.4,hybrid,manual,suv,1.0,,0,Moscow,123,35230.0,0
L102139,Volkswagen,2020,12776.0,2.1,HYBRID,automatic,hatchback,1.0,full,0,Moscow,2,22760.0,1
L102053,BMW,2013,129258.0,2.5,hybrid,automatic,suv,4.0,partial,1,Moscow,111,10970.0,0
L101920,BMW,2018,62349.0,1.8,petrol,automatic,wagon,1.0,full,1,Kazan,8,12890.0,1
L102691,Skoda,2008,101655.0,1.5,petrol,automatic,hatchback,4.0,full,1,Sochi,8,2020.0,1
L100877,Toyota,2018,70344.0,2.3,diesel,manual,hatchback,3.0,partial,0,Sochi,97,9900.0,0
L100741,Kia,2015,139189.0,2.6,HYBRID,manual,sedan,2.0,full,0,Novosibirsk,6,6920.0,1
L101006,Skoda,2012,326417.0,1.3,diesel,manual,suv,1.0,,0,Moscow,101,4910.0,0
L104153,Volkswagen,2013,192813.0,1.4,petrol,automatic,hatchback,2.0,full,0,Kazan,6,4340.0,1
L100397,Ford,2020,44998.0,1.3,diesel,automatic,suv,1.0,partial,1,Moscow,13,16380.0,1
L101068,Hyundai,2019,60151.0,1.5,hybrid,automatic,suv,2.0,full,0,Sochi,1,20460.0,1
L103696,Volkswagen,2019,73808.0,1.7,hybrid,manual,hatchback,3.0,partial,0,Sochi,6,14490.0,1
L103616,Renault,2015,68284.0,2.2,diesel,manual,wagon,2.0,full,0,Yekaterinburg,138,5700.0,0
L100363,Toyota,2022,27686.0,1.9,diesel,manual,suv,1.0,full,0,Yekaterinburg,12,26860.0,1
L102801,Ford,2014,60419.0,1.6,petrol,automatic,sedan,,partial,0,Yekaterinburg,20,5600.0,1
L101354,Kia,2018,143159.0,1.8,petrol,automatic,sedan,1.0,full,1,Novosibirsk,124,8840.0,0
L103972,Toyota,2025,13659.0,1.1,hybrid,automatic,hatchback,1.0,partial,1,Sochi,46,29100.0,0
L103135,Hyundai,2017,113229.0,0.9,diesel,manual,wagon,1.0,partial,0,Moscow,68,9000.0,0
L101320,BMW,2006,202627.0,2.1,petrol,manual,hatchback,1.0,full,1,Kazan,66,2170.0,0
L102853,Volkswagen,2021,67227.0,0.9,petrol,manual,sedan,2.0,partial,0,Novosibirsk,119,12540.0,0
L101578,Toyota,2011,244173.0,1.1,petrol,manual,suv,1.0,none,1,Kazan,176,3790.0,0
L100965,Toyota,2019,114195.0,1.6,petrol,automatic,hatchback,4.0,partial,0,Moscow,8,10530.0,1
L103663,BMW,2025,24866.0,2.5,petrol,automatic,suv,2.0,partial,0,Moscow,87,48530.0,0
L101078, Skoda ,2015,289581.0,2.1,petrol,manual,hatchback,2.0,partial,0,Kazan,209,4470.0,0
L100254, Ford ,2014,93838.0,1.2,petrol,automatic,sedan,1.0,full,0,Kazan,7,5700.0,1
L103504,Toyota,2014,40820.0,2.6,petrol,manual,hatchback,3.0,partial,1,Sochi,74,6360.0,0
L100550,Ford,2022,63750.0,1.5,petrol,automatic,sedan,2.0,none,0,Yekaterinburg,95,17210.0,0
L100532,Skoda,2019,115688.0,1.7,petrol,automatic,suv,1.0,partial,0,Moscow,3,12560.0,1
L100333,Toyota,2017,117181.0,1.8,petrol,automatic,wagon,4.0,full,0,Yekaterinburg,12,9170.0,1
L102240,Hyundai,2012,135833.0,0.9,petrol,manual,suv,2.0,full,0,Moscow,9,5250.0,1
L103337,Kia,2019,129321.0,1.5,hybrid,automatic,suv,3.0,partial,0,Novosibirsk,73,14220.0,0
L101352,Ford,2015,236719.0,2.1,petrol,manual,sedan,4.0,full,1,Moscow,53,4600.0,0
L101264,Toyota,2013,229855.0,1.3,petrol,automatic,suv,1.0,partial,0,Yekaterinburg,51,4390.0,0
L103983,Volkswagen,2021,38708.0,2.4,diesel,automatic,hatchback,2.0,none,0,Novosibirsk,9,16000.0,1
L100922,Kia,2021,66034.0,2.7,petrol,manual,sedan,1.0,full,0,Sochi,11,18720.0,1
L103471,Hyundai,2023,48150.0,1.6,petrol,manual,hatchback,4.0,none,0,Yekaterinburg,127,15860.0,0
L100402,Hyundai,2014,62772.0,1.8,petrol,automatic,wagon,3.0,partial,1,Yekaterinburg,46,5320.0,0
L101805,Toyota,2017,68484.0,1.0,hybrid,automatic,wagon,3.0,partial,0,Moscow,2,12110.0,1
L102973,Toyota,2013,89053.0,2.4,diesel,automatic,suv,3.0,none,0,Sochi,52,8090.0,0
L103922, Ford ,2020,151371.0,0.9,petrol,automatic,,1.0,full,0,Yekaterinburg,8,10050.0,1
L102179,Toyota,2018,,2.0,petrol,automatic,suv,2.0,full,0,Moscow,98,15980.0,0
L103410,Kia,2016,52503.0,0.9,petrol,automatic,hatchback,1.0,full,0,Moscow,1,8010.0,1
L100407,Ford,2014,,1.5,petrol,manual,hatchback,,partial,1,Moscow,48,4110.0,0
L101296,Kia,2014,86390.0,1.0,diesel,automatic,wagon,4.0,partial,0,Moscow,1,5820.0,1
L103788,Volkswagen,2017,173128.0,1.2,diesel,automatic,sedan,1.0,partial,1,Moscow,58,7370.0,0
L101259,Volkswagen,2014,97549.0,1.2,diesel,manual,suv,1.0,full,0,Moscow,2,10080.0,1
L101102,Kia,2015,,1.9,diesel,automatic,suv,1.0,full,0,Novosibirsk,5,6900.0,1
L101907,Volkswagen,2016,151788.0,2.0,HYBRID,manual,suv,2.0,partial,0,Yekaterinburg,65,8340.0,0
L101016,BMW,2011,430000.0,1.7,diesel,automatic,wagon,1.0,full,0,Sochi,3,3280.0,1
L101733,Ford,2007,221651.0,2.3,hybrid,automatic,hatchback,3.0,partial,0,Kazan,21,1960.0,1
L100615,Ford,2018,91008.0,1.8,petrol,automatic,suv,2.0,full,1,Kazan,8,10130.0,1
L102520,Skoda,2018,89189.0,2.1,petrol,manual,suv,2.0,none,0,Moscow,67,12080.0,0
L102244,Skoda,2023,47606.0,2.3,petrol,automatic,suv,1.0,partial,1,Kazan,107,27070.0,0
L101117,Ford,2015,350235.0,,electric,automatic,sedan,3.0,full,0,Novosibirsk,144,5170.0,0
L100535,BMW,2020,88576.0,1.7,hybrid,automatic,hatchback,3.0,partial,0,Sochi,5,18180.0,1
L102917,Ford,2020,35410.0,2.2,DIESEL,manual,sedan,4.0,full,1,Novosibirsk,5,11380.0,1
L100859,Toyota,2022,35675.0,1.2,petrol,automatic,hatchback,2.0,partial,0,Moscow,4,16560.0,1
L101344,Ford,2017,186194.0,1.8,petrol,manual,suv,2.0,full,0,Moscow,5,8630.0,1
L102562,Hyundai,2014,176950.0,1.8,diesel,manual,sedan,2.0,partial,0,Moscow,96,5660.0,0
L104038,Skoda,2021,,,electric,automatic,sedan,4.0,none,0,Novosibirsk,97,18040.0,0
L104047,Kia,2019,142006.0,1.5,diesel,automatic,sedan,2.0,none,0,Kazan,128,8750.0,0
L102727,Hyundai,2025,2564.0,,electric,automatic,sedan,3.0,full,0,Kazan,74,34280.0,0
L101592,Toyota,2015,154724.0,,electric,automatic,hatchback,3.0,full,0,Moscow,5,8510.0,1
L104019,Kia,2016,138020.0,1.6,diesel,automatic,hatchback,3.0,partial,1,Sochi,42,5340.0,0
L101171,Skoda,2018,114001.0,2.0,petrol,manual,suv,,none,1,Moscow,82,11740.0,0
L101368,Toyota,2009,430000.0,2.0,hybrid,automatic,suv,4.0,full,0,Moscow,3,1920.0,1
L102330,Kia,2017,36419.0,2.0,petrol,manual,sedan,1.0,full,0,Yekaterinburg,10,7790.0,1
L101163,Toyota,2012,71742.0,1.3,petrol,automatic,sedan,2.0,full,0,Moscow,6,5780.0,1
L101066,Hyundai,2012,420648.0,1.4,petrol,automatic,hatchback,2.0,partial,0,Moscow,6,1990.0,1
L100141,Skoda,2015,-1.0,1.8,diesel,automatic,hatchback,2.0,none,0,Moscow,6,4770.0,1
L100596,Kia,2019,109133.0,2.0,petrol,manual,hatchback,3.0,partial,0,Novosibirsk,20,7400.0,1
L102237,Volkswagen,2016,295772.0,1.3,petrol,automatic,hatchback,2.0,partial,1,kazan,76,3330.0,0
L102446,BMW,2014,1008940.0,1.8,petrol,manual,suv,3.0,none,0,Yekaterinburg,70,9060.0,0
L102282,Toyota,2014,172385.0,,electric,automatic,hatchback,1.0,none,0,Novosibirsk,40,5220.0,0
L101497,Hyundai,2011,153932.0,,electric,automatic,hatchback,1.0,partial,1,Novosibirsk,115,3530.0,0
L103546,BMW,2017,348220.0,2.4,petrol,automatic,wagon,3.0,none,0,Moscow,96,7540.0,0
L100531,Kia,2016,56465.0,1.5,petrol,automatic,wagon,1.0,full,0,Moscow,4,8750.0,1
L100401,Volkswagen,2021,125234.0,2.1,petrol,automatic,wagon,2.0,full,0,Sochi,164,18220.0,0
L101308,BMW,2013,226308.0,1.5,hybrid,manual,suv,3.0,partial,0,Sochi,3,6250.0,1
L102656,BMW,2024,31862.0,1.7,petrol,automatic,suv,2.0,full,0,Novosibirsk,6,35900.0,1
L101847,Hyundai,2021,34047.0,1.6,hybrid,manual,sedan,3.0,partial,0,Moscow,5,18260.0,1
L100636, Skoda ,2009,153614.0,2.0,petrol,automatic,suv,1.0,,0,Moscow,9,4340.0,1
L101858, Hyundai ,2021,89086.0,1.4,petrol,automatic,sedan,1.0,full,0,Sochi,72,17390.0,0
L103191,Toyota,2014,366910.0,2.0,petrol,automatic,wagon,1.0,full,0,Moscow,1,5060.0,1
L101410,Volkswagen,2021,71583.0,1.6,petrol,manual,sedan,2.0,partial,0,Moscow,11,17170.0,1
L101400,Kia,2016,99264.0,2.4,hybrid,manual,suv,2.0,full,0,Moscow,51,13650.0,0
L102083,Renault,2018,98011.0,1.5,hybrid,automatic,sedan,2.0,none,0,Novosibirsk,51,8350.0,0
L104041,Volkswagen,2013,164026.0,2.6,petrol,automatic,hatchback,2.0,full,0,Moscow,6,6610.0,1
L100124,Skoda,2013,144350.0,1.9,hybrid,automatic,suv,1.0,full,1,Novosibirsk,20,5330.0,1
L101362,Ford,2017,101277.0,2.0,petrol,automatic,sedan,2.0,full,1,Kazan,124,6500.0,0
L103912,Toyota,2018,116460.0,1.3,petrol,manual,sedan,2.0,full,0,novosibirsk,13,9000.0,1
L101313,Toyota,2016,107780.0,,electric,automatic,sedan,1.0,full,0,Moscow,12,15340.0,1
L102470,Volkswagen,2011,356450.0,2.5,petrol,automatic,suv,2.0,full,0,Moscow,6,3930.0,1
L101241,Toyota,2013,173328.0,2.6,petrol,manual,hatchback,2.0,full,1,Moscow,67,4820.0,0
L103326,Volkswagen,2015,221523.0,1.6,petrol,manual,sedan,2.0,full,0,Novosibirsk,4,5180.0,1
L100006,Toyota,2009,144782.0,2.2,petrol,manual,hatchback,2.0,,0,Yekaterinburg,8,2480.0,1
L104097,Toyota,2021,30495.0,2.5,petrol,automatic,sedan,2.0,full,0,Moscow,3,22240.0,1
L100056,Renault,2019,151457.0,1.8,petrol,manual,suv,3.0,full,0,Yekaterinburg,3,10690.0,1
L102061,Skoda,2023,27573.0,2.4,hybrid,automatic,sedan,1.0,full,1,Kazan,72,22680.0,0
L102524,Kia,2011,,1.7,petrol,automatic,sedan,1.0,partial,0,Kazan,60,2670.0,0
L101635,Hyundai,2016,171781.0,2.3,diesel,manual,suv,1.0,none,1,Novosibirsk,99,5530.0,0
L103412,BMW,2013,136091.0,1.6,petrol,automatic,sedan,2.0,full,0,Kazan,15,5670.0,1
L102287,Toyota,2019,126239.0,,electric,automatic,suv,2.0,full,0,Moscow,1,23060.0,1
L102630,Hyundai,2013,122998.0,1.8,PETROL,manual,sedan,1.0,partial,0,Yekaterinburg,86,4790.0,0
L100589,Ford,2011,111942.0,1.4,petrol,automatic,suv,1.0,full,1,Moscow,73,4410.0,0
L102856,Toyota,2017,26937.0,1.7,diesel,manual,hatchback,4.0,full,0,Yekaterinburg,5,8110.0,1
L100966,Volkswagen,2016,121141.0,1.5,hybrid,automatic,suv,1.0,full,1,Yekaterinburg,1,10320.0,1
L101185,Skoda,2021,114026.0,1.1,petrol,manual,sedan,2.0,none,0,Moscow,72,13000.0,0
L101127,Volkswagen,2017,158692.0,0.9,petrol,automatic,suv,3.0,partial,0,Kazan,13,8630.0,1
L103965,Ford,2018,92908.0,1.2,petrol,manual,sedan,1.0,partial,0,Moscow,2,9220.0,1
L101284,Volkswagen,2018,55051.0,1.7,diesel,automatic,wagon,1.0,partial,0,Novosibirsk,8,10590.0,1
L103008,Toyota,2014,55384.0,,electric,automatic,suv,1.0,full,0,Kazan,89,12970.0,0
L100358,Renault,2016,49704.0,2.3,petrol,automatic,suv,1.0,full,0,Novosibirsk,20,10320.0,1
L102560,Toyota,2016,103592.0,1.2,diesel,manual,suv,1.0,full,0,Novosibirsk,11,8940.0,1
L900030,Ford,2020,,2.1,petrol,automatic,suv,3.0,full,0,Moscow,5,15710.0,1
L100672,Toyota,2021,43182.0,1.6,petrol,automatic,hatchback,2.0,full,0,Moscow,4,16340.0,1
L100679,Ford,2018,37557.0,2.4,diesel,manual,sedan,2.0,full,0,Yekaterinburg,3,14120.0,1
L104183,Volkswagen,2015,151696.0,1.7,diesel,automatic,suv,2.0,full,0,Sochi,63,8890.0,0
L103470, Volkswagen ,2014,121304.0,2.3,petrol,automatic,wagon,3.0,full,1,Kazan,70,6370.0,0
L102184,BMW,2012,202425.0,2.6,petrol,automatic,sedan,2.0,none,0,Sochi,79,4470.0,0
L100292,Skoda,2018,152937.0,1.6,petrol,automatic,suv,1.0,full,0,Moscow,89,12860.0,0
L100085,Hyundai,2020,88436.0,1.3,hybrid,manual,sedan,3.0,full,0,Yekaterinburg,67,12670.0,0
L103267,Renault,2016,90105.0,1.8,petrol,automatic,sedan,2.0,partial,0,Moscow,1,8000.0,1
L100958,Skoda,2019,114513.0,1.7,diesel,automatic,sedan,,full,0,Sochi,58,12700.0,0
L100943,Hyundai,2018,148377.0,2.5,petrol,automatic,,2.0,,0,Novosibirsk,5,8160.0,1
L100130,Kia,2016,28248.0,0.9,petrol,manual,suv,1.0,partial,0,Novosibirsk,8,8790.0,1
L100290,Renault,2022,45014.0,1.4,diesel,automatic,hatchback,,partial,0,Moscow,2,14220.0,1
L100155,Volkswagen,2017,64432.0,1.9,petrol,automatic,hatchback,3.0,full,1,Moscow,2,9710.0,1
L101523,Skoda,2025,2685.0,1.2,hybrid,manual,sedan,2.0,,0,Yekaterinburg,67,31040.0,0
L103202,Hyundai,2018,181392.0,2.6,petrol,manual,sedan,2.0,full,0,Yekaterinburg,82,8940.0,0
L100217,Renault,2020,66334.0,2.0,diesel,automatic,hatchback,1.0,partial,1,Moscow,5,13470.0,1
L103146,Renault,2018,171443.0,1.0,petrol,manual,wagon,3.0,none,0,Kazan,2,6370.0,1
L103671,BMW,2014,260214.0,1.9,petrol,automatic,sedan,2.0,full,0,Sochi,8,7520.0,1
L103717,Hyundai,2014,169288.0,1.6,petrol,automatic,sedan,1.0,none,0,Yekaterinburg,61,4880.0,0
L100405,Ford,2009,269590.0,1.0,petrol,automatic,sedan,3.0,,0,Sochi,67,1910.0,0
L100260, Volkswagen ,2016,216110.0,1.7,petrol,manual,hatchback,2.0,partial,1,Yekaterinburg,91,4460.0,0
L900027,Ford,2015,164366.0,1.8,hybrid,manual,sedan,2.0,full,1,Moscow,10,6050.0,1
L103398,Kia,2015,100425.0,1.5,petrol,automatic,wagon,1.0,partial,0,Sochi,51,7330.0,0
L103392,Ford,2018,59018.0,1.8,petrol,manual,wagon,4.0,partial,0,Moscow,154,10700.0,0
L102223,Ford,2015,93799.0,2.0,petrol,automatic,wagon,1.0,partial,0,Moscow,8,6270.0,1
L101154,Skoda,2019,255822.0,1.3,PETROL,manual,sedan,1.0,partial,0,Moscow,3,7610.0,1
L101118,Toyota,2019,62073.0,1.5,petrol,manual,hatchback,1.0,,0,Novosibirsk,2,11440.0,1
L100512,Volkswagen,2019,84886.0,2.3,petrol,manual,,3.0,full,0,Novosibirsk,13,13140.0,1
L900031,Kia,2018,170485.0,1.3,petrol,automatic,hatchback,3.0,partial,0,Novosibirsk,43,7330.0,0
L100577,Hyundai,2017,330526.0,2.5,hybrid,manual,suv,1.0,partial,1,Moscow,5,7410.0,1
L100476,Kia,2016,82736.0,0.9,diesel,manual,suv,4.0,partial,0,Novosibirsk,11,6660.0,1
L101538,Toyota,2019,207672.0,2.3,hybrid,automatic,wagon,2.0,,0,novosibirsk,17,11540.0,1
L101710,Kia,2021,46516.0,2.1,petrol,automatic,suv,1.0,full,0,Kazan,9,18180.0,1
L100499,Hyundai,2023,87231.0,2.2,petrol,automatic,hatchback,3.0,none,0,Moscow,12,17220.0,1
L101174,Volkswagen,2017,80736.0,1.7,petrol,manual,wagon,3.0,full,0,Moscow,17,9260.0,1
L100498,Hyundai,2018,187609.0,2.3,hybrid,manual,sedan,2.0,full,0,Moscow,81,10950.0,0
L101275,Hyundai,2019,62517.0,1.5,petrol,automatic,hatchback,2.0,full,1,Moscow,17,8770.0,1
L100086,Hyundai,2010,250335.0,2.5,petrol,manual,hatchback,1.0,none,1,Moscow,63,2510.0,0
L103310,Skoda,2021,43225.0,1.9,petrol,manual,suv,3.0,partial,0,moscow,2,17540.0,1
L101283,Hyundai,2025,1373.0,2.1,petrol,automatic,suv,3.0,full,0,Moscow,121,36530.0,0
L103514,Ford,2019,123623.0,1.8,petrol,automatic,wagon,1.0,none,0,Moscow,6,9380.0,1
L101221,Kia,2019,88553.0,,electric,automatic,hatchback,1.0,full,1,Moscow,9,15580.0,1
L102364,Volkswagen,2017,154033.0,2.3,petrol,automatic,hatchback,2.0,full,1,Yekaterinburg,74,5440.0,0
L102360,Toyota,2019,73331.0,1.6,petrol,manual,suv,3.0,full,0,Moscow,6,15660.0,1
L101454, Kia ,2015,138151.0,1.9,petrol,manual,wagon,2.0,none,0,Kazan,71,5320.0,0
L101743,Hyundai,2019,17028.0,2.4,diesel,manual,wagon,1.0,partial,0,Novosibirsk,64,15540.0,0
L101785,BMW,2025,25785.0,1.0,diesel,manual,sedan,3.0,partial,0,Moscow,47,34090.0,0
L101175,Skoda,2019,45447.0,2.1,diesel,automatic,sedan,2.0,full,0,Yekaterinburg,54,15850.0,0
L100179,Skoda,2019,98820.0,1.2,diesel,manual,suv,4.0,partial,0,Yekaterinburg,84,10690.0,0
L103362,Renault,2014,292960.0,2.5,petrol,automatic,sedan,3.0,full,0,Moscow,16,4930.0,1
L100466,Renault,2015,153146.0,2.2,petrol,manual,hatchback,3.0,full,1,Novosibirsk,71,4960.0,0
L103198,BMW,2012,113209.0,1.9,petrol,automatic,sedan,,full,1,Novosibirsk,78,5620.0,0
L103022,Skoda,2015,51575.0,1.9,diesel,manual,sedan,2.0,full,0,Kazan,2,6880.0,1
L101546,Ford,2020,102342.0,1.3,petrol,manual,sedan,1.0,full,0,Moscow,25,13730.0,1
L103782,Kia,2015,118458.0,2.2,hybrid,automatic,suv,2.0,,0,Moscow,8,7850.0,1
L101218,Hyundai,2022,39798.0,2.1,petrol,manual,hatchback,2.0,partial,0,Yekaterinburg,13,17510.0,1
L101502,Ford,2009,272996.0,0.9,diesel,manual,sedan,3.0,partial,0,Kazan,68,1970.0,0
L101408,Renault,2014,363606.0,1.5,petrol,automatic,wagon,3.0,full,0,Novosibirsk,10,2790.0,1
L100262,Toyota,2017,234819.0,2.3,petrol,manual,sedan,2.0,partial,0,Sochi,99,7980.0,0
L100526,Ford,2018,119454.0,,electric,automatic,sedan,1.0,full,0,Novosibirsk,2,11270.0,1
L100847,Hyundai,2013,279287.0,,electric,automatic,hatchback,1.0,full,0,Moscow,6,4540.0,1
L101015,Volkswagen,2011,358412.0,2.3,hybrid,manual,suv,1.0,partial,0,Moscow,8,3900.0,1
L100316,Kia,2015,88806.0,1.4,petrol,automatic,hatchback,1.0,full,1,Moscow,4,6090.0,1
L104162,Kia,2023,74885.0,2.1,petrol,automatic,hatchback,1.0,full,1,Moscow,5,17010.0,1
L101035,Volkswagen,2020,73533.0,1.7,petrol,manual,hatchback,2.0,full,0,Moscow,2,13940.0,1
L100566,Volkswagen,2017,91148.0,1.9,diesel,manual,hatchback,3.0,partial,1,Moscow,4,11090.0,1
L101891,BMW,2020,23691.0,2.0,diesel,manual,sedan,2.0,none,0,Novosibirsk,94,18890.0,0
L100604,Ford,2014,136258.0,2.8,petrol,automatic,hatchback,,none,0,Novosibirsk,46,4160.0,0
L100620,Toyota,2021,79390.0,2.2,petrol,automatic,hatchback,1.0,full,0,Moscow,9,18020.0,1
L100291,Hyundai,2019,172687.0,1.9,diesel,automatic,sedan,3.0,partial,0,Moscow,29,9680.0,1
L101797,Ford,2018,,1.5,petrol,manual,sedan,1.0,partial,0,Moscow,9,10240.0,1
L102057,BMW,2017,162235.0,2.3,diesel,manual,suv,1.0,none,0,Moscow,103,14550.0,0
L103603,Kia,2020,101855.0,1.6,petrol,manual,sedan,1.0,partial,1,Yekaterinburg,66,8560.0,0
L100795,Hyundai,2021,232864.0,,electric,automatic,sedan,2.0,partial,1,Moscow,72,16400.0,0
L102096,Volkswagen,2010,208443.0,1.8,petrol,automatic,suv,,none,0,Moscow,17,3730.0,1
L103937,Volkswagen,2015,112349.0,2.3,diesel,automatic,suv,4.0,partial,0,Sochi,71,9560.0,0
L103758,Volkswagen,2019,50934.0,2.0,petrol,manual,suv,2.0,full,0,Moscow,5,17360.0,1
L100411,Hyundai,2018,103422.0,2.1,petrol,automatic,hatchback,3.0,full,0,Moscow,18,8770.0,1
L100288,Ford,2018,69209.0,0.9,hybrid,manual,hatchback,1.0,partial,1,Kazan,4,7920.0,1
L103411,Volkswagen,2022,71428.0,0.9,diesel,automatic,sedan,2.0,full,0,Kazan,99,16900.0,0
L104012,Toyota,2023,49542.0,1.8,diesel,manual,suv,1.0,full,0,Novosibirsk,5,24000.0,1
L102394,Volkswagen,2015,148942.0,1.5,HYBRID,automatic,,2.0,full,0,Kazan,3,8200.0,1
L102229,Volkswagen,2020,54765.0,2.2,petrol,automatic,wagon,2.0,partial,0,Sochi,69,16500.0,0
L100800,Hyundai,2021,110078.0,1.9,petrol,automatic,suv,1.0,partial,0,Moscow,20,19480.0,1
L103115,Hyundai,2017,205052.0,1.3,petrol,manual,suv,2.0,partial,0,Sochi,57,7290.0,0
L102785,Hyundai,2022,219093.0,2.0,petrol,automatic,,1.0,full,0,Yekaterinburg,7,10850.0,1
L102621,Toyota,2023,45321.0,1.5,petrol,manual,suv,3.0,full,0,Novosibirsk,116,23220.0,0
L104131,Ford,2018,50591.0,3.0,petrol,automatic,hatchback,2.0,none,0,Sochi,153,9440.0,0
L103201, Skoda ,2012,,1.5,petrol,manual,hatchback,3.0,none,0,Yekaterinburg,170,3640.0,0
L101345,Toyota,2012,136131.0,2.7,diesel,automatic,wagon,2.0,none,0,Yekaterinburg,6,5040.0,1
L101712,Toyota,2017,76341.0,1.3,petrol,manual,hatchback,3.0,,0,Moscow,5,8830.0,1
L100502,Toyota,2017,151893.0,2.0,petrol,automatic,wagon,2.0,full,0,Novosibirsk,11,9260.0,1
L102492,Toyota,2014,159502.0,1.5,petrol,manual,sedan,2.0,full,1,Sochi,37,4340.0,0
L101231,Volkswagen,2020,91884.0,1.9,petrol,automatic,suv,1.0,none,0,Moscow,44,17710.0,0
L101451,BMW,2018,171156.0,0.9,diesel,automatic,sedan,1.0,full,1,Moscow,145,12860.0,0
L101910, BMW ,2018,94822.0,1.9,hybrid,automatic,suv,3.0,full,0,Sochi,9,20080.0,1
L104013,Ford,2017,74780.0,1.9,petrol,manual,hatchback,3.0,partial,0,Kazan,56,8270.0,0
L102376,Renault,2023,11068.0,1.0,diesel,manual,suv,2.0,full,1,Sochi,4,23440.0,1
L100621,Volkswagen,2022,-1.0,2.4,petrol,manual,sedan,4.0,full,0,Moscow,9,22410.0,1
L100034,Renault,2016,194898.0,1.6,diesel,manual,hatchback,4.0,partial,1,Kazan,54,4110.0,0
L103942,Ford,2018,66973.0,2.2,hybrid,manual,hatchback,2.0,full,0,Kazan,6,11060.0,1
L103926,Toyota,2022,71875.0,1.7,petrol,automatic,hatchback,2.0,partial,0,Moscow,4,16180.0,1
L102815,Toyota,2023,36491.0,2.4,petrol,manual,hatchback,4.0,full,0,Yekaterinburg,41,18680.0,0
L101373,Kia,2016,89638.0,1.9,diesel,automatic,sedan,1.0,full,0,Moscow,4,8950.0,1
L103606,Skoda,2016,123532.0,1.4,petrol,automatic,suv,2.0,full,0,Novosibirsk,57,7550.0,0
L101086,BMW,2014,317084.0,,electric,automatic,hatchback,2.0,full,0,moscow,4,7650.0,1
L103011,Kia,2019,114737.0,2.0,diesel,automatic,hatchback,3.0,none,1,Novosibirsk,102,7200.0,0
L102652,Ford,2012,168841.0,1.4,diesel,manual,wagon,2.0,partial,0,Moscow,12,4550.0,1
L101701,Kia,2016,181553.0,1.1,diesel,automatic,sedan,2.0,partial,0,Moscow,72,8000.0,0
L103062,Renault,2010,,1.7,petrol,manual,wagon,2.0,full,0,Novosibirsk,92,2120.0,0
L100578,BMW,2016,118055.0,2.0,hybrid,automatic,wagon,2.0,none,0,Novosibirsk,122,9180.0,0
L103813,Hyundai,2024,11739.0,1.8,petrol,automatic,sedan,4.0,full,0,Novosibirsk,4,21000.0,1
L102181,Ford,2017,4260.0,,electric,automatic,,2.0,full,0,Moscow,8,20690.0,1
L102268,Renault,2012,308552.0,2.3,petrol,automatic,suv,3.0,full,0,Moscow,2,3720.0,1
L101080,Ford,2011,288842.0,1.4,petrol,automatic,hatchback,4.0,full,0,Moscow,3,2120.0,1
L102948,Renault,2016,128642.0,1.9,petrol,manual,wagon,3.0,none,1,Sochi,51,5220.0,0
L100207,Volkswagen,2009,121695.0,1.9,diesel,automatic,suv,,full,1,Moscow,10,5290.0,1
L100696,Renault,2020,60724.0,2.2,petrol,manual,wagon,2.0,full,0,Novosibirsk,54,14950.0,0
L101526,Volkswagen,2015,96331.0,1.4,diesel,manual,suv,5.0,full,0,Novosibirsk,51,8460.0,0
L101420,Hyundai,2018,,1.3,petrol,manual,sedan,1.0,partial,0,Moscow,6,8610.0,1
L102419,Hyundai,2025,14845.0,2.5,PETROL,automatic,sedan,2.0,partial,0,Novosibirsk,76,28070.0,0
L100814,Renault,2024,25013.0,1.9,DIESEL,manual,hatchback,3.0,full,0,Sochi,54,26110.0,0
L102136,Hyundai,2013,95384.0,1.5,diesel,manual,suv,1.0,full,0,Yekaterinburg,52,7210.0,0
L100450,Toyota,2017,,1.8,diesel,automatic,sedan,2.0,full,1,Moscow,8,8950.0,1
L101501,BMW,2020,85233.0,,electric,automatic,hatchback,1.0,none,0,Yekaterinburg,118,23680.0,0
L100473,Toyota,2016,166444.0,2.0,petrol,automatic,sedan,3.0,full,0,moscow,2,6170.0,1
L101840, Hyundai ,2018,119063.0,2.0,petrol,automatic,suv,4.0,full,0,Sochi,9,12380.0,1
L100702,Volkswagen,2012,166025.0,2.0,petrol,automatic,suv,1.0,full,0,Novosibirsk,61,6120.0,0
L104039,Kia,2018,178995.0,2.5,petrol,manual,suv,1.0,full,1,Moscow,46,9940.0,0
L101864,Renault,2016,53945.0,2.2,diesel,automatic,sedan,2.0,none,1,Novosibirsk,15,5720.0,1
L102349,Ford,2016,155941.0,2.1,petrol,automatic,sedan,2.0,none,0,Moscow,18,7160.0,1
L102100,Toyota,2012,358833.0,2.0,petrol,automatic,sedan,2.0,full,1,Kazan,51,2360.0,0
L102899,Skoda,2025,500.0,1.0,petrol,automatic,hatchback,2.0,none,0,Yekaterinburg,1,20090.0,1
L100505,Volkswagen,2016,102033.0,1.2,petrol,automatic,sedan,1.0,full,1,Novosibirsk,112,6250.0,0
L101060,Volkswagen,2015,215299.0,2.2,diesel,manual,sedan,1.0,partial,1,Kazan,62,6140.0,0
L101673,Kia,2017,96470.0,1.7,diesel,manual,wagon,1.0,full,1,Moscow,42,9040.0,0
L100794,Toyota,2012,427297.0,,electric,automatic,sedan,1.0,full,0,Novosibirsk,2,3510.0,1
L103658,BMW,2022,46659.0,0.9,petrol,manual,suv,2.0,full,0,Sochi,81,30870.0,0
L103636,Renault,2012,213909.0,1.5,petrol,automatic,hatchback,2.0,full,0,Moscow,12,3860.0,1
L103474,Kia,2022,67563.0,1.6,petrol,automatic,hatchback,1.0,full,0,Novosibirsk,3,14090.0,1
L102762,Renault,2010,127614.0,2.0,hybrid,manual,hatchback,2.0,partial,0,Moscow,58,3550.0,0
L101775,Volkswagen,2013,119926.0,1.9,diesel,manual,wagon,1.0,,0,Sochi,85,6480.0,0
L101279,Toyota,2022,39648.0,2.2,diesel,manual,suv,2.0,none,1,Kazan,63,19940.0,0
L103050,Volkswagen,2020,57149.0,1.3,petrol,automatic,hatchback,2.0,partial,1,Moscow,95,10610.0,0
L103472,Toyota,2018,317378.0,1.1,petrol,manual,hatchback,4.0,,0,Moscow,103,5270.0,0
L101954,Volkswagen,2020,144515.0,2.1,petrol,automatic,hatchback,2.0,full,1,Novosibirsk,10,8410.0,1
L100382,BMW,2012,262579.0,1.9,hybrid,manual,,2.0,full,1,Sochi,70,4010.0,0
L104138,Volkswagen,2012,149250.0,2.3,petrol,automatic,sedan,4.0,full,1,Kazan,76,3770.0,0
L102620,Skoda,2018,89333.0,2.5,petrol,manual,hatchback,1.0,partial,1,Sochi,103,8560.0,0
L103998,BMW,2019,144310.0,2.4,petrol,manual,suv,3.0,full,0,Sochi,58,18510.0,0
L100947,Ford,2016,249497.0,2.2,diesel,automatic,sedan,1.0,full,0,Sochi,2,6070.0,1
L104017,Hyundai,2009,63847.0,1.0,petrol,automatic,sedan,3.0,full,0,Sochi,7,3880.0,1
L100874,Volkswagen,2013,235568.0,2.3,petrol,manual,hatchback,2.0,,0,Moscow,11,5650.0,1
L103626,Renault,2017,68566.0,2.3,petrol,automatic,hatchback,4.0,full,1,Moscow,3,9080.0,1
L101982,Volkswagen,2016,98932.0,2.5,hybrid,automatic,,3.0,full,1,Sochi,79,10240.0,0
L100619,Ford,2010,208243.0,1.4,petrol,manual,hatchback,3.0,full,0,Kazan,70,2260.0,0
L103970,Volkswagen,2015,130926.0,1.6,petrol,manual,sedan,2.0,,0,Novosibirsk,38,5720.0,0
L103865,Toyota,2016,232467.0,0.9,petrol,manual,wagon,3.0,partial,1,Yekaterinburg,121,4050.0,0
L100784, Ford ,2018,151560.0,0.9,diesel,automatic,sedan,3.0,full,1,Moscow,51,8060.0,0
L101929,Kia,2015,185423.0,1.9,diesel,automatic,suv,2.0,full,0,Moscow,13,9020.0,1
L102021,Toyota,2011,362231.0,1.3,diesel,manual,sedan,1.0,partial,1,Moscow,73,2540.0,0
L102226,Skoda,2013,190468.0,1.8,PETROL,manual,sedan,4.0,full,0,Sochi,86,4670.0,0
L102015,BMW,2009,,1.7,hybrid,automatic,sedan,1.0,full,1,Kazan,10,2110.0,1
L102839,Skoda,2012,202455.0,2.1,hybrid,automatic,wagon,1.0,none,0,Novosibirsk,89,4070.0,0
L103895,Kia,2015,-1.0,,electric,automatic,hatchback,1.0,none,0,Moscow,1,8880.0,1
L101791,Volkswagen,2013,144095.0,1.0,petrol,manual,suv,2.0,none,1,Moscow,220,4300.0,0
L103162,Volkswagen,2012,186760.0,1.4,hybrid,automatic,sedan,2.0,partial,0,Moscow,61,5930.0,0
L102308,Renault,2022,54875.0,1.5,hybrid,manual,sedan,2.0,full,0,Moscow,105,23320.0,0
L102868,Ford,2021,70536.0,1.3,petrol,automatic,sedan,2.0,partial,0,Moscow,12,15840.0,1
L900007,Volkswagen,2019,71877.0,1.6,petrol,automatic,suv,3.0,partial,1,moscow,58,13440.0,0
L100313,Skoda,2015,76911.0,1.7,diesel,manual,wagon,1.0,partial,1,Yekaterinburg,49,7130.0,0
L101422,Toyota,2012,191541.0,,ELECTRIC,automatic,suv,3.0,partial,0,Moscow,76,8220.0,0
L900048,Ford,2019,123623.0,1.8,petrol,automatic,wagon,1.0,none,0,Moscow,6,9380.0,1
L103765,Ford,2022,49406.0,1.5,diesel,manual,hatchback,1.0,none,0,Novosibirsk,8,12140.0,1
L102348,Kia,2016,77473.0,1.2,petrol,automatic,sedan,3.0,full,0,Sochi,9,7330.0,1
L100345,Ford,2011,406028.0,1.0,petrol,automatic,sedan,3.0,full,0,Moscow,11,2370.0,1
L103986,Toyota,2021,84299.0,2.2,diesel,manual,sedan,2.0,,0,Moscow,20,17950.0,1
L100792,Volkswagen,2023,39008.0,1.1,petrol,manual,sedan,2.0,full,0,Kazan,74,18010.0,0
L900035,Hyundai,2019,202743.0,2.0,diesel,automatic,wagon,2.0,full,0,Kazan,155,9940.0,0
L103569,Kia,2014,199671.0,1.6,hybrid,automatic,wagon,2.0,full,0,Novosibirsk,10,5420.0,1
L101921,Toyota,2009,430000.0,2.0,hybrid,automatic,hatchback,3.0,full,0,Novosibirsk,8,1830.0,1
L101203,BMW,2020,91324.0,1.5,diesel,automatic,sedan,2.0,partial,0,Novosibirsk,97,21710.0,0
L100571,Toyota,2010,430000.0,1.2,diesel,automatic,suv,3.0,none,1,Moscow,93,1850.0,0
L104145,Skoda,2022,19939.0,2.4,petrol,manual,hatchback,1.0,full,0,Novosibirsk,3,15240.0,1
L102827,Skoda,2018,35285.0,2.0,diesel,automatic,sedan,1.0,partial,0,Moscow,10,12220.0,1
L101074,Volkswagen,2012,125846.0,2.4,diesel,manual,hatchback,2.0,partial,1,Novosibirsk,57,3450.0,0
L100654,Toyota,2017,213638.0,2.1,diesel,manual,sedan,1.0,,0,Kazan,78,8250.0,0
L101434,Kia,2025,20846.0,0.9,petrol,manual,hatchback,3.0,none,0,Novosibirsk,44,15090.0,0
L102573,Kia,2018,176264.0,2.5,petrol,manual,sedan,1.0,,0,Yekaterinburg,47,7830.0,0
L100169,Hyundai,2011,234759.0,2.3,hybrid,automatic,hatchback,2.0,partial,0,Novosibirsk,8,3190.0,1
L100869,Ford,2020,48455.0,1.1,petrol,automatic,suv,2.0,full,0,Moscow,6,16950.0,1
L101141,Renault,2015,207644.0,1.7,diesel,automatic,sedan,1.0,partial,0,Moscow,9,5220.0,1
L100352, Kia ,2018,256692.0,1.3,diesel,automatic,suv,2.0,partial,0,Moscow,58,8260.0,0
L104073,BMW,2008,241592.0,1.6,hybrid,automatic,sedan,1.0,full,1,Moscow,6,3480.0,1
L103441,Toyota,2017,,1.6,diesel,automatic,suv,3.0,full,0,Kazan,3,10750.0,1
L100156,Hyundai,2020,61968.0,2.6,hybrid,automatic,,1.0,partial,0,novosibirsk,106,16720.0,0
L101559,Skoda,2019,129721.0,2.7,petrol,automatic,suv,1.0,full,0,yekaterinburg,12,13150.0,1
L100599,Hyundai,2014,39507.0,2.3,petrol,automatic,sedan,2.0,full,0,Moscow,4,6950.0,1
L102665,Skoda,2018,91683.0,1.4,diesel,automatic,sedan,2.0,partial,0,Moscow,86,10290.0,0
L103762,Hyundai,2012,327944.0,1.2,petrol,manual,suv,1.0,full,0,Kazan,95,3500.0,0
L101684,Toyota,2013,57882.0,3.3,diesel,manual,sedan,1.0,partial,0,Moscow,44,10890.0,0
L101977,Volkswagen,2017,149187.0,1.7,petrol,automatic,sedan,2.0,full,0,Kazan,120,9520.0,0
L103024,Renault,2020,73539.0,1.8,diesel,automatic,suv,1.0,full,0,Yekaterinburg,112,15750.0,0
L101589,Volkswagen,2012,100084.0,1.2,petrol,manual,wagon,1.0,full,0,Sochi,79,5830.0,0
L100569,Kia,2019,48739.0,1.2,hybrid,automatic,wagon,1.0,partial,0,Moscow,11,14190.0,1
L102920,Renault,2014,55152.0,1.2,petrol,automatic,sedan,4.0,full,0,Moscow,12,6160.0,1
L100020,Toyota,2019,178354.0,1.4,diesel,automatic,wagon,1.0,partial,0,Novosibirsk,71,10850.0,0
L100876,BMW,2018,71725.0,1.5,diesel,manual,suv,1.0,partial,0,Moscow,85,20640.0,0
L102192,BMW,2013,72942.0,1.2,petrol,automatic,hatchback,1.0,partial,0,Sochi,59,7390.0,0
L104072,Volkswagen,2013,139820.0,1.9,petrol,manual,wagon,2.0,full,0,Sochi,9,5720.0,1
L103352,Skoda,2025,30655.0,2.1,diesel,automatic,suv,1.0,full,0,Moscow,5,39730.0,1
L102929,Kia,2020,121685.0,1.8,hybrid,automatic,sedan,1.0,partial,1,Moscow,78,14240.0,0
L103826,Ford,2017,72709.0,1.6,petrol,automatic,sedan,2.0,full,0,Yekaterinburg,9,6900.0,1
L103888,Toyota,2015,109414.0,1.7,hybrid,automatic,sedan,1.0,full,0,Moscow,1,9320.0,1
L103968,Hyundai,2020,126574.0,2.6,diesel,automatic,wagon,2.0,partial,0,Kazan,56,11750.0,0
L102548,BMW,2025,10575.0,2.7,petrol,manual,sedan,3.0,full,0,Kazan,45,33970.0,0
L101880,BMW,2020,94402.0,1.2,petrol,automatic,sedan,1.0,partial,0,Novosibirsk,132,17370.0,0
L101142,Skoda,2024,,1.3,petrol,automatic,sedan,3.0,none,0,Novosibirsk,6,20000.0,1
L102516,Ford,2014,247736.0,2.1,petrol,manual,wagon,2.0,full,1,Moscow,4,4360.0,1
L102557,Skoda,2015,173866.0,,electric,automatic,hatchback,1.0,none,0,Moscow,65,8460.0,0
L103755,Volkswagen,2011,344831.0,2.4,petrol,manual,wagon,1.0,full,0,Moscow,3,3530.0,1
L103794, Kia ,2019,121822.0,2.1,petrol,manual,sedan,4.0,full,0,Moscow,7,10290.0,1
L101280,BMW,2025,24764.0,,electric,automatic,sedan,2.0,full,0,Kazan,59,61500.0,0
L103657,Hyundai,2015,186628.0,2.2,petrol,automatic,sedan,2.0,partial,0,Moscow,19,5430.0,1
L101965,BMW,2015,77808.0,1.9,petrol,automatic,hatchback,2.0,full,0,Moscow,7,10700.0,1
L101748,Skoda,2017,237704.0,2.3,petrol,manual,hatchback,5.0,full,1,Novosibirsk,51,4030.0,0
L103110,Hyundai,2023,33314.0,2.4,petrol,automatic,hatchback,3.0,full,0,Moscow,1,20480.0,1
L100811,Hyundai,2017,64653.0,1.5,petrol,manual,suv,1.0,full,0,Yekaterinburg,9,9550.0,1
L101819,Kia,2012,182085.0,1.5,diesel,manual,sedan,3.0,none,0,Sochi,130,3460.0,0
L102337,Ford,2018,48614.0,1.3,diesel,automatic,hatchback,5.0,none,0,Yekaterinburg,4,7570.0,1
L104071,Toyota,2015,59547.0,1.5,diesel,manual,sedan,3.0,partial,0,Moscow,119,9230.0,0
L100430,Volkswagen,2014,184355.0,2.3,hybrid,automatic,suv,2.0,none,0,Moscow,7,9330.0,1
L103847,Ford,2022,91808.0,1.8,petrol,automatic,suv,1.0,full,0,Moscow,63,23120.0,0
L100848,Skoda,2025,6104.0,2.3,petrol,automatic,sedan,2.0,full,0,Moscow,9,29970.0,1
L101145,Renault,2012,149645.0,1.7,petrol,manual,sedan,2.0,partial,1,Novosibirsk,44,2850.0,0
L102784,Skoda,2017,133390.0,1.8,petrol,automatic,sedan,2.0,full,0,Moscow,103,9320.0,0
L102044,Hyundai,2014,87496.0,2.4,diesel,automatic,sedan,1.0,partial,1,Moscow,179,6100.0,0
L102169,BMW,2014,87258.0,2.1,hybrid,manual,sedan,3.0,partial,0,Sochi,66,9040.0,0
L103585,Hyundai,2010,151812.0,2.4,petrol,automatic,suv,3.0,none,0,Yekaterinburg,105,2900.0,0
L102774,Ford,2015,155987.0,1.2,petrol,manual,sedan,3.0,partial,0,Yekaterinburg,73,4490.0,0
L103688,Skoda,2019,71483.0,1.4,diesel,automatic,suv,1.0,partial,0,Moscow,160,15360.0,0
L104003,Renault,2025,22589.0,1.3,diesel,automatic,,4.0,partial,0,Kazan,15,18110.0,1
L103455,Skoda,2018,95145.0,0.9,petrol,automatic,sedan,2.0,partial,0,Moscow,101,12290.0,0
L102860,Skoda,2025,13759.0,1.7,hybrid,manual,sedan,3.0,none,0,Novosibirsk,7,21770.0,1
L102098,Hyundai,2018,17315.0,1.8,diesel,automatic,suv,5.0,none,0,Sochi,60,11400.0,0
L100158,Ford,2015,165104.0,2.1,hybrid,manual,suv,3.0,full,1,Kazan,76,6120.0,0
L100561,Renault,2015,134874.0,1.8,diesel,automatic,hatchback,1.0,full,0,Yekaterinburg,20,5510.0,1
L100890,Toyota,2020,88298.0,1.0,petrol,manual,hatchback,2.0,,0,Moscow,5,11460.0,1
L100932,Renault,2021,,2.4,petrol,manual,wagon,1.0,full,0,Novosibirsk,7,14710.0,1
L103977,Toyota,2023,33278.0,2.2,hybrid,manual,suv,2.0,full,0,Kazan,162,32160.0,0
L101070,Kia,2017,128996.0,1.6,petrol,automatic,hatchback,1.0,partial,0,Moscow,7,8080.0,1
L102850,Renault,2018,242153.0,1.5,diesel,manual,wagon,2.0,,0,Yekaterinburg,10,6540.0,1
L100724,BMW,2016,206092.0,2.6,petrol,automatic,sedan,3.0,full,0,Sochi,21,8720.0,1
L100573, Hyundai ,2019,-1.0,2.3,petrol,automatic,sedan,1.0,partial,0,Moscow,90,11490.0,0
L101316, Toyota ,2011,239873.0,2.1,hybrid,automatic,sedan,5.0,full,1,Kazan,79,3150.0,0
L102359,Toyota,2015,195471.0,1.4,diesel,manual,wagon,2.0,,0,Novosibirsk,104,4890.0,0
L102344,Kia,2012,186144.0,2.2,petrol,manual,sedan,2.0,full,0,Moscow,95,4160.0,0
L103261, Toyota ,2013,430000.0,2.0,petrol,manual,wagon,3.0,partial,0,Sochi,76,3040.0,0
L102399,Toyota,2021,38255.0,2.3,diesel,automatic,hatchback,1.0,partial,0,Novosibirsk,101,17090.0,0
L104032,Volkswagen,2015,292658.0,1.3,petrol,automatic,sedan,2.0,none,0,moscow,48,4660.0,0
L102792,Hyundai,2018,47200.0,,electric,automatic,wagon,4.0,full,0,Kazan,4,14590.0,1
L100348,Ford,2018,116322.0,1.5,petrol,automatic,sedan,3.0,none,0,Kazan,89,7700.0,0
L101414, Skoda ,2011,287801.0,1.5,petrol,automatic,sedan,4.0,none,0,Moscow,86,2490.0,0
L100067,Renault,2021,73547.0,1.0,petrol,automatic,hatchback,2.0,full,0,Novosibirsk,57,11940.0,0
L104128,Volkswagen,2008,151457.0,1.6,diesel,manual,suv,1.0,,0,Kazan,116,3100.0,0
L102681,Volkswagen,2012,117636.0,1.9,petrol,automatic,sedan,2.0,none,0,Moscow,59,4150.0,0
L102161,Renault,2017,74716.0,2.3,petrol,automatic,hatchback,3.0,full,0,Yekaterinburg,45,8000.0,0
L103222,Ford,2018,178491.0,1.8,diesel,manual,hatchback,3.0,partial,0,Sochi,38,7710.0,0
L100031,Renault,2023,85374.0,1.3,DIESEL,automatic,sedan,3.0,full,0,Sochi,104,16250.0,0
L101050,Toyota,2023,52507.0,,ELECTRIC,automatic,sedan,2.0,full,0,Moscow,52,37270.0,0
L103071,Kia,2013,226744.0,0.9,petrol,automatic,sedan,,full,1,Kazan,60,3100.0,0
L103049,Volkswagen,2011,141676.0,2.0,petrol,automatic,suv,2.0,partial,0,Novosibirsk,54,4790.0,0
L103220,BMW,2019,78117.0,1.8,petrol,manual,sedan,2.0,full,1,Sochi,66,12960.0,0
L100567,Hyundai,2013,218347.0,1.8,hybrid,manual,suv,1.0,full,1,Novosibirsk,43,6590.0,0
L104018,Skoda,2016,199065.0,1.5,diesel,automatic,sedan,2.0,full,0,Kazan,7,5720.0,1
L102052,Ford,2017,189850.0,2.4,diesel,manual,wagon,2.0,full,0,Moscow,102,9460.0,0
L100908,Skoda,2019,125485.0,1.9,petrol,automatic,hatchback,1.0,,1,Moscow,100,8930.0,0
L103010,Volkswagen,2021,77296.0,1.7,petrol,manual,,2.0,,0,Novosibirsk,64,18150.0,0
L100609,Volkswagen,2016,145096.0,2.2,hybrid,manual,sedan,4.0,full,0,Novosibirsk,7,8450.0,1
L101257,Hyundai,2016,138665.0,1.3,diesel,manual,hatchback,2.0,full,1,Novosibirsk,3,5770.0,1
L103692,BMW,2011,268662.0,1.7,petrol,automatic,suv,2.0,full,0,Novosibirsk,2,5220.0,1
L101924,Kia,2014,218098.0,2.1,hybrid,automatic,sedan,2.0,partial,0,Moscow,5,6150.0,1
L103544,Volkswagen,2021,51471.0,2.0,petrol,manual,hatchback,1.0,partial,0,Moscow,13,14840.0,1
L100536,Renault,2013,144497.0,0.9,diesel,manual,hatchback,2.0,full,1,Yekaterinburg,55,3270.0,0
L102583,Toyota,2019,147973.0,1.4,petrol,manual,wagon,1.0,full,0,Moscow,21,11340.0,1
L102404,Renault,2010,173135.0,2.5,petrol,manual,suv,4.0,none,0,Sochi,129,3210.0,0
L104141,Volkswagen,2022,52288.0,1.9,petrol,automatic,,1.0,full,0,Moscow,5,31430.0,1
L100780,Volkswagen,2013,165225.0,1.4,hybrid,manual,hatchback,3.0,none,0,Kazan,4,3360.0,1
L103574,Volkswagen,2013,185404.0,1.7,DIESEL,automatic,suv,3.0,full,0,Moscow,2,6420.0,1
L103666,Ford,2012,113651.0,1.4,petrol,manual,suv,1.0,partial,0,Moscow,14,4550.0,1
L101642,Renault,2011,,1.4,petrol,automatic,,2.0,partial,1,Novosibirsk,39,2660.0,0
L101407,Renault,2013,187310.0,1.7,petrol,automatic,suv,3.0,full,0,Moscow,74,4980.0,0
L100107,Volkswagen,2013,,1.5,petrol,automatic,suv,2.0,full,0,Moscow,64,5340.0,0
L102809,Renault,2019,49707.0,2.3,hybrid,automatic,wagon,,full,0,Kazan,51,17330.0,0
L100116,BMW,2019,122443.0,1.8,hybrid,automatic,suv,2.0,partial,0,Moscow,50,22590.0,0
L101937,Volkswagen,2013,212818.0,2.5,hybrid,manual,sedan,1.0,full,0,Kazan,7,5470.0,1
L102101,Ford,2013,342262.0,1.7,diesel,automatic,sedan,1.0,full,1,Novosibirsk,11,2430.0,1
L101756,BMW,2017,44885.0,2.1,petrol,automatic,sedan,5.0,full,0,Yekaterinburg,8,11300.0,1
L104070,Toyota,2017,254931.0,2.3,hybrid,manual,suv,1.0,none,0,Moscow,70,9860.0,0
L100547,Volkswagen,2014,160451.0,1.8,diesel,manual,sedan,3.0,full,0,Kazan,4,4970.0,1
L101276,Hyundai,2017,52556.0,1.0,diesel,automatic,suv,2.0,partial,1,Yekaterinburg,11,8030.0,1
L103622,Kia,2018,90329.0,2.1,petrol,manual,,4.0,full,0,Moscow,14,11260.0,1
L102599,Volkswagen,2015,234188.0,2.0,diesel,manual,wagon,3.0,partial,0,Novosibirsk,72,5800.0,0
L103793,Skoda,2023,50543.0,2.0,diesel,manual,sedan,4.0,full,0,Novosibirsk,44,16750.0,0
L100595,Toyota,2023,11388.0,2.1,PETROL,manual,sedan,3.0,partial,0,Yekaterinburg,89,21960.0,0
L100758,Skoda,2015,36991.0,1.9,petrol,manual,suv,1.0,partial,0,Kazan,107,9720.0,0
L101674,Toyota,2016,169073.0,1.7,petrol,automatic,hatchback,3.0,partial,0,Moscow,1,6090.0,1
L102504,Volkswagen,2021,60424.0,1.1,petrol,automatic,hatchback,2.0,full,0,Novosibirsk,12,12990.0,1
L103594,Renault,2014,108643.0,1.7,petrol,manual,sedan,1.0,partial,1,Kazan,55,3820.0,0
L103467,BMW,2021,84412.0,1.0,hybrid,automatic,sedan,3.0,partial,0,Yekaterinburg,13,21130.0,1
L102071,Renault,2021,134954.0,2.1,petrol,manual,wagon,1.0,none,0,Kazan,7,11830.0,1
L101718,Volkswagen,2015,326535.0,1.5,diesel,manual,suv,2.0,partial,0,Moscow,62,5310.0,0
L103356,Toyota,2021,51935.0,1.5,diesel,automatic,sedan,3.0,none,1,Moscow,110,15370.0,0
L102799,Hyundai,2016,274541.0,1.9,petrol,manual,hatchback,2.0,full,1,Kazan,44,3660.0,0
L102654,Kia,2025,500.0,2.4,diesel,automatic,,2.0,full,0,Sochi,9,32400.0,1
L103476,Skoda,2014,130170.0,1.8,diesel,manual,hatchback,1.0,partial,0,Kazan,76,5090.0,0
L103538,Hyundai,2012,213799.0,1.7,petrol,manual,suv,2.0,none,0,Moscow,23,3440.0,1
L103990,Kia,2021,46184.0,1.4,diesel,automatic,sedan,2.0,full,0,Yekaterinburg,8,12600.0,1
L100106,Renault,2015,137851.0,2.0,hybrid,automatic,suv,3.0,full,0,Kazan,50,8650.0,0
L102022,Hyundai,2014,204288.0,1.8,petrol,automatic,hatchback,2.0,partial,0,Moscow,47,5440.0,0
L103866,Renault,2011,192095.0,2.0,diesel,automatic,wagon,1.0,full,0,Novosibirsk,8,3980.0,1
L103253,BMW,2013,167498.0,,electric,automatic,hatchback,2.0,partial,0,Kazan,96,8340.0,0
L101064,Toyota,2022,67242.0,1.4,petrol,manual,hatchback,1.0,none,0,Yekaterinburg,39,15790.0,0
L103490,Toyota,2011,93876.0,1.7,diesel,manual,hatchback,2.0,full,0,Sochi,41,5460.0,0
L101708,Toyota,2015,132221.0,2.4,petrol,manual,hatchback,4.0,partial,0,Moscow,20,6610.0,1
L100339,Kia,2020,79192.0,1.6,petrol,automatic,sedan,2.0,none,0,Kazan,155,14040.0,0
L102046,Toyota,2014,314593.0,1.7,petrol,automatic,wagon,3.0,full,1,Sochi,42,3480.0,0
L100999,Toyota,2014,158448.0,2.5,hybrid,automatic,sedan,1.0,none,0,Yekaterinburg,11,5920.0,1
L102985,Hyundai,2021,,2.3,petrol,automatic,hatchback,3.0,full,0,Novosibirsk,6,20010.0,1
L103203,Volkswagen,2021,211975.0,1.7,petrol,automatic,hatchback,2.0,,0,Moscow,57,9950.0,0
L102588,Hyundai,2021,23561.0,2.0,petrol,automatic,sedan,4.0,full,0,Sochi,1,20710.0,1
L900000,Skoda,2017,237704.0,2.3,petrol,manual,hatchback,5.0,full,1,Novosibirsk,51,4030.0,0
L102427,Ford,2016,150248.0,1.5,hybrid,manual,sedan,4.0,full,0,Moscow,55,6470.0,0
L101927,Ford,2017,106595.0,2.4,petrol,manual,hatchback,2.0,partial,0,Yekaterinburg,6,7960.0,1
L101979,Renault,2019,37447.0,1.6,hybrid,manual,suv,2.0,,0,Novosibirsk,5,18340.0,1
L900022,Toyota,2020,67133.0,1.8,petrol,automatic,sedan,2.0,partial,0,Moscow,81,16410.0,0
L101165,Kia,2024,64443.0,1.9,petrol,manual,sedan,1.0,full,0,Moscow,9,26730.0,1
L102763,Skoda,2020,159015.0,1.8,diesel,automatic,hatchback,4.0,full,1,Yekaterinburg,82,8350.0,0
L103683,Toyota,2012,209692.0,2.4,petrol,automatic,hatchback,3.0,partial,1,Kazan,80,3900.0,0
L103853,Volkswagen,2012,226783.0,2.1,diesel,automatic,sedan,2.0,full,1,Novosibirsk,15,4040.0,1
L101092,Renault,2023,68934.0,0.9,PETROL,automatic,wagon,3.0,,0,Yekaterinburg,2,13740.0,1
L101678,Kia,2009,147025.0,1.4,diesel,manual,wagon,2.0,full,0,Yekaterinburg,4,2600.0,1
L101217,Toyota,2014,188454.0,2.4,diesel,manual,hatchback,3.0,full,0,Kazan,65,5170.0,0
L103372,Toyota,2010,117293.0,1.8,diesel,manual,sedan,1.0,partial,0,Moscow,99,4720.0,0
L101922,Kia,2013,113265.0,1.9,petrol,automatic,hatchback,2.0,partial,0,Kazan,99,3780.0,0
L100854,Toyota,2015,,1.7,diesel,automatic,hatchback,1.0,full,0,Moscow,61,6970.0,0
L100236,Volkswagen,2020,35660.0,1.1,petrol,automatic,hatchback,1.0,none,0,Novosibirsk,32,11520.0,0
L100368,Kia,2025,7329.0,1.6,petrol,manual,suv,1.0,full,0,Moscow,7,38970.0,1
L102742,Kia,2020,,2.1,petrol,automatic,suv,3.0,full,0,Yekaterinburg,19,14460.0,1
L100633,Skoda,2012,134539.0,2.0,petrol,manual,suv,2.0,partial,1,Kazan,97,3890.0,0
L103485,Toyota,2018,164232.0,2.9,petrol,automatic,suv,3.0,partial,0,Yekaterinburg,82,12800.0,0
L100104,Toyota,2022,27591.0,2.4,hybrid,manual,sedan,1.0,full,0,Novosibirsk,49,22450.0,0
L100970,Volkswagen,2013,194930.0,2.1,diesel,manual,suv,1.0,none,0,Yekaterinburg,109,4540.0,0
L100756,Skoda,2016,205324.0,1.1,petrol,automatic,hatchback,2.0,full,0,Moscow,13,5850.0,1
L101476,Hyundai,2017,192329.0,1.7,petrol,manual,suv,1.0,partial,1,Novosibirsk,131,7330.0,0
L103992, Renault ,2018,53171.0,2.2,hybrid,manual,wagon,2.0,full,0,Moscow,1,11860.0,1
L103963,Hyundai,2011,150496.0,1.5,diesel,automatic,suv,3.0,full,0,Kazan,5,4400.0,1
L100906,Volkswagen,2021,41840.0,2.0,petrol,automatic,,2.0,full,0,Sochi,240,23130.0,0
L101760,Renault,2019,41676.0,2.6,petrol,automatic,hatchback,2.0,partial,0,Moscow,3,15020.0,1
L100907,Volkswagen,2013,125827.0,1.4,petrol,manual,hatchback,1.0,partial,1,Novosibirsk,67,3360.0,0
L100057,Skoda,2012,,1.8,petrol,automatic,hatchback,2.0,full,0,Sochi,4,5070.0,1
L103713,Volkswagen,2022,58728.0,2.0,petrol,automatic,sedan,3.0,full,0,Moscow,8,16880.0,1
L100488,Renault,2020,67740.0,2.1,petrol,manual,suv,4.0,full,0,Novosibirsk,65,15220.0,0
L102303,Kia,2012,232233.0,1.6,petrol,automatic,wagon,2.0,full,1,Kazan,44,3570.0,0
L101147,Ford,2019,144416.0,1.4,petrol,manual,sedan,1.0,,0,Sochi,14,8330.0,1
L100882,Ford,2011,304236.0,1.8,petrol,automatic,suv,1.0,partial,1,Moscow,10,3520.0,1
L102720,Kia,2013,89515.0,1.9,hybrid,automatic,hatchback,1.0,,0,Moscow,4,7770.0,1
L102744,BMW,2014,148389.0,2.1,petrol,automatic,hatchback,3.0,none,0,Kazan,79,6290.0,0
L100701,Skoda,2012,187947.0,2.6,petrol,manual,sedan,1.0,partial,0,yekaterinburg,80,3640.0,0
L102173,Volkswagen,2016,141111.0,1.4,PETROL,manual,hatchback,2.0,full,0,Sochi,9,5840.0,1
L101492,Renault,2025,11455.0,1.6,diesel,automatic,suv,3.0,full,0,Novosibirsk,20,30190.0,1
L103936,Hyundai,2014,152130.0,1.7,hybrid,manual,suv,1.0,full,1,Novosibirsk,63,5010.0,0
L101911,BMW,2008,224742.0,1.9,petrol,automatic,suv,2.0,partial,0,Yekaterinburg,106,4460.0,0
L102979,Skoda,2012,216256.0,2.3,hybrid,automatic,hatchback,3.0,full,0,novosibirsk,5,3940.0,1
L101608,Renault,2019,76350.0,1.5,diesel,manual,hatchback,2.0,full,0,Yekaterinburg,65,9860.0,0
L100194,Skoda,2016,135965.0,1.4,petrol,manual,sedan,3.0,full,0,Moscow,27,6470.0,1
L100893,BMW,2013,1463080.0,1.6,DIESEL,manual,wagon,2.0,partial,0,Yekaterinburg,106,5880.0,0
L103295,Ford,2017,69299.0,2.1,diesel,manual,sedan,1.0,full,1,Moscow,6,9460.0,1
L102211,BMW,2021,66884.0,1.3,diesel,automatic,hatchback,3.0,partial,0,Moscow,55,21900.0,0
L102662,Skoda,2021,74589.0,1.7,petrol,automatic,sedan,1.0,,0,Novosibirsk,17,20120.0,1
L100225,Renault,2016,62293.0,1.9,petrol,automatic,suv,4.0,none,0,Kazan,60,7580.0,0
L102867,Renault,2015,227815.0,2.0,DIESEL,automatic,suv,2.0,full,1,Novosibirsk,61,4860.0,0
L100802,Hyundai,2020,86606.0,1.9,hybrid,automatic,hatchback,3.0,partial,0,Yekaterinburg,54,12890.0,0
L101651,Toyota,2020,73012.0,1.5,petrol,automatic,suv,2.0,none,0,Moscow,8,16400.0,1
L101810,BMW,2013,244535.0,2.4,diesel,manual,suv,1.0,partial,0,Moscow,64,6640.0,0
L100061,Volkswagen,2015,88583.0,2.0,petrol,automatic,hatchback,2.0,partial,0,Moscow,109,8280.0,0
L103839,Kia,2022,20635.0,1.6,petrol,automatic,suv,2.0,none,1,Moscow,8,15780.0,1
L101447,Renault,2019,79900.0,2.1,hybrid,manual,hatchback,1.0,,0,Novosibirsk,5,12350.0,1
L102430,Renault,2016,,1.9,petrol,manual,hatchback,1.0,full,1,Novosibirsk,106,4900.0,0
L104052,Renault,2022,30030.0,1.0,hybrid,automatic,sedan,1.0,full,0,Kazan,7,20400.0,1
L101193,Kia,2022,18322.0,1.8,petrol,automatic,wagon,3.0,full,0,Novosibirsk,6,16980.0,1
L104033,Skoda,2021,103935.0,1.6,petrol,manual,hatchback,1.0,full,0,Novosibirsk,36,11410.0,0
L103892,Ford,2020,88572.0,,electric,automatic,wagon,3.0,full,0,Moscow,5,19570.0,1
L103971,Volkswagen,2019,183486.0,1.3,petrol,automatic,suv,2.0,full,0,Kazan,97,10670.0,0
L101335,Skoda,2017,184049.0,1.3,petrol,automatic,sedan,3.0,full,0,Moscow,3,7600.0,1
L100492,Volkswagen,2013,298202.0,2.2,petrol,manual,sedan,2.0,partial,0,Novosibirsk,81,3980.0,0
L103875,BMW,2021,77150.0,2.1,diesel,automatic,hatchback,2.0,partial,0,Kazan,136,20160.0,0
L102066,Hyundai,2015,64878.0,0.9,diesel,automatic,hatchback,2.0,partial,0,Novosibirsk,5,6150.0,1
L101449,Hyundai,2017,113735.0,2.2,petrol,automatic,sedan,1.0,full,0,Moscow,13,8920.0,1
L101126,Kia,2025,14479.0,1.4,petrol,automatic,wagon,1.0,none,0,Kazan,3,22080.0,1
L100712,Hyundai,2021,40596.0,1.6,petrol,automatic,suv,3.0,full,0,Moscow,29,20160.0,1
L103565,Kia,2018,90910.0,2.0,petrol,manual,hatchback,3.0,none,0,Moscow,69,11210.0,0
L101951,Volkswagen,2013,171289.0,1.3,diesel,manual,sedan,2.0,full,0,Sochi,41,4440.0,0
L103524,BMW,2021,89372.0,1.9,hybrid,automatic,sedan,1.0,partial,0,Moscow,74,25120.0,0
L101702,Toyota,2020,24552.0,,electric,automatic,hatchback,3.0,partial,0,Moscow,49,18880.0,0
L103770,Toyota,2018,161182.0,1.8,petrol,manual,suv,3.0,full,0,Sochi,146,9180.0,0
L101607,Toyota,2019,179256.0,1.6,diesel,manual,hatchback,2.0,full,0,Moscow,109,12300.0,0
L101348, Ford ,2014,129806.0,0.9,petrol,automatic,suv,2.0,full,0,Moscow,14,8170.0,1
L102568,BMW,2015,136160.0,1.5,petrol,manual,sedan,3.0,full,0,Yekaterinburg,5,10060.0,1
L101367,Ford,2017,103005.0,1.9,diesel,automatic,sedan,2.0,full,0,Yekaterinburg,6,8830.0,1
L100709,Ford,2010,235093.0,1.6,diesel,manual,suv,3.0,partial,0,Sochi,121,2730.0,0
L102836,Renault,2016,196379.0,1.4,diesel,automatic,suv,2.0,,0,Sochi,37,7610.0,0
L102719,Skoda,2017,101695.0,1.4,diesel,manual,sedan,1.0,partial,0,Kazan,48,7310.0,0
L101041,Toyota,2021,24709.0,1.4,PETROL,automatic,hatchback,2.0,partial,0,Moscow,12,18280.0,1
L101322,Volkswagen,2016,295640.0,1.5,petrol,automatic,hatchback,1.0,full,0,Novosibirsk,7,3890.0,1
L102575,Ford,2016,84127.0,1.9,diesel,automatic,suv,1.0,full,0,Moscow,8,9760.0,1
L100480,Renault,2017,,0.9,diesel,automatic,hatchback,1.0,none,0,Kazan,116,5990.0,0
L103007,BMW,2012,243357.0,2.0,petrol,automatic,hatchback,5.0,partial,1,Novosibirsk,75,3110.0,0
L102114,Toyota,2023,52345.0,1.7,petrol,automatic,hatchback,1.0,full,0,Yekaterinburg,113,21230.0,0
L102074,Ford,2018,107259.0,1.7,hybrid,automatic,sedan,1.0,full,0,Kazan,7,10890.0,1
L103378,Renault,2014,70757.0,2.3,petrol,manual,suv,2.0,partial,1,Moscow,99,7300.0,0
L103078,Ford,2018,136067.0,2.0,petrol,manual,sedan,3.0,partial,1,Moscow,11,7320.0,1
L101489,Kia,2022,35736.0,2.5,petrol,manual,sedan,2.0,full,0,Novosibirsk,67,19860.0,0
L102688,Skoda,2014,146918.0,2.2,petrol,manual,suv,1.0,partial,0,Moscow,5,7360.0,1
L100456,Toyota,2014,73841.0,1.2,petrol,manual,wagon,3.0,full,0,Moscow,138,8030.0,0
L102729,Toyota,2021,72848.0,1.9,petrol,automatic,hatchback,3.0,full,0,Sochi,1,16850.0,1
L101018,Skoda,2024,,2.2,petrol,automatic,hatchback,1.0,partial,0,Moscow,1,23800.0,1
L100861, Kia ,2025,15824.0,1.7,petrol,automatic,suv,2.0,none,0,Moscow,8,29520.0,1
L102067,Hyundai,2024,16281.0,2.1,diesel,automatic,suv,1.0,full,0,Kazan,9,38250.0,1
L102254,Skoda,2015,50190.0,0.9,diesel,automatic,suv,3.0,full,1,Kazan,6,8630.0,1
L100759,Toyota,2019,14786.0,1.4,petrol,automatic,hatchback,2.0,partial,0,Moscow,35,14520.0,0
L101236,Kia,2023,41494.0,1.3,petrol,manual,sedan,1.0,full,0,Moscow,7,20240.0,1
L103015,Skoda,2025,5827.0,1.6,petrol,automatic,suv,1.0,partial,0,Novosibirsk,52,37610.0,0
L102119,Toyota,2015,118305.0,2.4,diesel,manual,suv,1.0,full,0,Kazan,1,9260.0,1
L102310,Volkswagen,2013,106287.0,0.9,petrol,automatic,wagon,1.0,full,0,Moscow,54,6320.0,0
L100798,Skoda,2018,159131.0,2.7,diesel,automatic,wagon,3.0,none,0,Yekaterinburg,84,9900.0,0
L103446,Toyota,2023,20375.0,1.8,petrol,automatic,suv,1.0,partial,0,Kazan,56,26250.0,0
L100685,Volkswagen,2021,,2.1,diesel,automatic,wagon,2.0,partial,0,Kazan,108,17550.0,0
L102416,Toyota,2016,88768.0,1.0,petrol,automatic,sedan,2.0,none,1,Sochi,62,5980.0,0
L101339,Kia,2015,112358.0,2.9,hybrid,manual,suv,3.0,full,0,Kazan,1,7820.0,1
L101488,Toyota,2016,1876700.0,1.3,hybrid,automatic,hatchback,1.0,partial,1,Kazan,8,6840.0,1
L102522,Renault,2019,132782.0,1.3,petrol,automatic,sedan,2.0,none,1,Novosibirsk,54,7440.0,0
L102080,Toyota,2018,115587.0,1.0,petrol,manual,wagon,2.0,full,0,Kazan,68,9060.0,0
L102357,Kia,2016,46321.0,0.9,petrol,automatic,wagon,3.0,partial,0,Moscow,84,8730.0,0
L101914,Renault,2019,98891.0,1.1,diesel,automatic,hatchback,2.0,partial,0,Novosibirsk,99,9030.0,0
L103238,Volkswagen,2014,190553.0,1.5,petrol,automatic,hatchback,2.0,partial,0,Sochi,59,4300.0,0
L102610,Volkswagen,2015,116817.0,2.6,petrol,manual,sedan,2.0,full,0,Moscow,51,7310.0,0
L100145,Volkswagen,2014,217974.0,1.6,PETROL,automatic,suv,4.0,full,0,Moscow,10,6870.0,1
L103375,Toyota,2020,56747.0,1.6,diesel,automatic,hatchback,1.0,none,0,Sochi,47,15890.0,0
L103417,BMW,2017,,1.4,diesel,manual,sedan,2.0,partial,0,Kazan,133,10390.0,0
L101416,Renault,2012,44313.0,1.6,petrol,automatic,suv,2.0,full,0,Sochi,10,6360.0,1
L102275,Skoda,2016,134690.0,2.3,diesel,automatic,hatchback,1.0,full,0,Novosibirsk,10,6690.0,1
L100120,Renault,2018,,1.7,petrol,manual,wagon,1.0,full,0,Sochi,15,10240.0,1
L101713,BMW,2015,113108.0,2.3,PETROL,manual,wagon,4.0,,0,Kazan,5,8360.0,1
L102838,Kia,2019,173025.0,1.9,hybrid,manual,suv,3.0,partial,1,Moscow,75,12940.0,0
L103737,Volkswagen,2017,83631.0,0.9,PETROL,manual,wagon,5.0,partial,0,Moscow,82,10110.0,0
L103818,Renault,2016,137652.0,2.4,diesel,automatic,hatchback,1.0,full,0,Moscow,1,7860.0,1
L100538,BMW,2022,11857.0,,electric,automatic,hatchback,1.0,partial,0,Novosibirsk,3,27960.0,1
L100516,Hyundai,2021,500.0,1.6,petrol,automatic,hatchback,4.0,full,0,Sochi,2,12470.0,1
L101033,Toyota,2021,48842.0,1.6,diesel,automatic,suv,2.0,full,0,Moscow,5,25280.0,1
L102866,Ford,2014,156293.0,1.7,hybrid,automatic,suv,3.0,full,0,Sochi,33,8570.0,0
L100942,Hyundai,2017,128615.0,1.7,diesel,manual,suv,2.0,full,0,Yekaterinburg,18,10260.0,1
L103207,Kia,2025,11378.0,,electric,automatic,sedan,2.0,full,0,Sochi,59,33940.0,0
L102507,BMW,2017,151742.0,1.5,petrol,manual,suv,2.0,partial,0,Yekaterinburg,108,14990.0,0
L102250,Skoda,2010,,1.2,diesel,manual,sedan,1.0,full,0,Moscow,84,2800.0,0
L101312,Kia,2013,172266.0,1.5,petrol,automatic,sedan,2.0,partial,0,moscow,45,3800.0,0
L103729,Toyota,2013,208901.0,1.9,petrol,manual,suv,2.0,full,0,Novosibirsk,12,5240.0,1
L100095,Toyota,2017,93719.0,1.9,petrol,manual,suv,1.0,partial,0,Novosibirsk,86,11350.0,0
L101680,Renault,2018,84769.0,0.9,hybrid,manual,wagon,1.0,full,0,Kazan,7,10680.0,1
L101405,Toyota,2013,163373.0,1.4,diesel,automatic,sedan,3.0,,1,Moscow,87,4970.0,0
L100867,Skoda,2012,125212.0,3.3,petrol,automatic,suv,1.0,none,0,Moscow,5,6220.0,1
L102905,Toyota,2014,225073.0,1.3,diesel,automatic,hatchback,2.0,full,0,Kazan,7,5130.0,1
L102358,Ford,2017,85609.0,2.6,petrol,manual,suv,3.0,full,0,Kazan,106,10260.0,0
L102904,Toyota,2014,-1.0,1.4,petrol,manual,wagon,1.0,partial,0,Moscow,62,4930.0,0
L103733,BMW,2015,216466.0,2.4,petrol,automatic,suv,2.0,partial,0,Yekaterinburg,59,8530.0,0
L103881,Kia,2017,290578.0,1.9,petrol,manual,sedan,2.0,partial,1,Moscow,86,5960.0,0
L101009,Volkswagen,2017,139575.0,1.4,diesel,manual,sedan,3.0,full,0,Yekaterinburg,18,6830.0,1
L102843,Volkswagen,2011,105221.0,1.6,petrol,automatic,sedan,1.0,full,1,Novosibirsk,1,3090.0,1
L101063,Hyundai,2017,91222.0,2.7,petrol,manual,wagon,1.0,full,0,Yekaterinburg,132,9380.0,0
L100730,Volkswagen,2014,,1.9,petrol,manual,,4.0,none,0,novosibirsk,68,5100.0,0
L103950,Hyundai,2019,82701.0,2.0,diesel,automatic,suv,4.0,full,0,Novosibirsk,148,12540.0,0
L100289,BMW,2014,58150.0,2.1,petrol,automatic,suv,1.0,full,1,Kazan,12,9070.0,1
L101146,Ford,2017,156181.0,1.7,petrol,manual,sedan,3.0,partial,0,Sochi,4,7840.0,1
L100528,Skoda,2021,76036.0,2.3,hybrid,automatic,sedan,1.0,partial,0,Sochi,102,22280.0,0
L102291,Volkswagen,2016,164409.0,1.7,petrol,automatic,suv,2.0,full,0,Kazan,64,8600.0,0
L100593,BMW,2023,20962.0,2.6,diesel,manual,wagon,2.0,none,0,Novosibirsk,76,28990.0,0
L103263,Renault,2016,206594.0,2.5,petrol,automatic,hatchback,1.0,partial,0,kazan,5,4400.0,1
L100410,Toyota,2021,65451.0,1.6,petrol,automatic,hatchback,1.0,partial,0,Moscow,12,13740.0,1
L101468,Ford,2020,90971.0,1.6,petrol,automatic,wagon,3.0,full,1,Sochi,3,12930.0,1
L103940,BMW,2017,155625.0,1.8,petrol,automatic,wagon,2.0,none,0,Moscow,14,12410.0,1
L103339,Ford,2020,188307.0,1.4,diesel,automatic,sedan,3.0,full,1,Novosibirsk,4,7930.0,1
L103550,Toyota,2018,130263.0,1.2,petrol,manual,hatchback,1.0,none,0,Yekaterinburg,4,7110.0,1
L102967,Volkswagen,2020,64472.0,1.5,diesel,manual,hatchback,3.0,full,0,Yekaterinburg,90,12230.0,0
L100971,Ford,2018,,1.1,diesel,automatic,suv,1.0,full,0,Novosibirsk,16,9940.0,1
L102410,Toyota,2023,28694.0,2.5,diesel,automatic,suv,,full,0,Yekaterinburg,48,30550.0,0
L100625,BMW,2019,74677.0,,electric,automatic,wagon,2.0,partial,0,Yekaterinburg,46,23120.0,0
L100446,Toyota,2019,179059.0,1.8,hybrid,automatic,suv,1.0,none,0,Moscow,5,14210.0,1
L100307,Toyota,2011,341077.0,1.8,petrol,automatic,suv,3.0,full,0,Moscow,51,3890.0,0
L100351,Hyundai,2012,105758.0,2.5,petrol,manual,hatchback,2.0,partial,0,Yekaterinburg,97,3800.0,0
L100704,Renault,2017,111592.0,2.1,petrol,manual,wagon,3.0,full,0,Moscow,6,8190.0,1
L101912,Skoda,2009,430000.0,2.8,petrol,manual,suv,2.0,full,1,Moscow,10,1890.0,1
L102607,Hyundai,2014,67406.0,1.7,diesel,manual,sedan,2.0,full,1,sochi,96,7340.0,0
L101411,Toyota,2021,56288.0,2.1,petrol,automatic,wagon,2.0,none,0,Novosibirsk,94,20560.0,0
L101465,Hyundai,2021,75871.0,2.3,petrol,automatic,suv,2.0,full,0,Yekaterinburg,16,18780.0,1
L103678,Renault,2018,45576.0,2.0,petrol,automatic,wagon,3.0,none,1,Sochi,97,8870.0,0
L100585,Hyundai,2014,430000.0,1.1,hybrid,manual,sedan,4.0,full,1,Moscow,34,2660.0,0
L102711,Kia,2018,85626.0,,electric,automatic,suv,2.0,full,0,Sochi,5,19010.0,1
L100752,Hyundai,2011,,1.8,diesel,automatic,hatchback,1.0,full,1,Novosibirsk,56,2400.0,0
L101338,Kia,2016,128355.0,1.8,petrol,automatic,suv,1.0,full,0,Kazan,115,9630.0,0
L100711,Toyota,2016,47318.0,1.6,hybrid,manual,sedan,2.0,none,0,Moscow,6,8350.0,1
L100831,Hyundai,2014,85240.0,2.1,hybrid,manual,hatchback,2.0,,0,Yekaterinburg,47,6180.0,0
L102680,Skoda,2015,124236.0,0.9,diesel,manual,sedan,1.0,full,0,Kazan,8,5990.0,1
L100148,Ford,2020,88464.0,1.8,diesel,automatic,sedan,3.0,partial,0,Moscow,8,12830.0,1
L103844,Ford,2017,15914.0,2.2,petrol,manual,hatchback,2.0,full,0,Sochi,4,8770.0,1
L103712,Toyota,2008,430000.0,1.9,diesel,automatic,wagon,2.0,full,0,Yekaterinburg,75,1700.0,0
L101654,Skoda,2012,113396.0,1.1,petrol,automatic,suv,3.0,full,0,Sochi,108,4260.0,0
L101628,BMW,2022,3427.0,2.0,diesel,automatic,hatchback,3.0,full,0,Moscow,5,30430.0,1
L103695,Toyota,2018,133091.0,1.6,diesel,manual,sedan,2.0,full,0,Yekaterinburg,4,11480.0,1
L103303,Skoda,2013,99812.0,1.5,hybrid,automatic,hatchback,2.0,partial,0,Moscow,2,5410.0,1
L100360,Ford,2022,91865.0,2.3,diesel,automatic,sedan,,partial,0,Moscow,10,19830.0,1
L102429,Ford,2016,280555.0,2.9,petrol,manual,suv,3.0,none,0,Moscow,69,6710.0,0
L102498,Ford,2013,151367.0,2.6,PETROL,automatic,hatchback,3.0,partial,0,Novosibirsk,47,3970.0,0
L102487,Kia,2012,392852.0,2.0,hybrid,manual,sedan,3.0,full,1,Yekaterinburg,103,2390.0,0
L100143,Skoda,2012,70833.0,1.7,petrol,manual,suv,2.0,partial,1,Kazan,115,4420.0,0
L100546,Kia,2024,32071.0,2.6,hybrid,manual,sedan,2.0,full,0,Sochi,57,33770.0,0
L103840,BMW,2017,138314.0,1.4,petrol,manual,hatchback,3.0,full,0,Moscow,79,9910.0,0
L101170,Hyundai,2014,71853.0,1.4,petrol,manual,sedan,4.0,full,0,Moscow,1,6770.0,1
L103680,Ford,2014,144622.0,,electric,automatic,suv,5.0,,0,Moscow,110,8440.0,0
L102239,Kia,2017,158566.0,2.2,petrol,manual,hatchback,2.0,partial,1,Moscow,42,7850.0,0
L102225,Ford,2018,69023.0,2.4,petrol,automatic,suv,2.0,full,0,Moscow,11,15560.0,1
L100591,Toyota,2015,143034.0,1.7,petrol,manual,hatchback,2.0,full,1,Kazan,13,5230.0,1
L102832,Hyundai,2017,156019.0,1.5,petrol,automatic,hatchback,1.0,full,0,Novosibirsk,26,6880.0,1
L100154,Skoda,2012,283116.0,1.8,diesel,manual,wagon,2.0,full,1,Kazan,52,2620.0,0
L102746,BMW,2025,17507.0,1.2,petrol,automatic,hatchback,2.0,partial,0,Moscow,2,39330.0,1
L101306,Renault,2017,129766.0,2.1,petrol,automatic,hatchback,3.0,partial,1,Moscow,19,6050.0,1
L100371,Ford,2016,163678.0,1.4,diesel,manual,suv,1.0,full,0,Novosibirsk,6,8320.0,1
L102884,Renault,2009,121229.0,1.6,diesel,manual,hatchback,4.0,,0,Yekaterinburg,49,2450.0,0
L102926,Kia,2019,38558.0,1.4,diesel,automatic,hatchback,2.0,none,0,Moscow,64,11380.0,0
L101023,Volkswagen,2023,35228.0,1.8,petrol,manual,hatchback,2.0,full,0,Novosibirsk,7,19770.0,1
L103993,Volkswagen,2020,37893.0,2.1,hybrid,automatic,sedan,4.0,full,1,Moscow,75,20480.0,0
L101883,Kia,2021,31595.0,2.0,petrol,automatic,sedan,1.0,partial,1,Novosibirsk,93,13870.0,0
L102176,Kia,2016,56739.0,1.3,hybrid,manual,hatchback,3.0,partial,0,Moscow,3,6860.0,1
L100739,BMW,2018,140835.0,2.3,petrol,manual,suv,3.0,full,0,Novosibirsk,7,13810.0,1
L102793,BMW,2016,127858.0,2.1,petrol,automatic,hatchback,2.0,full,0,Novosibirsk,5,7950.0,1
L101960,Skoda,2012,250968.0,,electric,automatic,suv,1.0,full,0,Novosibirsk,8,4750.0,1
L102764,Toyota,2015,109913.0,2.2,diesel,manual,sedan,2.0,full,0,Sochi,69,8390.0,0
L102147,Hyundai,2011,157000.0,2.2,PETROL,manual,hatchback,2.0,none,0,Moscow,52,3320.0,0
L102402,Skoda,2008,212442.0,2.0,petrol,manual,sedan,2.0,full,0,Sochi,63,2220.0,0
L101355,Volkswagen,2015,49652.0,2.1,diesel,automatic,suv,2.0,full,0,Sochi,5,11920.0,1
L101704,Kia,2013,310021.0,1.8,hybrid,manual,suv,4.0,partial,1,Novosibirsk,114,3350.0,0
L103118,Toyota,2016,70975.0,2.5,petrol,automatic,wagon,3.0,none,0,Novosibirsk,84,7670.0,0
L102134,Hyundai,2014,36123.0,2.3,petrol,automatic,wagon,2.0,,0,Kazan,89,7510.0,0
L101417,Skoda,2017,112171.0,2.8,petrol,automatic,sedan,1.0,full,0,Moscow,95,9940.0,0
L102519,BMW,2017,164019.0,1.5,petrol,manual,hatchback,2.0,partial,0,Yekaterinburg,67,7010.0,0
L102953,Renault,2019,92778.0,2.2,petrol,automatic,wagon,4.0,full,0,Novosibirsk,10,10230.0,1
L103701,Ford,2016,169776.0,1.4,hybrid,automatic,sedan,1.0,none,0,Moscow,1,6980.0,1
L102111,Skoda,2020,54665.0,2.3,diesel,manual,sedan,3.0,full,1,Kazan,76,13890.0,0
L103907,BMW,2017,137927.0,1.9,hybrid,automatic,hatchback,1.0,full,0,Moscow,2,13280.0,1
L102710,Skoda,2017,87253.0,1.8,DIESEL,automatic,sedan,2.0,,0,Kazan,51,6790.0,0
L102776,Ford,2013,44756.0,1.3,petrol,manual,wagon,1.0,full,0,Kazan,47,6620.0,0
L102854,Toyota,2013,210982.0,2.3,diesel,automatic,wagon,4.0,full,0,Yekaterinburg,50,4820.0,0
L101128,Hyundai,2015,151928.0,1.4,petrol,manual,hatchback,1.0,full,0,Sochi,43,4850.0,0
L101435,Hyundai,2014,99255.0,1.6,hybrid,automatic,hatchback,1.0,none,0,Moscow,15,6090.0,1
L102779,Volkswagen,2020,86284.0,2.2,hybrid,manual,hatchback,1.0,none,0,Moscow,42,14600.0,0
L103549,BMW,2017,140940.0,2.7,petrol,manual,wagon,1.0,partial,0,Moscow,8,16270.0,1
L101593,Volkswagen,2014,185784.0,2.3,petrol,automatic,hatchback,2.0,partial,0,Novosibirsk,104,4720.0,0
L101947,BMW,2007,210722.0,1.7,petrol,manual,suv,2.0,,0,Moscow,95,3110.0,0
L103090,Volkswagen,2018,132618.0,1.5,petrol,automatic,suv,3.0,partial,0,Moscow,1,9330.0,1
L102467,Skoda,2025,17041.0,2.2,diesel,automatic,suv,2.0,full,0,Sochi,77,41990.0,0
L104168,Renault,2009,369420.0,1.8,diesel,automatic,wagon,2.0,full,1,Sochi,106,1690.0,0
L101469,Ford,2013,197510.0,2.6,diesel,automatic,suv,1.0,full,0,Kazan,129,6890.0,0
L103129,Hyundai,2013,305537.0,2.0,diesel,automatic,hatchback,2.0,full,0,Kazan,163,3190.0,0
L103492,Toyota,2025,41152.0,1.9,diesel,automatic,hatchback,1.0,partial,0,Novosibirsk,111,25330.0,0
L100563,Ford,2008,239115.0,1.7,diesel,manual,hatchback,1.0,partial,1,Kazan,142,1730.0,0
L100109,Toyota,2014,241829.0,2.0,petrol,automatic,suv,2.0,none,0,Yekaterinburg,4,5090.0,1
L103556,Volkswagen,2016,95839.0,,electric,automatic,sedan,2.0,full,0,Kazan,9,12650.0,1
L103154,Toyota,2021,49467.0,2.3,petrol,automatic,sedan,1.0,partial,0,Moscow,16,18870.0,1
L101567,Ford,2012,289733.0,0.9,petrol,automatic,sedan,1.0,full,1,Kazan,68,2330.0,0
L102749,Kia,2015,277285.0,1.6,hybrid,automatic,hatchback,2.0,,0,Moscow,93,6250.0,0
L102509,Renault,2014,277540.0,1.4,diesel,automatic,wagon,2.0,full,0,Novosibirsk,14,3380.0,1
L102036,Renault,2025,11872.0,2.2,petrol,automatic,sedan,2.0,full,0,kazan,4,22810.0,1
L101580,Volkswagen,2020,108585.0,1.6,petrol,automatic,hatchback,1.0,none,0,Kazan,39,9530.0,0
L101940,Skoda,2012,240367.0,1.4,petrol,automatic,suv,2.0,none,0,Yekaterinburg,13,3100.0,1
L100202,Ford,2019,126958.0,1.5,petrol,manual,wagon,3.0,full,1,Moscow,10,7980.0,1
L103395,Toyota,2022,10540.0,1.0,diesel,automatic,sedan,2.0,full,0,Kazan,2,21340.0,1
L100424,Hyundai,2014,114918.0,2.1,petrol,manual,wagon,2.0,full,1,Novosibirsk,88,4570.0,0
L103705,Toyota,2020,54819.0,1.0,diesel,manual,hatchback,3.0,full,0,Novosibirsk,5,9220.0,1
L100192,Volkswagen,2024,14394.0,1.6,diesel,automatic,hatchback,2.0,full,1,Novosibirsk,3,19920.0,1
L101197,Renault,2014,,1.4,diesel,automatic,suv,1.0,partial,0,Moscow,5,5310.0,1
L103700,Skoda,2010,179750.0,1.5,petrol,manual,hatchback,2.0,full,1,Kazan,114,2210.0,0
L100519,Ford,2022,70686.0,1.7,petrol,manual,hatchback,1.0,full,1,Moscow,61,18610.0,0
L102848,Renault,1900,229076.0,2.1,petrol,manual,sedan,2.0,full,0,Novosibirsk,80,4780.0,0
L101846,Renault,2011,158780.0,1.7,hybrid,automatic,hatchback,1.0,partial,0,Moscow,13,2970.0,1
L104144,Toyota,2021,94640.0,2.3,petrol,manual,hatchback,2.0,full,0,Moscow,2,14940.0,1
L102432,Renault,2020,129044.0,1.4,petrol,automatic,hatchback,1.0,full,0,Novosibirsk,8,7820.0,1
L100558,Hyundai,2013,143756.0,2.2,petrol,automatic,sedan,2.0,partial,1,Moscow,5,4700.0,1
L100708,Toyota,2017,334798.0,1.8,petrol,manual,sedan,3.0,,0,Yekaterinburg,7,5710.0,1
L103806,Volkswagen,2023,41107.0,2.0,diesel,manual,sedan,1.0,full,0,Moscow,5,20230.0,1
L100037,Hyundai,2017,152358.0,2.5,hybrid,manual,suv,2.0,full,0,Moscow,15,11360.0,1
L100425,Hyundai,2015,81307.0,1.3,diesel,automatic,sedan,3.0,partial,0,Moscow,7,6240.0,1
L102483,Hyundai,2022,43083.0,2.0,petrol,manual,suv,1.0,full,0,Yekaterinburg,97,21090.0,0
L102213,Hyundai,2015,137088.0,0.9,petrol,manual,sedan,2.0,full,1,Yekaterinburg,76,4760.0,0
L101196,Ford,2007,-1.0,2.8,petrol,manual,suv,1.0,full,1,Novosibirsk,146,1520.0,0
L102643,Ford,2016,67251.0,1.5,petrol,manual,suv,3.0,partial,1,Novosibirsk,8,6100.0,1
L102289,Toyota,2020,97007.0,1.8,diesel,manual,suv,1.0,full,1,Sochi,41,13760.0,0
L100108,BMW,2015,140011.0,2.3,petrol,automatic,suv,1.0,partial,0,Kazan,52,14030.0,0
L100497,Toyota,2010,313303.0,1.2,diesel,manual,hatchback,3.0,none,0,Moscow,63,1900.0,0
L103499,Hyundai,2014,133931.0,1.7,PETROL,manual,sedan,2.0,full,1,Sochi,100,5350.0,0
L103206,Toyota,2011,161216.0,1.9,diesel,manual,wagon,1.0,full,0,Kazan,70,4410.0,0
L102210,Hyundai,2024,29824.0,1.4,petrol,manual,sedan,,partial,0,Novosibirsk,14,17620.0,1
L103457,Hyundai,2022,52821.0,1.8,petrol,manual,hatchback,3.0,partial,0,Moscow,128,17090.0,0
L101812,Hyundai,2019,60501.0,1.5,petrol,manual,hatchback,3.0,,0,Novosibirsk,132,8090.0,0
L101603,Ford,2017,99472.0,2.1,hybrid,automatic,hatchback,2.0,full,0,Yekaterinburg,6,9730.0,1
L102775,Skoda,2018,118574.0,0.9,hybrid,manual,sedan,2.0,full,0,Moscow,76,9500.0,0
L101049,Toyota,2014,198419.0,2.3,petrol,automatic,hatchback,1.0,full,0,Moscow,60,7710.0,0
L101981,Volkswagen,2013,164847.0,1.0,petrol,automatic,wagon,1.0,partial,0,Kazan,7,4760.0,1
L102740,Toyota,2017,183036.0,2.5,diesel,manual,hatchback,1.0,full,0,Novosibirsk,8,8080.0,1
L900016,Hyundai,2017,60072.0,1.5,petrol,automatic,sedan,1.0,none,0,Moscow,1,9040.0,1
L101604,Kia,2014,88253.0,,electric,automatic,hatchback,2.0,full,0,Novosibirsk,3,6410.0,1
L100245,Kia,2005,237664.0,1.3,hybrid,automatic,suv,,full,0,Moscow,4,2140.0,1
L100733,Toyota,2015,425655.0,1.7,petrol,manual,sedan,2.0,partial,1,Kazan,135,2810.0,0
L100763,Renault,2015,92359.0,1.6,PETROL,manual,suv,3.0,full,1,Moscow,14,6960.0,1
L100280,Toyota,2012,178977.0,1.3,petrol,automatic,suv,1.0,,1,Novosibirsk,63,3750.0,0
L103654,Hyundai,2020,37800.0,,electric,automatic,sedan,2.0,none,0,Kazan,65,17420.0,0
L100253,Kia,2023,86726.0,1.8,petrol,automatic,wagon,3.0,partial,0,Kazan,65,16020.0,0
L100549,Toyota,2011,3217740.0,1.4,diesel,automatic,sedan,2.0,partial,0,Novosibirsk,55,2200.0,0
L103041,Skoda,2022,66000.0,0.9,PETROL,automatic,hatchback,2.0,full,1,Moscow,23,15000.0,1
L103914,Skoda,2017,81179.0,1.1,diesel,manual,sedan,2.0,,0,Moscow,53,11040.0,0
L101461,Kia,2019,194049.0,2.3,diesel,automatic,wagon,2.0,partial,1,Novosibirsk,86,9040.0,0
L101758,Volkswagen,2013,157403.0,1.9,diesel,automatic,suv,1.0,none,1,Yekaterinburg,72,6380.0,0
L103670,Toyota,2021,65811.0,,electric,automatic,sedan,1.0,,0,Moscow,9,22900.0,1
L101641,Kia,2015,156845.0,2.1,diesel,automatic,hatchback,1.0,full,0,Novosibirsk,8,6980.0,1
L102964,Toyota,2014,366402.0,2.2,petrol,automatic,sedan,1.0,partial,1,Novosibirsk,17,3140.0,1
L100393,BMW,2012,260660.0,1.7,petrol,automatic,suv,2.0,none,1,Moscow,102,4700.0,0
L103808,Toyota,2019,42247.0,1.0,petrol,automatic,wagon,2.0,none,0,Sochi,57,13730.0,0
L100386,Hyundai,2018,47819.0,1.5,diesel,manual,suv,2.0,partial,0,Sochi,44,12270.0,0
L100771,Volkswagen,2015,156509.0,1.1,petrol,manual,hatchback,2.0,full,0,kazan,11,5520.0,1
L100828, Toyota ,2016,115939.0,1.9,petrol,automatic,,4.0,full,0,kazan,1,7830.0,1
L100181,Renault,2019,102720.0,1.7,PETROL,automatic,suv,3.0,full,0,Moscow,51,12960.0,0
L103033,Kia,2021,,1.4,diesel,manual,hatchback,2.0,full,1,Moscow,18,16050.0,1
L900014,Toyota,2017,,1.5,petrol,automatic,sedan,2.0,partial,1,Moscow,3,9270.0,1
L103792,Toyota,2011,308398.0,1.6,hybrid,manual,suv,1.0,partial,0,Novosibirsk,3,4110.0,1
L103185,Ford,2008,227400.0,2.2,diesel,automatic,sedan,1.0,full,0,Kazan,7,1860.0,1
L101439, Renault ,2015,113535.0,1.3,diesel,automatic,sedan,2.0,full,0,Novosibirsk,6,5060.0,1
L100419,Skoda,2015,200617.0,2.3,petrol,automatic,sedan,2.0,none,0,Kazan,7,5710.0,1
L103555,BMW,2008,430000.0,2.0,petrol,manual,sedan,2.0,full,1,Yekaterinburg,8,1540.0,1
L101770,Toyota,2018,37080.0,1.4,petrol,manual,sedan,1.0,full,0,Novosibirsk,4,9120.0,1
L102632,Volkswagen,2009,208593.0,1.9,petrol,manual,hatchback,2.0,full,1,Moscow,50,2390.0,0
L101002,Kia,2025,19486.0,2.9,diesel,manual,sedan,2.0,full,0,Yekaterinburg,22,30380.0,1
L103142,BMW,2010,195584.0,2.5,petrol,manual,hatchback,3.0,full,1,Moscow,11,3620.0,1
L101916,Hyundai,2010,295213.0,3.2,diesel,automatic,suv,1.0,full,0,Kazan,9,3320.0,1
L101318,Kia,2019,120532.0,1.9,petrol,automatic,suv,1.0,partial,0,Novosibirsk,64,12610.0,0
L101547,Hyundai,2012,1592280.0,2.6,petrol,automatic,sedan,1.0,full,1,Yekaterinburg,2,3870.0,1
L100572,Hyundai,2018,92232.0,2.1,petrol,manual,hatchback,2.0,partial,1,Kazan,99,7480.0,0
L103079,Toyota,2012,214829.0,1.2,petrol,manual,suv,1.0,partial,0,Kazan,70,4550.0,0
L101786,Kia,2011,153796.0,1.8,petrol,automatic,hatchback,1.0,partial,1,Sochi,3,3480.0,1
L100740,Hyundai,2016,240414.0,1.8,hybrid,manual,hatchback,3.0,full,1,Moscow,8,4760.0,1
L100277,Toyota,2016,163107.0,1.7,DIESEL,manual,hatchback,2.0,full,0,Sochi,6,5960.0,1
L103056,Ford,2012,126393.0,2.4,petrol,automatic,suv,2.0,full,1,Sochi,125,4560.0,0
L102598,Hyundai,2020,111210.0,3.0,petrol,automatic,sedan,4.0,full,0,Kazan,3,13370.0,1
L101686,Ford,2014,238745.0,2.2,petrol,manual,hatchback,1.0,none,0,Novosibirsk,37,3160.0,0
L101531,Kia,2018,132065.0,1.8,diesel,automatic,suv,2.0,full,1,Moscow,6,10710.0,1
L103946,Skoda,2004,331910.0,1.2,petrol,manual,hatchback,1.0,full,1,Yekaterinburg,93,900.0,0
L102339,Hyundai,2014,226739.0,1.0,petrol,automatic,wagon,,partial,1,Novosibirsk,11,3600.0,1
L103023,Renault,2016,120862.0,1.5,diesel,manual,hatchback,5.0,full,0,Novosibirsk,49,6300.0,0
L104120,BMW,2021,96625.0,1.4,hybrid,manual,wagon,1.0,partial,0,Kazan,9,27560.0,1
L101888,Ford,2022,22697.0,2.6,petrol,manual,sedan,1.0,full,0,Moscow,12,21160.0,1
L100377,Toyota,2020,64400.0,1.1,petrol,automatic,,1.0,full,0,novosibirsk,8,10290.0,1
L101183,Hyundai,2020,94704.0,1.7,diesel,automatic,hatchback,2.0,full,0,Novosibirsk,12,12140.0,1
L103133,Hyundai,2021,31320.0,2.5,petrol,automatic,sedan,1.0,full,0,Moscow,5,20180.0,1
L100666,Ford,2012,131246.0,1.7,hybrid,automatic,sedan,1.0,full,0,Moscow,1,5830.0,1
L101576,BMW,2011,283556.0,1.8,hybrid,manual,wagon,4.0,partial,1,Kazan,28,4120.0,1
L102629,Toyota,2019,96276.0,1.2,petrol,automatic,suv,1.0,partial,0,Yekaterinburg,23,11250.0,1
L101884,Renault,2016,94907.0,2.1,petrol,automatic,hatchback,2.0,partial,0,Moscow,6,7050.0,1
L101621,Skoda,2022,41761.0,1.4,petrol,manual,suv,3.0,full,0,Moscow,64,21810.0,0
L100658,Volkswagen,2009,88361.0,2.0,petrol,automatic,,2.0,partial,0,Yekaterinburg,3,3430.0,1
L101890,Ford,2010,430000.0,1.7,petrol,manual,sedan,2.0,partial,0,Kazan,82,1630.0,0
L100079,Skoda,2010,76994.0,2.2,petrol,manual,suv,3.0,full,0,Kazan,7,4570.0,1
L103216,Kia,2015,44768.0,1.8,petrol,automatic,wagon,3.0,partial,0,Sochi,5,7420.0,1
L103834,Toyota,2017,84732.0,,electric,automatic,suv,2.0,full,1,Yekaterinburg,4,15650.0,1
L103166,Skoda,2018,82159.0,,electric,automatic,suv,4.0,full,1,Yekaterinburg,82,13350.0,0
L102346,BMW,2014,323186.0,0.9,hybrid,automatic,sedan,2.0,full,0,Sochi,44,5800.0,0
L100915,Kia,2009,190063.0,2.0,diesel,automatic,suv,3.0,full,0,Yekaterinburg,94,3030.0,0
L101967,Renault,2019,150983.0,2.6,petrol,manual,hatchback,1.0,full,0,Kazan,87,6850.0,0
L104130,Renault,2022,91717.0,1.4,petrol,automatic,suv,3.0,partial,1,Moscow,72,18510.0,0
L101398,Kia,2017,100022.0,1.9,petrol,automatic,sedan,3.0,partial,0,Yekaterinburg,42,7680.0,0
L102270,Toyota,2015,141246.0,0.9,PETROL,manual,hatchback,1.0,none,1,Sochi,65,4910.0,0
L101901,Skoda,2018,108422.0,1.1,petrol,manual,hatchback,2.0,full,0,Moscow,5,10200.0,1
L103275,Volkswagen,2024,14953.0,1.0,HYBRID,manual,sedan,3.0,full,0,Novosibirsk,210,30260.0,0
L103760,Hyundai,2023,27907.0,1.7,PETROL,automatic,sedan,3.0,partial,0,Moscow,74,22710.0,0
L101168,Hyundai,2012,405478.0,1.8,diesel,manual,suv,2.0,full,0,Sochi,53,3160.0,0
L102543,BMW,2016,77128.0,1.8,petrol,automatic,hatchback,1.0,,1,Moscow,3,9970.0,1
L101179,Kia,2017,80423.0,2.4,diesel,manual,sedan,1.0,full,0,Moscow,7,11220.0,1
L101993,Volkswagen,2015,97212.0,1.2,diesel,automatic,suv,1.0,full,1,Moscow,7,7880.0,1
L101745,Toyota,2017,207946.0,2.3,petrol,manual,hatchback,1.0,partial,0,Yekaterinburg,86,5630.0,0
L104085,Hyundai,2019,111135.0,1.6,petrol,automatic,suv,2.0,none,0,Sochi,49,11790.0,0
L103112,BMW,2015,153824.0,2.4,petrol,manual,suv,1.0,partial,1,Sochi,78,10340.0,0
L102705,Kia,2009,430000.0,1.6,hybrid,automatic,suv,2.0,full,1,Moscow,7,1720.0,1
L101552,Kia,2014,96133.0,1.8,petrol,manual,hatchback,2.0,none,0,Moscow,101,4600.0,0
L103225,Renault,2021,154145.0,1.3,petrol,manual,suv,2.0,full,0,Sochi,113,13090.0,0
L102343,BMW,2025,3972.0,1.9,petrol,manual,sedan,1.0,full,0,Novosibirsk,8,36760.0,1
L100322,BMW,2017,119175.0,1.2,petrol,manual,hatchback,5.0,full,1,Yekaterinburg,71,6120.0,0
L100783,Skoda,2018,,3.0,diesel,manual,wagon,1.0,partial,0,Moscow,9,14810.0,1
L101953,Ford,2014,172532.0,1.6,diesel,manual,sedan,3.0,partial,0,Yekaterinburg,10,3740.0,1
L100743,Ford,2021,60834.0,2.0,petrol,automatic,hatchback,2.0,full,1,Moscow,6,13340.0,1
L100327,Renault,2014,67304.0,1.8,petrol,manual,hatchback,1.0,full,0,Moscow,4,6860.0,1
L100766,Kia,2016,177691.0,2.2,petrol,manual,suv,3.0,full,1,Novosibirsk,81,5510.0,0
L103908,Toyota,2015,153231.0,2.3,diesel,automatic,sedan,1.0,partial,0,Sochi,4,8860.0,1
L100045,Hyundai,2016,144175.0,2.2,petrol,automatic,hatchback,1.0,full,0,Moscow,24,7770.0,1
L104005,Skoda,2024,37704.0,2.1,hybrid,manual,wagon,1.0,none,0,Yekaterinburg,68,23910.0,0
L103415,Hyundai,2011,200772.0,1.3,diesel,automatic,suv,3.0,full,0,Yekaterinburg,4,3780.0,1
L102292,BMW,2009,242105.0,2.1,diesel,manual,hatchback,1.0,partial,0,Novosibirsk,52,2970.0,0
L103991,Renault,2011,389862.0,2.4,petrol,manual,hatchback,2.0,full,0,Kazan,1,1880.0,1
L103943,Skoda,2016,138583.0,2.3,PETROL,automatic,hatchback,2.0,partial,0,Kazan,9,6630.0,1
L100788,Hyundai,2011,,2.1,petrol,manual,wagon,2.0,partial,0,Kazan,94,2770.0,0
L102203,Hyundai,2006,219588.0,1.6,petrol,manual,hatchback,4.0,partial,1,Novosibirsk,108,1230.0,0
L103105,BMW,2012,278195.0,1.9,petrol,automatic,suv,1.0,full,0,Kazan,64,4730.0,0
L101429, Kia ,2014,95754.0,1.8,diesel,manual,sedan,,none,0,Moscow,39,6060.0,0
L101990,Ford,2023,47191.0,1.9,hybrid,automatic,suv,1.0,partial,1,Moscow,6,27000.0,1
L102911,Toyota,2023,13135.0,2.3,hybrid,automatic,sedan,1.0,full,0,Novosibirsk,8,28710.0,1
L101243,Kia,2010,430000.0,1.9,petrol,manual,suv,1.0,full,0,Moscow,8,2100.0,1
L104190,Hyundai,2011,204243.0,2.1,hybrid,automatic,wagon,3.0,none,0,Moscow,15,3780.0,1
L100121,Kia,2018,28935.0,1.2,petrol,automatic,suv,2.0,partial,0,Sochi,82,12330.0,0
L102932,BMW,2020,77473.0,2.0,petrol,manual,hatchback,1.0,full,0,Moscow,50,23530.0,0
L102659,Hyundai,2019,46102.0,0.9,diesel,automatic,wagon,2.0,partial,0,Yekaterinburg,8,11260.0,1
L900042,Kia,2012,98232.0,0.9,petrol,manual,hatchback,4.0,none,1,Moscow,72,3210.0,0
L100723,Volkswagen,2014,,0.9,petrol,automatic,hatchback,2.0,partial,1,Yekaterinburg,1,4040.0,1
L101898,Volkswagen,2022,41324.0,1.2,petrol,automatic,sedan,2.0,full,0,Moscow,4,16320.0,1
L102921, Ford ,2013,110109.0,1.6,petrol,automatic,suv,2.0,full,0,Sochi,11,6250.0,1
L101288,Ford,2017,93453.0,2.0,diesel,manual,hatchback,5.0,partial,1,Kazan,61,5600.0,0
L101251,Toyota,2013,152605.0,1.5,petrol,manual,hatchback,1.0,full,1,Yekaterinburg,5,3470.0,1
L102875,Hyundai,2014,149148.0,2.2,hybrid,automatic,wagon,3.0,full,0,Novosibirsk,5,6450.0,1
L101871,Kia,2008,195485.0,2.4,petrol,manual,suv,1.0,full,1,Moscow,143,2850.0,0
L102870,Kia,2020,50517.0,,electric,automatic,sedan,3.0,partial,0,Kazan,116,18020.0,0
L100851,Toyota,2007,430000.0,,electric,automatic,hatchback,4.0,none,1,Novosibirsk,75,900.0,0
L101640,Ford,2020,67710.0,1.4,petrol,manual,sedan,1.0,full,0,Moscow,8,14870.0,1
L103823,Skoda,2019,106794.0,2.4,petrol,manual,wagon,1.0,full,0,Novosibirsk,58,12170.0,0
L102946,Volkswagen,2013,239349.0,2.0,diesel,automatic,suv,3.0,partial,0,Moscow,29,5900.0,1
L103510,Kia,2017,,2.0,petrol,manual,wagon,2.0,none,0,Moscow,44,8840.0,0
L101321,Skoda,2015,230656.0,1.9,petrol,manual,suv,2.0,full,0,Novosibirsk,100,5930.0,0
L103366,Hyundai,2022,48932.0,2.6,PETROL,automatic,hatchback,2.0,full,0,Novosibirsk,12,13210.0,1
L102692,Volkswagen,2024,17450.0,1.2,diesel,automatic,suv,4.0,partial,0,Novosibirsk,96,28970.0,0
L100772,Hyundai,2017,204566.0,1.8,diesel,automatic,suv,3.0,partial,0,Moscow,4,8970.0,1
L100626,Kia,2018,21094.0,1.6,petrol,manual,sedan,4.0,partial,0,yekaterinburg,48,10770.0,0
L101896,Renault,2025,8493.0,2.7,hybrid,automatic,sedan,2.0,partial,0,Kazan,4,32600.0,1
L100699,Hyundai,2019,60304.0,1.9,petrol,manual,sedan,2.0,partial,0,Kazan,11,9200.0,1
L103160,Ford,2016,172764.0,2.3,petrol,automatic,wagon,2.0,,0,yekaterinburg,10,5870.0,1
L101430,Hyundai,2020,141842.0,2.1,petrol,automatic,suv,3.0,full,0,Yekaterinburg,8,13650.0,1
L101514,Skoda,2016,60208.0,1.9,petrol,automatic,hatchback,3.0,partial,0,Kazan,3,5200.0,1
L103954,Toyota,2018,98565.0,1.7,diesel,manual,hatchback,3.0,none,0,Sochi,53,9090.0,0
L100016,Volkswagen,2018,239285.0,2.2,petrol,manual,suv,1.0,partial,1,Kazan,93,7770.0,0
L101155,BMW,2021,82288.0,2.3,petrol,automatic,hatchback,2.0,,1,Novosibirsk,49,16080.0,0
L100894,Ford,2022,73660.0,2.0,PETROL,manual,hatchback,3.0,full,0,Yekaterinburg,8,14510.0,1
L103131,Volkswagen,2025,500.0,1.3,hybrid,manual,hatchback,1.0,full,0,Moscow,4,33680.0,1
L100147,Toyota,2015,111950.0,1.8,hybrid,automatic,suv,1.0,full,0,Novosibirsk,3,9600.0,1
L103841,BMW,2019,153984.0,2.1,petrol,manual,suv,,partial,0,Sochi,57,20780.0,0
L103833,Renault,2019,6162.0,1.6,diesel,automatic,sedan,1.0,full,0,Yekaterinburg,4,11850.0,1
L100422,Toyota,2012,117276.0,2.4,diesel,manual,suv,2.0,full,1,Moscow,38,6710.0,0
L103226,BMW,2020,83891.0,2.0,hybrid,manual,wagon,1.0,,1,Sochi,80,16850.0,0
L104046,Hyundai,2015,159589.0,1.3,petrol,manual,sedan,1.0,full,1,Novosibirsk,8,5100.0,1
L103353,Toyota,2010,189355.0,2.3,petrol,automatic,suv,3.0,full,1,Kazan,56,4200.0,0
L101925,Kia,2023,25297.0,1.5,HYBRID,automatic,suv,2.0,full,0,Yekaterinburg,15,26500.0,1
L101133,Toyota,2016,,2.3,diesel,automatic,suv,2.0,partial,0,Kazan,73,10140.0,0
L100315,Toyota,2011,212463.0,1.7,petrol,automatic,suv,2.0,full,1,Kazan,35,3700.0,0
L104100,Skoda,2021,,1.4,petrol,automatic,sedan,2.0,partial,0,Moscow,20,15150.0,1
L100437,Renault,2024,17810.0,1.6,petrol,manual,sedan,1.0,partial,0,Novosibirsk,3,18300.0,1
L103121,Toyota,2012,89385.0,1.4,diesel,automatic,wagon,4.0,full,0,Kazan,11,5270.0,1
L102413,Kia,2013,128283.0,1.9,diesel,automatic,wagon,2.0,full,0,Novosibirsk,8,5380.0,1
L102424,Hyundai,2016,251827.0,1.7,diesel,automatic,hatchback,1.0,,1,Kazan,7,5420.0,1
L102332,Toyota,2013,150772.0,1.8,petrol,automatic,suv,2.0,full,0,Sochi,1,7000.0,1
L100142, BMW ,2011,273169.0,1.5,diesel,automatic,suv,1.0,none,1,Yekaterinburg,51,3370.0,0
L100663,Hyundai,2011,303863.0,1.0,hybrid,manual,wagon,4.0,,0,Moscow,62,2870.0,0
L102969,Kia,2011,336424.0,1.8,petrol,automatic,suv,2.0,partial,0,Moscow,75,2990.0,0
L102420,Hyundai,2019,80094.0,1.9,diesel,manual,hatchback,3.0,partial,0,Moscow,66,12540.0,0
L100110,Kia,2021,57411.0,2.3,petrol,automatic,sedan,2.0,full,0,Moscow,7,15500.0,1
L102981,Ford,2012,130550.0,2.0,diesel,automatic,suv,1.0,full,1,Moscow,3,5270.0,1
L103934,Volkswagen,2015,223220.0,2.3,hybrid,manual,hatchback,2.0,full,0,Moscow,9,7210.0,1
L100705,BMW,2014,192159.0,,electric,automatic,sedan,1.0,full,0,Moscow,14,12700.0,1
L101583,BMW,2024,,1.7,petrol,automatic,wagon,2.0,none,0,Novosibirsk,89,28290.0,0
L102107,Renault,2020,,2.7,diesel,automatic,sedan,3.0,partial,0,Kazan,6,12720.0,1
L103601,BMW,2011,106700.0,1.5,diesel,automatic,hatchback,2.0,none,0,Sochi,73,4500.0,0
L100714,BMW,2015,108396.0,1.9,hybrid,automatic,wagon,3.0,none,0,Moscow,63,10200.0,0
L102912,Kia,2015,197405.0,2.2,petrol,automatic,,1.0,full,1,Moscow,16,6720.0,1
L101230,BMW,2021,17107.0,3.0,petrol,manual,sedan,2.0,full,1,Moscow,62,23790.0,0
L102616,Ford,2023,47993.0,0.9,petrol,manual,hatchback,2.0,full,0,Kazan,50,13240.0,0
L103994,Volkswagen,2017,312111.0,1.9,petrol,automatic,sedan,2.0,partial,0,Novosibirsk,46,5210.0,0
L100426,Kia,2016,82210.0,1.6,hybrid,automatic,sedan,2.0,none,0,Sochi,92,7570.0,0
L103527,Renault,2016,74794.0,2.0,diesel,manual,wagon,1.0,none,0,Yekaterinburg,6,6220.0,1
L104083,Ford,2013,90063.0,2.1,petrol,manual,hatchback,5.0,full,0,Moscow,51,4870.0,0
L102935,Kia,2018,77349.0,1.6,petrol,automatic,suv,2.0,full,0,Moscow,10,17340.0,1
L101473,Toyota,2021,41920.0,2.4,diesel,manual,sedan,1.0,full,1,Moscow,10,18120.0,1
L103044,Renault,2019,70187.0,2.6,petrol,manual,wagon,2.0,full,0,Kazan,10,11300.0,1
L101399,BMW,2009,362075.0,1.7,hybrid,automatic,hatchback,1.0,full,1,Sochi,49,2740.0,0
L101079,Volkswagen,2021,106268.0,,electric,automatic,wagon,1.0,full,1,Sochi,139,19160.0,0
L102172,Volkswagen,2020,99994.0,1.8,hybrid,automatic,sedan,1.0,,1,Moscow,6,15990.0,1
L103119, Toyota ,2012,266166.0,2.3,PETROL,automatic,sedan,2.0,partial,0,Yekaterinburg,56,3590.0,0
L100224,Hyundai,2017,23642.0,1.9,diesel,automatic,sedan,2.0,partial,0,Moscow,45,12400.0,0
L102088,Renault,2011,305764.0,3.1,diesel,manual,hatchback,1.0,full,0,Yekaterinburg,115,3200.0,0
L102851,BMW,2025,5132.0,2.3,diesel,automatic,suv,5.0,full,0,Yekaterinburg,168,45910.0,0
L101499,Kia,2014,63249.0,1.5,hybrid,automatic,wagon,2.0,full,1,Sochi,10,8050.0,1
L102129,Skoda,2019,177002.0,2.1,petrol,manual,suv,1.0,partial,0,Moscow,49,15880.0,0
L102960,Ford,2015,258589.0,2.9,diesel,manual,suv,2.0,full,0,Sochi,38,5240.0,0
L101970,Volkswagen,2011,247026.0,1.8,petrol,automatic,sedan,1.0,full,0,Moscow,13,3000.0,1
L103325,Toyota,2016,48420.0,1.6,diesel,manual,suv,3.0,none,1,Moscow,84,8720.0,0
L102043,Toyota,2018,59488.0,2.2,PETROL,manual,hatchback,1.0,partial,1,Sochi,81,9510.0,0
L100212,Kia,2025,12372.0,1.3,petrol,automatic,sedan,4.0,,0,Novosibirsk,56,21620.0,0
L100071,Toyota,2017,121543.0,,electric,automatic,suv,3.0,partial,0,Novosibirsk,18,11320.0,1
L101177,Toyota,2023,33740.0,1.4,diesel,automatic,sedan,2.0,full,0,Sochi,7,26810.0,1
L101044,Skoda,2018,163748.0,1.1,hybrid,automatic,sedan,3.0,full,0,Novosibirsk,12,8520.0,1
L100850,Renault,2012,,1.7,petrol,automatic,hatchback,1.0,full,0,Yekaterinburg,166,2900.0,0
L101707,Hyundai,2024,18120.0,0.9,diesel,automatic,suv,2.0,none,0,Yekaterinburg,41,26060.0,0
L104136,Volkswagen,2020,113725.0,1.4,petrol,manual,wagon,1.0,none,0,Novosibirsk,44,13150.0,0
L100744,Skoda,2018,153562.0,1.3,petrol,manual,hatchback,3.0,,0,Novosibirsk,32,5790.0,0
L103397,Kia,2015,76590.0,0.9,diesel,manual,sedan,2.0,full,0,Moscow,15,8330.0,1
L102457,Kia,2013,1119700.0,2.7,petrol,manual,hatchback,1.0,none,0,Novosibirsk,55,4380.0,0
L103104,Volkswagen,2016,71155.0,2.2,petrol,manual,,4.0,partial,0,Kazan,3,7950.0,1
L102531,BMW,2017,69485.0,2.9,diesel,manual,sedan,2.0,partial,0,novosibirsk,6,14620.0,1
L103116,Hyundai,2018,143250.0,1.9,hybrid,manual,hatchback,4.0,none,1,Yekaterinburg,113,8380.0,0
L103418,Volkswagen,2007,185348.0,1.1,diesel,automatic,sedan,2.0,full,0,Sochi,100,2930.0,0
L103167,Volkswagen,2015,119437.0,1.4,petrol,manual,wagon,5.0,full,0,kazan,9,4850.0,1
L103685,BMW,2017,139987.0,1.9,petrol,manual,wagon,2.0,partial,0,Novosibirsk,74,10900.0,0
L102888,Volkswagen,2015,216074.0,1.4,diesel,manual,hatchback,3.0,full,0,Sochi,51,5290.0,0
L102218,Ford,2024,41465.0,1.8,petrol,automatic,hatchback,4.0,full,0,Sochi,6,19680.0,1
L103517,Renault,2019,77801.0,1.5,hybrid,automatic,suv,3.0,partial,1,Kazan,5,12450.0,1
L102231,Ford,2015,82917.0,2.0,hybrid,automatic,suv,1.0,full,1,Moscow,2,9720.0,1
L103496,Renault,2015,409550.0,1.7,diesel,automatic,suv,1.0,partial,0,Kazan,8,4720.0,1
L100126,Volkswagen,2015,140623.0,2.3,petrol,automatic,suv,4.0,partial,0,Moscow,154,6990.0,0
L101326,Hyundai,2021,162753.0,1.7,diesel,automatic,hatchback,1.0,full,0,Moscow,13,11940.0,1
L102841,Skoda,2018,177937.0,1.6,petrol,automatic,wagon,3.0,partial,0,Moscow,13,10040.0,1
L100312,Hyundai,2017,186870.0,1.8,petrol,automatic,suv,2.0,none,1,Novosibirsk,39,7200.0,0
L103599,BMW,2012,109597.0,1.5,petrol,automatic,suv,1.0,none,0,Moscow,3,6600.0,1
L103087,Toyota,2009,241481.0,1.5,petrol,manual,sedan,3.0,,1,Sochi,86,1690.0,0
L100102,Renault,2018,108038.0,1.6,petrol,manual,sedan,1.0,,0,Moscow,6,7650.0,1
L103803,Toyota,2016,148404.0,1.8,petrol,manual,sedan,3.0,,0,Novosibirsk,58,6030.0,0
L103374,Kia,2019,70354.0,1.2,petrol,automatic,suv,2.0,full,0,Kazan,9,12520.0,1
L100790,Hyundai,2017,190955.0,1.4,petrol,manual,hatchback,1.0,none,1,Moscow,9,5970.0,1
L102713,Toyota,2015,196359.0,2.2,petrol,automatic,sedan,1.0,full,0,Sochi,101,6250.0,0
L103974,Toyota,2016,122891.0,2.2,petrol,manual,hatchback,4.0,full,1,Moscow,34,6050.0,0
L103581,Toyota,2017,109325.0,1.4,PETROL,automatic,hatchback,3.0,full,0,Novosibirsk,90,7830.0,0
L100429,Hyundai,2013,315839.0,1.2,petrol,manual,suv,4.0,none,0,Moscow,78,3180.0,0
L101661,Renault,2010,69144.0,1.7,hybrid,automatic,wagon,3.0,full,0,Novosibirsk,4,4100.0,1
L101455,Renault,2016,,2.8,petrol,automatic,hatchback,2.0,full,0,Moscow,7,7680.0,1
L101404,Volkswagen,2013,202050.0,1.9,diesel,manual,hatchback,2.0,full,0,Sochi,4,5400.0,1
L102124,Ford,2009,79401.0,2.5,petrol,manual,hatchback,1.0,full,1,Novosibirsk,10,2420.0,1
L102257,Volkswagen,2020,85428.0,2.6,petrol,manual,hatchback,1.0,none,0,Yekaterinburg,43,13030.0,0
L101556,Skoda,2022,106766.0,1.6,diesel,manual,hatchback,2.0,full,0,Novosibirsk,47,13600.0,0
L102283,Hyundai,2019,74457.0,1.6,diesel,manual,suv,1.0,full,0,Novosibirsk,10,13550.0,1
L104135,Skoda,2018,,1.8,petrol,manual,wagon,3.0,full,0,Moscow,157,13810.0,0
L103316,BMW,2015,155857.0,1.0,diesel,automatic,suv,2.0,full,1,Moscow,3,9070.0,1
L102493,Hyundai,2020,89054.0,,electric,automatic,hatchback,3.0,full,0,Moscow,92,18650.0,0
L102730,Skoda,2015,131886.0,1.5,diesel,automatic,wagon,3.0,partial,0,Sochi,55,6490.0,0
L101178,Volkswagen,2018,31820.0,2.2,petrol,automatic,sedan,1.0,none,0,Kazan,68,12610.0,0
L104084,Kia,2016,246651.0,1.7,petrol,manual,suv,2.0,full,0,Yekaterinburg,12,4710.0,1
L102224,Skoda,2014,210424.0,2.7,petrol,automatic,hatchback,1.0,full,0,Moscow,3,5920.0,1
L101620,Renault,2010,193851.0,1.5,diesel,manual,sedan,4.0,,0,Yekaterinburg,88,2030.0,0
L101693,Renault,1900,243396.0,2.1,petrol,manual,wagon,4.0,full,1,Yekaterinburg,48,5220.0,0
L102007,BMW,2019,69162.0,1.4,petrol,manual,wagon,2.0,full,0,Yekaterinburg,3,12170.0,1
L102259,Kia,2014,2440850.0,3.0,diesel,automatic,hatchback,2.0,partial,0,Kazan,2,4040.0,1
L100614,Toyota,2013,139593.0,1.7,petrol,manual,sedan,1.0,partial,0,Kazan,21,5050.0,1
L103481,Renault,2019,92977.0,1.4,hybrid,manual,hatchback,2.0,full,0,Moscow,9,11570.0,1
L102722, Toyota ,2014,170972.0,1.7,diesel,automatic,suv,2.0,none,0,Moscow,46,7040.0,0
L103437,BMW,2017,218101.0,1.1,petrol,automatic,sedan,3.0,full,0,Moscow,6,9950.0,1
L102499,Toyota,2019,158204.0,1.9,hybrid,automatic,suv,3.0,partial,0,Moscow,1,14480.0,1
L103265,Ford,2015,151169.0,2.1,diesel,manual,hatchback,2.0,none,0,Novosibirsk,113,4680.0,0
L103722,Volkswagen,2023,40825.0,2.4,diesel,automatic,sedan,3.0,full,0,Sochi,4,22660.0,1
L103200,BMW,2011,243264.0,2.2,diesel,automatic,wagon,1.0,partial,1,Sochi,56,5420.0,0
L102889,Volkswagen,2022,75287.0,1.4,hybrid,manual,hatchback,3.0,partial,0,Sochi,9,14710.0,1
L102829,Skoda,2020,,1.7,petrol,automatic,sedan,3.0,partial,0,Moscow,68,13590.0,0
L102577,Hyundai,2012,422772.0,1.2,diesel,manual,suv,2.0,full,1,Novosibirsk,194,2330.0,0
L102580,Skoda,2019,69137.0,1.1,diesel,manual,suv,2.0,partial,0,Novosibirsk,68,12750.0,0
L103947,BMW,2018,,2.0,hybrid,automatic,sedan,2.0,full,1,Sochi,63,12850.0,0
L103979,Renault,2013,231567.0,,electric,automatic,suv,5.0,partial,0,Moscow,45,5870.0,0
L102485,Toyota,2015,174771.0,2.3,DIESEL,manual,sedan,1.0,full,0,Yekaterinburg,3,6720.0,1
L100562,Volkswagen,2015,228289.0,1.9,diesel,manual,hatchback,4.0,none,0,Yekaterinburg,83,3610.0,0
L102706,BMW,2023,33197.0,1.9,hybrid,automatic,sedan,1.0,none,0,Yekaterinburg,4,29830.0,1
L100954,Ford,2015,204108.0,2.4,diesel,manual,suv,1.0,partial,0,Novosibirsk,99,6780.0,0
L102451,BMW,2015,149224.0,1.6,petrol,manual,suv,1.0,partial,0,Yekaterinburg,118,9310.0,0
L100103,Toyota,2025,28133.0,2.5,diesel,automatic,wagon,3.0,partial,1,kazan,72,26800.0,0
L101052,Skoda,2009,82118.0,1.8,petrol,manual,sedan,3.0,full,1,Kazan,7,2860.0,1
L102444,Hyundai,2018,61859.0,1.9,petrol,automatic,sedan,2.0,full,0,Sochi,76,11210.0,0
L102803,BMW,2018,99478.0,1.2,diesel,manual,hatchback,1.0,full,0,Moscow,1,15320.0,1
L101645,Ford,2025,19448.0,1.2,petrol,manual,suv,1.0,full,0,Moscow,5,34760.0,1
L100888,Hyundai,2022,120693.0,1.9,petrol,manual,sedan,2.0,none,0,Kazan,68,13610.0,0
L103059,Skoda,2019,90782.0,2.4,hybrid,manual,suv,1.0,full,0,Moscow,20,16240.0,1
L102639,Toyota,2012,222850.0,1.4,petrol,manual,hatchback,1.0,,0,Novosibirsk,90,3040.0,0
L103563,Hyundai,2017,154987.0,2.3,petrol,manual,wagon,2.0,full,1,Sochi,81,7270.0,0
L100775,Volkswagen,2012,143415.0,,electric,automatic,wagon,1.0,none,0,Novosibirsk,1,6860.0,1
L100817,Kia,2023,46860.0,1.4,petrol,automatic,wagon,3.0,none,0,Moscow,144,16720.0,0
L103620,Volkswagen,2017,163743.0,1.5,petrol,automatic,sedan,2.0,partial,0,Moscow,11,9090.0,1
L100629, Skoda ,2019,59183.0,2.0,petrol,manual,sedan,3.0,partial,0,Novosibirsk,126,11200.0,0
L100634,Skoda,2022,98715.0,2.0,hybrid,manual,hatchback,,full,1,Sochi,9,14000.0,1
L100049,Toyota,1900,202227.0,1.4,petrol,automatic,hatchback,2.0,partial,1,Moscow,57,4690.0,0
L103941,Hyundai,2020,252337.0,1.7,petrol,automatic,hatchback,1.0,partial,1,Novosibirsk,124,6450.0,0
L101906,Skoda,2022,12996.0,1.4,petrol,automatic,suv,2.0,full,0,Kazan,9,20910.0,1
L102862,Volkswagen,2020,83597.0,2.4,petrol,manual,sedan,2.0,full,1,Sochi,68,14310.0,0
L100469,Volkswagen,2015,212262.0,3.6,petrol,manual,suv,2.0,full,0,Moscow,10,10390.0,1
L100891,Toyota,2016,69287.0,1.9,petrol,automatic,,1.0,full,0,Kazan,66,10190.0,0
L104022,BMW,2021,90849.0,1.9,hybrid,automatic,suv,3.0,full,1,Novosibirsk,60,25870.0,0
L102807,Toyota,2022,37023.0,2.9,hybrid,automatic,sedan,2.0,full,0,Kazan,156,22950.0,0
L100652,Renault,2015,136004.0,1.5,diesel,manual,suv,1.0,full,1,Kazan,78,6500.0,0
L101202,Skoda,2019,105117.0,2.0,diesel,manual,suv,,full,1,Moscow,143,15880.0,0
L102018,Ford,2016,134541.0,,electric,automatic,hatchback,1.0,full,0,Sochi,22,9700.0,1
L103342,Volkswagen,2015,183344.0,1.4,petrol,automatic,sedan,2.0,none,0,Yekaterinburg,135,5160.0,0
L103852,Skoda,2017,46869.0,,electric,automatic,suv,1.0,none,0,Moscow,53,14620.0,0
L102596,Volkswagen,2012,151125.0,1.9,petrol,automatic,hatchback,1.0,partial,0,Moscow,1,4910.0,1
L100072,Skoda,2025,21307.0,1.6,diesel,manual,hatchback,2.0,full,0,Kazan,4,23190.0,1
L100590,Renault,2014,153068.0,1.3,diesel,automatic,sedan,1.0,none,0,Moscow,64,5690.0,0
L100187,Toyota,2021,-1.0,1.1,petrol,manual,hatchback,2.0,none,1,Yekaterinburg,6,9850.0,1
L102153,Hyundai,2011,134461.0,1.6,hybrid,automatic,suv,2.0,full,0,Moscow,7,6430.0,1
L100742,Hyundai,2023,42904.0,2.0,petrol,automatic,wagon,1.0,partial,0,Moscow,2,22860.0,1
L101913,Skoda,2014,137411.0,1.0,diesel,manual,sedan,2.0,partial,1,Kazan,113,3740.0,0
L102855,Skoda,2023,106579.0,2.2,petrol,manual,suv,2.0,full,0,Novosibirsk,83,20290.0,0
L103495,Hyundai,2020,50311.0,2.3,diesel,manual,sedan,1.0,full,1,Moscow,2,18440.0,1
L100793,Volkswagen,2018,,1.5,petrol,automatic,hatchback,3.0,partial,0,Moscow,5,8940.0,1
L900018,Renault,2015,179897.0,1.6,petrol,manual,sedan,3.0,full,0,Kazan,52,5360.0,0
L100910,BMW,2012,66938.0,1.8,petrol,automatic,suv,2.0,full,1,Moscow,8,9530.0,1
L100054,Skoda,2009,238346.0,,electric,automatic,sedan,2.0,partial,1,Sochi,138,2790.0,0
L102595,Renault,2013,124063.0,2.0,diesel,automatic,suv,1.0,partial,1,Moscow,13,5360.0,1
L100467,Toyota,2017,129611.0,1.1,petrol,automatic,suv,1.0,none,0,Sochi,56,9320.0,0
L103923,Toyota,2011,250813.0,1.8,diesel,automatic,wagon,2.0,none,0,Moscow,64,3840.0,0
L103247,Volkswagen,2016,120357.0,2.2,diesel,automatic,wagon,4.0,,0,Sochi,88,7660.0,0
L104132,Volkswagen,2020,102001.0,2.4,petrol,automatic,suv,3.0,full,0,Kazan,43,13830.0,0
L103489,Renault,2016,101081.0,2.8,hybrid,manual,hatchback,2.0,partial,0,Kazan,6,8140.0,1
L102955,Renault,2021,63769.0,1.4,petrol,automatic,wagon,3.0,none,0,Kazan,44,11470.0,0
L101299, Volkswagen ,2016,110787.0,1.6,petrol,automatic,sedan,1.0,partial,0,Sochi,7,9040.0,1
L102409,Toyota,2012,106078.0,2.3,hybrid,automatic,sedan,1.0,,0,Moscow,6,6530.0,1
L103227,Kia,2009,140052.0,2.7,diesel,automatic,hatchback,2.0,full,1,Kazan,45,3180.0,0
L100765,BMW,2021,,1.7,petrol,automatic,wagon,1.0,full,0,Novosibirsk,1,19880.0,1
L100040,Kia,2020,102388.0,,electric,automatic,hatchback,3.0,none,0,Sochi,29,13410.0,1
L101059,Toyota,2010,204774.0,1.3,diesel,automatic,hatchback,1.0,full,1,Moscow,7,2670.0,1
L101105,Ford,2016,176882.0,1.8,diesel,manual,hatchback,4.0,partial,1,Novosibirsk,2,5010.0,1
L102881,Volkswagen,2008,243587.0,0.9,diesel,automatic,sedan,1.0,full,0,Yekaterinburg,4,2210.0,1
L101874,Kia,2015,153554.0,1.9,petrol,automatic,sedan,2.0,partial,0,Sochi,94,6280.0,0
L100602,BMW,2017,120657.0,,electric,automatic,wagon,2.0,none,0,Moscow,9,16700.0,1
L100789,Kia,2022,12634.0,2.1,petrol,automatic,wagon,2.0,partial,1,Sochi,1,17210.0,1
L101292,Toyota,2020,138414.0,,electric,automatic,sedan,3.0,none,0,Sochi,69,15900.0,0
L103887,Kia,2023,8163.0,,electric,automatic,wagon,4.0,full,0,Sochi,3,29000.0,1
L104164,Toyota,2015,139504.0,2.1,petrol,manual,sedan,3.0,partial,0,Yekaterinburg,73,5850.0,0
L102986,Skoda,2017,117407.0,1.4,hybrid,automatic,sedan,2.0,,0,Sochi,2,10550.0,1
L100328,Volkswagen,2007,285739.0,,electric,automatic,suv,2.0,full,1,Novosibirsk,82,2420.0,0
L103886, Ford ,2014,126309.0,2.8,diesel,automatic,wagon,2.0,full,0,Kazan,85,6010.0,0
L102047,Skoda,2017,124097.0,2.1,PETROL,manual,hatchback,4.0,full,0,Moscow,6,7320.0,1
L103068,Volkswagen,2012,82369.0,2.2,hybrid,automatic,wagon,2.0,full,0,Novosibirsk,10,5750.0,1
L100487,BMW,2021,43428.0,1.9,diesel,automatic,suv,2.0,partial,0,novosibirsk,52,28390.0,0
L100900,Skoda,2014,150232.0,1.2,petrol,automatic,hatchback,3.0,none,0,Novosibirsk,6,4260.0,1
L100101,Volkswagen,2013,142523.0,1.3,hybrid,manual,hatchback,1.0,partial,1,Moscow,6,4880.0,1
L102028,Volkswagen,2016,55066.0,2.4,petrol,manual,hatchback,1.0,none,0,Novosibirsk,91,7470.0,0
L102994,Renault,2014,3259700.0,,electric,automatic,suv,3.0,none,0,Kazan,76,4720.0,0
L103030,Skoda,2016,37887.0,2.3,petrol,manual,hatchback,1.0,none,0,Sochi,66,8510.0,0
L101729,Ford,2020,78454.0,1.8,hybrid,automatic,sedan,2.0,full,0,Sochi,4,18920.0,1
L102501,Renault,2012,304927.0,1.7,petrol,automatic,sedan,3.0,full,1,Moscow,11,2490.0,1
L102062,BMW,2019,88049.0,1.6,hybrid,automatic,wagon,3.0,,0,Moscow,90,24590.0,0
L103042,Renault,2012,174228.0,1.3,petrol,automatic,sedan,2.0,full,1,Novosibirsk,4,3500.0,1
L101057,Skoda,2014,156884.0,1.4,petrol,automatic,sedan,1.0,full,0,Moscow,3,5110.0,1
L103542,Volkswagen,2020,151848.0,1.6,diesel,manual,suv,3.0,,0,Moscow,48,13440.0,0
L101554,Renault,2015,137702.0,0.9,petrol,manual,sedan,3.0,none,0,Novosibirsk,61,4880.0,0
L102728,BMW,2022,22021.0,1.3,petrol,automatic,suv,1.0,none,0,Kazan,251,29750.0,0
L100718,Toyota,2016,105221.0,2.2,petrol,automatic,hatchback,4.0,,0,Sochi,160,8060.0,0
L102571,Ford,2019,83613.0,1.5,petrol,manual,sedan,5.0,full,0,Moscow,68,9950.0,0
L103802,Toyota,2015,36516.0,,electric,automatic,sedan,2.0,full,0,Yekaterinburg,6,13420.0,1
L101403,Toyota,2021,72244.0,2.3,petrol,automatic,sedan,2.0,full,0,Sochi,51,16190.0,0
L101570,Volkswagen,2017,126726.0,2.0,diesel,automatic,hatchback,2.0,,0,Moscow,25,9150.0,1
L103633,Kia,2020,101056.0,2.4,hybrid,automatic,sedan,2.0,none,0,Novosibirsk,61,12900.0,0
L102306,Kia,2019,130950.0,0.9,hybrid,automatic,suv,2.0,full,1,Sochi,20,11520.0,1
L103120,Skoda,2015,164902.0,1.5,petrol,manual,sedan,1.0,partial,1,Moscow,76,6490.0,0
L101143,Skoda,2020,45473.0,1.7,petrol,manual,sedan,2.0,full,0,yekaterinburg,49,13210.0,0
L102191,Ford,2019,85139.0,1.3,diesel,manual,suv,5.0,full,0,Yekaterinburg,4,11410.0,1
L102957,Hyundai,2014,183646.0,,electric,automatic,hatchback,1.0,full,0,Kazan,92,7040.0,0
L102810,Toyota,2021,69342.0,2.2,hybrid,manual,sedan,1.0,partial,0,Sochi,102,20670.0,0
L100318,BMW,2016,203608.0,1.9,petrol,automatic,suv,1.0,none,0,Sochi,95,10010.0,0
L102561,Hyundai,2017,60072.0,1.5,petrol,automatic,sedan,1.0,none,0,Moscow,1,9040.0,1
L100302,Renault,2016,140856.0,1.3,hybrid,automatic,sedan,2.0,,0,Moscow,9,6650.0,1
L102000,Renault,2015,176946.0,2.1,DIESEL,automatic,wagon,2.0,full,0,Novosibirsk,99,5320.0,0
L100075,Toyota,2013,211782.0,1.7,PETROL,automatic,hatchback,2.0,full,0,Moscow,5,4950.0,1
L103647,Renault,2012,63818.0,1.8,petrol,manual,sedan,2.0,partial,1,Kazan,46,3520.0,0
L102103,Toyota,2024,12696.0,1.6,hybrid,manual,sedan,3.0,full,0,Moscow,3,32070.0,1
L103197,Volkswagen,2022,22880.0,1.7,diesel,manual,sedan,2.0,none,0,Kazan,107,14520.0,0
L100968,Toyota,2015,64013.0,1.4,petrol,manual,sedan,2.0,full,1,Sochi,75,6600.0,0
L104075,Volkswagen,2012,242729.0,1.8,petrol,automatic,sedan,1.0,none,0,Novosibirsk,4,3810.0,1
L103973,Toyota,2018,238411.0,1.6,petrol,manual,sedan,3.0,partial,0,Yekaterinburg,67,6770.0,0
L100875,Toyota,2014,246928.0,1.4,petrol,manual,sedan,2.0,partial,0,Yekaterinburg,5,4300.0,1
L103554,Skoda,2017,121622.0,1.6,petrol,manual,suv,3.0,full,0,Moscow,5,11530.0,1
L102311,Kia,2020,127142.0,2.2,petrol,manual,sedan,2.0,partial,0,Yekaterinburg,131,11940.0,0
L103513,Hyundai,2018,67712.0,1.5,hybrid,automatic,hatchback,2.0,full,0,Yekaterinburg,13,8770.0,1
L100824,Renault,2014,149723.0,1.8,hybrid,automatic,hatchback,2.0,full,0,Moscow,9,6400.0,1
L103336,BMW,2016,124634.0,1.8,petrol,manual,suv,1.0,full,1,Kazan,62,10210.0,0
L102847,Renault,2020,92105.0,1.2,diesel,manual,hatchback,2.0,,0,Moscow,76,11680.0,0
L103370,Hyundai,2022,52320.0,2.2,petrol,automatic,suv,3.0,full,0,Sochi,2,21790.0,1
L100023,Renault,2017,124618.0,2.0,petrol,manual,hatchback,3.0,none,0,Kazan,14,5520.0,1
L100656,Renault,2020,39565.0,1.9,petrol,automatic,hatchback,1.0,full,0,Novosibirsk,125,10130.0,0
L102675,Renault,2021,113736.0,2.3,petrol,automatic,suv,2.0,partial,0,Yekaterinburg,94,15730.0,0
L102919,Ford,2013,342607.0,2.4,diesel,automatic,sedan,3.0,,0,Moscow,7,3090.0,1
L100374,Hyundai,2013,194601.0,1.2,petrol,automatic,sedan,2.0,none,0,Sochi,71,4340.0,0
L102281,Skoda,2008,307473.0,2.3,petrol,manual,suv,2.0,none,0,Novosibirsk,81,1720.0,0
L102322,Skoda,2008,197193.0,1.6,petrol,automatic,suv,1.0,full,0,Moscow,5,2760.0,1
L101327,Volkswagen,2012,117728.0,2.2,diesel,automatic,hatchback,1.0,partial,0,Moscow,9,5980.0,1
L102024,BMW,2022,60524.0,1.5,petrol,automatic,suv,,full,1,Sochi,90,23230.0,0
L103483,Ford,2021,64648.0,2.3,petrol,manual,sedan,2.0,,0,Yekaterinburg,10,13080.0,1
L103612,Hyundai,2013,109629.0,0.9,petrol,automatic,suv,1.0,partial,0,yekaterinburg,9,4860.0,1
L103583, Toyota ,2014,72442.0,2.3,petrol,automatic,suv,4.0,full,0,Novosibirsk,58,8070.0,0
L104043,Volkswagen,2016,148258.0,1.0,petrol,automatic,sedan,3.0,full,1,Yekaterinburg,6,6950.0,1
L100858,Toyota,2021,57195.0,,electric,automatic,wagon,1.0,full,0,Kazan,3,20370.0,1
L103862,Toyota,2021,55008.0,,electric,automatic,wagon,,partial,0,Moscow,15,24480.0,1
L101111,Hyundai,2019,104562.0,1.3,hybrid,automatic,hatchback,1.0,partial,1,Novosibirsk,3,9380.0,1
L103900,Renault,2014,172659.0,2.1,petrol,automatic,wagon,1.0,none,0,Moscow,204,5560.0,0
L103124,Toyota,2013,292285.0,1.7,hybrid,manual,suv,3.0,none,0,Moscow,80,4520.0,0
L102405,Ford,2023,98689.0,1.8,diesel,automatic,,2.0,full,0,Moscow,65,16840.0,0
L100745,Ford,2010,229522.0,1.5,petrol,automatic,hatchback,3.0,none,1,Novosibirsk,84,1760.0,0
L102354,Renault,2015,145312.0,0.9,petrol,automatic,hatchback,2.0,,0,Sochi,96,4410.0,0
L100483,BMW,2023,80832.0,2.3,petrol,automatic,sedan,1.0,partial,0,Novosibirsk,80,24640.0,0
L104035,Volkswagen,2012,213096.0,2.3,PETROL,automatic,wagon,3.0,full,0,Moscow,12,4060.0,1
L103484,Kia,2020,149717.0,1.5,diesel,automatic,wagon,2.0,full,0,Kazan,40,11160.0,0
L103502,Volkswagen,2020,52251.0,2.4,diesel,automatic,,2.0,full,0,Kazan,2,15990.0,1
L102747,Hyundai,2024,24178.0,1.7,diesel,automatic,wagon,2.0,none,0,Moscow,75,26960.0,0
L102895,BMW,2014,174248.0,1.5,petrol,automatic,sedan,1.0,full,1,Moscow,10,5560.0,1
L102159, Toyota ,2011,243483.0,2.4,diesel,manual,sedan,1.0,full,0,Sochi,4,3220.0,1
L103870,BMW,2020,97088.0,3.0,petrol,automatic,hatchback,3.0,full,0,Sochi,103,21670.0,0
L100198,Hyundai,2016,59933.0,0.9,petrol,automatic,sedan,2.0,full,0,Yekaterinburg,20,6350.0,1
L104053,Volkswagen,2012,143168.0,0.9,petrol,manual,suv,2.0,partial,1,Kazan,78,3780.0,0
L100559,Kia,2008,349078.0,2.0,hybrid,automatic,hatchback,5.0,full,0,Sochi,63,1550.0,0
L900046,BMW,2018,71725.0,1.5,diesel,manual,suv,1.0,partial,0,Moscow,85,20640.0,0
L101073,Ford,2004,430000.0,2.0,petrol,manual,wagon,2.0,partial,0,Moscow,13,950.0,1
L101061,Renault,2020,109255.0,1.1,petrol,automatic,suv,2.0,none,0,Moscow,2,12900.0,1
L103500,Hyundai,2013,205727.0,,electric,automatic,sedan,4.0,full,1,Moscow,68,4630.0,0
L101783,Hyundai,2016,74468.0,2.1,hybrid,manual,suv,2.0,partial,0,Kazan,47,10160.0,0
L102438,BMW,2017,43007.0,2.2,hybrid,manual,hatchback,1.0,partial,0,Kazan,10,15770.0,1
L104080,Volkswagen,2014,29292.0,1.8,hybrid,automatic,sedan,3.0,full,0,Kazan,15,7770.0,1
L103643,BMW,2012,104600.0,2.1,diesel,manual,hatchback,2.0,full,0,Moscow,10,6350.0,1
L103592,Kia,2013,169039.0,1.5,hybrid,manual,hatchback,2.0,partial,0,Moscow,9,4930.0,1
L102857,Volkswagen,2023,33229.0,1.7,diesel,automatic,hatchback,4.0,partial,1,Sochi,113,17260.0,0
L102693,Ford,2010,48197.0,1.3,petrol,manual,suv,1.0,full,1,Moscow,6,3560.0,1
L103304,Volkswagen,2006,274171.0,1.8,petrol,manual,,2.0,partial,0,Yekaterinburg,70,1940.0,0
L103774,Ford,2015,156062.0,2.0,diesel,automatic,sedan,3.0,full,1,Yekaterinburg,10,5430.0,1
L103477,Kia,2019,99183.0,1.9,hybrid,manual,wagon,2.0,partial,0,Kazan,65,13770.0,0
L101624, Hyundai ,2015,153970.0,0.9,diesel,manual,wagon,2.0,full,1,Moscow,1,5320.0,1
L100337,BMW,2011,148692.0,1.8,diesel,automatic,sedan,1.0,full,1,Novosibirsk,87,4520.0,0
L102816,Kia,2018,78110.0,2.2,hybrid,automatic,sedan,1.0,full,0,Yekaterinburg,10,11690.0,1
L101415,Hyundai,2017,75096.0,1.6,petrol,manual,wagon,4.0,full,1,Moscow,42,7910.0,0
L100904,Volkswagen,2025,33756.0,1.1,petrol,automatic,sedan,1.0,none,0,Kazan,55,27370.0,0
L103002,Skoda,2023,43238.0,1.5,diesel,automatic,sedan,1.0,partial,0,Kazan,5,21690.0,1
L103231,Renault,2014,274819.0,2.3,petrol,automatic,wagon,2.0,partial,0,Yekaterinburg,34,2920.0,0
L104064,Toyota,2024,25013.0,2.2,hybrid,automatic,hatchback,1.0,,0,Kazan,4,26730.0,1
L102055,Skoda,2023,21314.0,2.0,hybrid,automatic,suv,1.0,full,1,Sochi,72,32310.0,0
L100084,Skoda,2013,121477.0,2.1,diesel,automatic,hatchback,1.0,full,0,Novosibirsk,3,5470.0,1
L101365,Hyundai,2024,34496.0,1.8,petrol,automatic,sedan,2.0,none,0,Kazan,81,18320.0,0
L100131,BMW,2016,173249.0,0.9,petrol,automatic,suv,5.0,partial,0,Moscow,61,9520.0,0
L101331,Toyota,2016,88594.0,2.2,hybrid,automatic,sedan,2.0,none,1,Yekaterinburg,53,7800.0,0
L102951,Ford,2018,156479.0,1.7,diesel,automatic,sedan,3.0,none,0,Yekaterinburg,104,6180.0,0
L101792,Toyota,2011,204362.0,2.1,petrol,manual,suv,1.0,none,0,Moscow,85,4200.0,0
L101873,Skoda,2009,210952.0,2.3,petrol,manual,wagon,3.0,none,0,Moscow,46,2130.0,0
L102142,Toyota,2008,132053.0,1.5,hybrid,automatic,hatchback,,none,0,Kazan,61,2520.0,0
L102389,Hyundai,2010,328690.0,2.1,PETROL,manual,sedan,1.0,partial,0,Moscow,57,2920.0,0
L102936,Skoda,2019,99390.0,2.0,petrol,automatic,sedan,1.0,none,0,Yekaterinburg,5,8960.0,1
L101014, Hyundai ,2019,104807.0,1.1,petrol,automatic,hatchback,2.0,full,0,Moscow,4,12060.0,1
L102987,BMW,2018,65544.0,1.9,petrol,automatic,hatchback,1.0,full,0,Yekaterinburg,9,14390.0,1
L100816,Hyundai,2019,77324.0,1.9,petrol,automatic,sedan,1.0,full,0,Kazan,1,10510.0,1
L101983,Renault,2015,104565.0,1.5,hybrid,automatic,wagon,1.0,none,0,Moscow,5,8360.0,1
L102977,Renault,2018,150182.0,,electric,automatic,hatchback,1.0,full,0,Yekaterinburg,10,11230.0,1
L101644,Toyota,2018,75059.0,1.1,petrol,manual,sedan,2.0,full,0,Yekaterinburg,13,10670.0,1
L101877,Hyundai,2019,101369.0,2.5,PETROL,automatic,hatchback,2.0,full,0,Kazan,6,11900.0,1
L101928,Toyota,2016,110775.0,1.9,diesel,manual,hatchback,1.0,partial,0,Novosibirsk,60,7450.0,0
L103534,Ford,2023,,1.9,petrol,manual,sedan,2.0,partial,0,Moscow,46,17830.0,0
L100204,Skoda,2017,123249.0,2.6,hybrid,manual,wagon,2.0,full,0,Kazan,2,10420.0,1
L101438,Kia,2014,287993.0,2.3,hybrid,automatic,sedan,3.0,partial,0,Kazan,11,4570.0,1
L100486,Volkswagen,2016,281631.0,2.3,diesel,automatic,wagon,3.0,full,0,Yekaterinburg,37,6250.0,0
L102126,Hyundai,2018,161126.0,1.5,petrol,manual,wagon,3.0,partial,0,Moscow,43,9500.0,0
L100089,Skoda,2022,42077.0,1.9,diesel,automatic,suv,1.0,partial,0,Sochi,115,25450.0,0
L102045,Hyundai,2014,45444.0,1.5,petrol,automatic,,1.0,partial,0,Moscow,7,6810.0,1
L100004, Renault ,2022,44206.0,1.2,hybrid,manual,suv,3.0,partial,0,Kazan,10,17030.0,1
L100062,Renault,2013,332972.0,1.6,hybrid,manual,sedan,3.0,partial,1,Kazan,67,2520.0,0
L100587, Kia ,2021,80491.0,1.5,petrol,automatic,wagon,1.0,none,0,Novosibirsk,91,10180.0,0
L100813,Skoda,2022,22872.0,2.1,petrol,automatic,suv,1.0,full,0,Yekaterinburg,8,24600.0,1
L100219,Skoda,2011,217063.0,1.1,petrol,automatic,suv,3.0,none,0,Sochi,56,3390.0,0
L100149,Ford,2016,144000.0,0.9,diesel,manual,suv,1.0,partial,0,Novosibirsk,8,7380.0,1
L101176,BMW,2025,3554.0,1.4,petrol,automatic,wagon,2.0,full,0,Novosibirsk,64,41360.0,0
L100837,Volkswagen,2016,12644.0,2.3,petrol,automatic,wagon,2.0,partial,0,Moscow,6,11430.0,1
L102355,Skoda,2014,259106.0,2.0,petrol,automatic,sedan,4.0,none,0,Moscow,96,4350.0,0
L103588,Skoda,2015,171588.0,2.9,diesel,automatic,hatchback,4.0,full,0,Kazan,6,6060.0,1
L101337,Renault,2013,200881.0,1.5,hybrid,automatic,sedan,1.0,full,0,Moscow,9,5580.0,1
L101227,Hyundai,2020,25486.0,2.5,petrol,automatic,suv,3.0,partial,1,Kazan,11,16310.0,1
L102918,Volkswagen,2013,216103.0,1.5,diesel,manual,wagon,1.0,full,0,Sochi,51,6370.0,0
L100301,Renault,2012,250703.0,1.5,petrol,manual,hatchback,5.0,partial,0,Novosibirsk,80,2020.0,0
L101540,Volkswagen,2024,21085.0,1.9,DIESEL,manual,suv,2.0,partial,0,Sochi,171,31720.0,0
L101071,Ford,2016,202526.0,1.9,diesel,automatic,wagon,1.0,full,0,Novosibirsk,61,6340.0,0
L102555,Renault,2010,70023.0,1.7,diesel,automatic,hatchback,1.0,partial,0,Yekaterinburg,9,3020.0,1
L101153,Toyota,2021,44150.0,1.8,petrol,automatic,sedan,2.0,partial,1,moscow,74,16870.0,0
L102845,Hyundai,2015,94026.0,2.0,diesel,automatic,hatchback,1.0,,0,Sochi,3,7420.0,1
L102523,Volkswagen,2017,60597.0,1.1,diesel,automatic,wagon,2.0,full,0,Moscow,124,13390.0,0
L103780,Volkswagen,2017,250561.0,1.4,petrol,manual,wagon,5.0,full,0,Sochi,231,5250.0,0
L100323,Kia,2014,270697.0,2.4,hybrid,automatic,hatchback,3.0,full,0,Kazan,21,4450.0,1
L101453,Ford,2015,42661.0,2.0,petrol,manual,suv,5.0,full,0,Sochi,118,8550.0,0
L103229,Volkswagen,2011,240343.0,2.0,hybrid,manual,suv,1.0,full,1,Sochi,12,4440.0,1
L104182,Renault,2013,189932.0,1.6,DIESEL,automatic,hatchback,3.0,full,0,Yekaterinburg,7,3970.0,1
L101095,Renault,2024,43575.0,1.6,diesel,manual,suv,2.0,partial,0,Kazan,114,27660.0,0
L103003,Skoda,2019,92557.0,,electric,automatic,sedan,4.0,partial,1,Kazan,113,12700.0,0
L100692,BMW,2008,230529.0,1.4,diesel,automatic,hatchback,4.0,partial,0,Novosibirsk,99,2400.0,0
L101424,Volkswagen,2017,201524.0,,electric,automatic,hatchback,2.0,partial,0,Yekaterinburg,68,9100.0,0
L103646,Ford,2017,43854.0,2.1,diesel,manual,wagon,3.0,full,0,Novosibirsk,144,10070.0,0
L102049,Toyota,2012,345325.0,1.9,diesel,automatic,hatchback,4.0,partial,0,Novosibirsk,47,2670.0,0
L103333, Toyota ,2012,209893.0,2.7,diesel,manual,hatchback,1.0,partial,0,yekaterinburg,76,4180.0,0
L101837,Kia,2014,87193.0,3.0,petrol,manual,suv,3.0,none,0,Yekaterinburg,51,6380.0,0
L103479,Hyundai,2013,194758.0,1.4,diesel,manual,hatchback,3.0,full,0,Kazan,53,3630.0,0
L101738,BMW,2016,240776.0,1.5,petrol,manual,suv,4.0,full,0,Yekaterinburg,52,7820.0,0
L103040,Toyota,2007,238889.0,2.9,petrol,automatic,hatchback,2.0,full,0,Moscow,14,2230.0,1
L100303,Volkswagen,2012,39380.0,2.4,hybrid,automatic,suv,2.0,partial,0,Moscow,9,10360.0,1
L100582,Volkswagen,2017,74199.0,1.9,petrol,manual,suv,1.0,none,1,Kazan,39,9420.0,0
L102745,BMW,2011,244325.0,1.1,petrol,manual,suv,2.0,partial,1,Novosibirsk,47,4020.0,0
L101625,Volkswagen,2012,194786.0,1.6,petrol,automatic,suv,3.0,full,0,Sochi,1,5070.0,1
L100639,Skoda,2010,238119.0,2.2,petrol,manual,suv,2.0,full,1,Kazan,10,2560.0,1
L900036, Kia ,2019,121822.0,2.1,petrol,manual,sedan,4.0,full,0,Moscow,7,10290.0,1
L100134,Toyota,2017,202564.0,1.2,diesel,manual,sedan,1.0,none,0,Kazan,132,7280.0,0
L103428,Toyota,2016,,2.1,diesel,automatic,sedan,4.0,partial,0,Sochi,149,7980.0,0
L103448,Ford,2019,41885.0,1.8,petrol,automatic,hatchback,2.0,full,0,Moscow,5,12930.0,1
L102781,Toyota,2015,52244.0,1.8,petrol,automatic,hatchback,5.0,full,0,Novosibirsk,17,6230.0,1
L100951,Kia,2018,39649.0,1.6,PETROL,manual,sedan,3.0,partial,0,Sochi,94,9490.0,0
L100015,Renault,2019,182816.0,1.2,hybrid,manual,hatchback,1.0,full,0,Yekaterinburg,4,8200.0,1
L100916,Hyundai,2011,399039.0,1.7,petrol,manual,suv,1.0,full,0,Kazan,42,2720.0,0
L102696,Volkswagen,2018,124348.0,2.0,petrol,automatic,hatchback,2.0,partial,0,Moscow,53,9570.0,0
L103656,Renault,2007,181806.0,2.3,diesel,automatic,sedan,4.0,partial,1,Novosibirsk,77,1620.0,0
L100213,Volkswagen,2009,350087.0,1.8,petrol,automatic,hatchback,1.0,full,0,Sochi,48,2050.0,0
L102952,Toyota,2009,141526.0,2.2,petrol,manual,sedan,3.0,none,0,Moscow,9,2900.0,1
L101140, Renault ,2020,107500.0,2.9,hybrid,manual,hatchback,1.0,full,1,Novosibirsk,7,12740.0,1
L103233,Hyundai,2018,176176.0,2.4,petrol,automatic,hatchback,2.0,full,0,Moscow,9,10250.0,1
L102258,Volkswagen,2019,78900.0,1.7,hybrid,automatic,suv,3.0,full,0,Moscow,7,16910.0,1
L102034,Renault,2010,266026.0,1.5,petrol,automatic,hatchback,1.0,partial,0,Moscow,155,2190.0,0
L100387,Ford,2019,54212.0,1.7,hybrid,manual,wagon,2.0,full,0,Moscow,3,17210.0,1
L102865,Skoda,2013,198439.0,2.3,petrol,automatic,hatchback,2.0,,0,Kazan,57,3750.0,0
L101186,Ford,2017,237961.0,1.4,diesel,manual,suv,2.0,partial,1,Sochi,7,7490.0,1
L104095,Volkswagen,2014,218067.0,2.4,petrol,automatic,suv,1.0,full,0,Kazan,6,6680.0,1
L102822,Volkswagen,2015,345252.0,1.6,PETROL,manual,sedan,1.0,partial,0,Moscow,104,4270.0,0
L102864,BMW,2025,31509.0,1.7,petrol,manual,sedan,2.0,none,1,Sochi,59,29910.0,0
L101818,BMW,2012,231843.0,2.2,hybrid,automatic,sedan,2.0,full,0,Novosibirsk,2,4720.0,1
L100421,Ford,2015,123453.0,1.4,hybrid,automatic,sedan,3.0,full,0,kazan,90,5930.0,0
L100987,Hyundai,2016,118676.0,1.8,petrol,manual,sedan,1.0,partial,0,Moscow,3,7480.0,1
L103811,Volkswagen,2023,48250.0,2.2,petrol,manual,suv,3.0,none,0,Novosibirsk,48,23010.0,0
L101087,Kia,2017,88442.0,1.2,diesel,manual,sedan,1.0,partial,1,Yekaterinburg,49,8250.0,0
L101360,Toyota,2015,105925.0,2.0,petrol,automatic,hatchback,3.0,full,0,Novosibirsk,56,6400.0,0
L101467,Kia,2016,84329.0,1.4,petrol,manual,sedan,1.0,full,0,Kazan,48,8010.0,0
L103006,BMW,2012,170290.0,2.0,petrol,automatic,hatchback,,full,1,Moscow,8,6340.0,1
L102715,Skoda,2009,142006.0,1.5,petrol,automatic,wagon,1.0,full,0,Sochi,23,2850.0,1
L100919,Renault,2017,44030.0,,electric,automatic,suv,2.0,full,0,Moscow,9,15870.0,1
L101058,Kia,2025,2908.0,2.4,hybrid,automatic,wagon,1.0,full,0,Novosibirsk,9,39300.0,1
L103168,Kia,2013,277034.0,1.6,petrol,automatic,hatchback,1.0,partial,0,Novosibirsk,63,3210.0,0
L101741,BMW,2020,-1.0,2.1,petrol,automatic,hatchback,2.0,full,0,Novosibirsk,3,13580.0,1
L104143,Kia,2010,314248.0,2.2,diesel,automatic,hatchback,2.0,none,0,Moscow,16,2260.0,1
L101356,Skoda,2015,112308.0,1.4,diesel,automatic,suv,1.0,full,1,Yekaterinburg,8,4510.0,1
L102709,BMW,2016,54476.0,0.9,PETROL,automatic,sedan,2.0,partial,0,Yekaterinburg,47,8980.0,0
L102156,Renault,2013,109816.0,1.7,hybrid,automatic,hatchback,1.0,full,1,Kazan,8,4040.0,1
L103084,BMW,2017,107358.0,2.5,hybrid,automatic,sedan,3.0,none,0,Yekaterinburg,87,12380.0,0
L101931,Kia,2015,85142.0,1.1,diesel,automatic,,1.0,full,0,Kazan,4,6600.0,1
L102634,Kia,2021,29791.0,1.9,diesel,manual,sedan,1.0,full,0,Kazan,3,16130.0,1
L103596,Toyota,2020,89957.0,1.7,diesel,automatic,suv,2.0,partial,1,Moscow,79,14800.0,0
L102263,Ford,2018,169039.0,,ELECTRIC,automatic,hatchback,2.0,full,1,Yekaterinburg,49,7770.0,0
L101814,Toyota,2021,45141.0,,electric,automatic,hatchback,1.0,partial,0,Kazan,9,20200.0,1
L101660,Hyundai,2009,74885.0,2.6,petrol,manual,hatchback,3.0,full,0,Novosibirsk,3,2870.0,1
L103404,Toyota,2021,61722.0,1.7,diesel,manual,sedan,3.0,full,0,Sochi,87,20160.0,0
L101831,Renault,2020,187077.0,1.2,petrol,automatic,hatchback,2.0,full,0,Moscow,10,10610.0,1
L102085,Hyundai,2017,1035150.0,2.9,diesel,automatic,suv,1.0,full,0,Novosibirsk,54,10470.0,0
L101369,Volkswagen,2010,61522.0,1.7,petrol,manual,sedan,2.0,full,1,Moscow,59,4790.0,0
L103821,Ford,2010,226008.0,3.0,hybrid,manual,wagon,4.0,full,1,Moscow,96,3680.0,0
L101122,Volkswagen,2020,115368.0,2.4,hybrid,automatic,sedan,1.0,,1,Moscow,70,16490.0,0
L102027,Renault,2011,208484.0,1.5,PETROL,automatic,suv,3.0,partial,0,Novosibirsk,57,3880.0,0
L101181,BMW,2020,51135.0,2.2,petrol,automatic,suv,4.0,partial,0,Sochi,54,25760.0,0
L103406,Kia,2011,192370.0,2.2,petrol,automatic,hatchback,2.0,full,1,Novosibirsk,1,2690.0,1
L101518,Renault,2024,500.0,1.4,hybrid,automatic,hatchback,2.0,full,0,Kazan,2,22790.0,1
L101098,Ford,2024,53305.0,2.3,petrol,automatic,suv,1.0,partial,0,Kazan,73,26710.0,0
L101289,Toyota,2005,430000.0,1.8,petrol,automatic,hatchback,3.0,full,1,Sochi,14,940.0,1
L100878,Skoda,2011,157132.0,0.9,petrol,automatic,hatchback,1.0,partial,1,Moscow,57,3100.0,0
L103677,Ford,2014,118135.0,2.3,petrol,manual,sedan,1.0,full,1,Novosibirsk,11,4000.0,1
L104077,Ford,2014,127267.0,2.4,hybrid,manual,sedan,2.0,none,1,Yekaterinburg,94,4140.0,0
L102059,BMW,2021,,1.6,petrol,manual,hatchback,1.0,,0,Kazan,12,17660.0,1
L101379,Kia,2014,93430.0,0.9,diesel,automatic,suv,3.0,partial,0,Sochi,109,6540.0,0
L101051,Volkswagen,2013,175839.0,1.8,petrol,automatic,sedan,2.0,partial,0,Yekaterinburg,15,4410.0,1
L101448,BMW,2012,205500.0,3.0,petrol,automatic,wagon,3.0,partial,0,Moscow,47,7210.0,0
L103096,Toyota,2024,11640.0,1.7,petrol,automatic,suv,2.0,full,0,Moscow,61,35770.0,0
L102378,Volkswagen,2014,192260.0,1.7,petrol,manual,wagon,,full,0,Sochi,6,6030.0,1
L103607,Ford,2010,332387.0,,electric,automatic,sedan,1.0,partial,0,Novosibirsk,69,2560.0,0
L102962,Toyota,2007,410068.0,1.7,hybrid,manual,sedan,3.0,,1,Moscow,7,1550.0,1
L100703,Hyundai,2018,,1.5,petrol,manual,hatchback,2.0,full,0,Kazan,66,6420.0,0
L100305,Toyota,2017,122755.0,1.6,diesel,automatic,sedan,1.0,partial,0,Kazan,93,9250.0,0
L103837,Hyundai,2015,181767.0,1.2,diesel,manual,hatchback,3.0,full,0,Kazan,1,4130.0,1
L103473,Skoda,2012,174279.0,1.3,petrol,automatic,,3.0,,0,Moscow,1,4380.0,1
L101664,Skoda,2016,163523.0,1.4,hybrid,manual,hatchback,2.0,partial,1,Moscow,4,7720.0,1
L900038,Toyota,2018,86392.0,1.5,petrol,automatic,sedan,2.0,partial,1,Kazan,3,7200.0,1
L100380,Kia,2016,163680.0,2.0,petrol,automatic,sedan,1.0,partial,0,Kazan,1,7370.0,1
L101192,Volkswagen,2017,86536.0,1.7,diesel,automatic,suv,1.0,partial,0,Kazan,9,12670.0,1
L103358,Toyota,2018,142623.0,1.4,diesel,automatic,suv,1.0,partial,1,Moscow,74,10780.0,0
L101918,Skoda,2015,96901.0,2.5,diesel,automatic,hatchback,1.0,partial,0,Kazan,11,9020.0,1
L100638,Ford,2018,143793.0,2.2,hybrid,automatic,sedan,2.0,full,0,Moscow,6,14060.0,1
L100809,Volkswagen,2022,44646.0,1.8,diesel,manual,sedan,2.0,full,0,Kazan,65,18190.0,0
L102701,Toyota,2012,185150.0,2.3,petrol,automatic,hatchback,1.0,full,1,Kazan,51,4130.0,0
L104062,Toyota,2014,230184.0,1.8,petrol,manual,hatchback,1.0,none,0,Moscow,31,5510.0,0
L101038,Renault,2014,221111.0,2.4,hybrid,automatic,wagon,2.0,,0,Moscow,17,4710.0,1
L103260,Renault,2025,20122.0,0.9,hybrid,manual,suv,1.0,partial,0,Moscow,64,34540.0,0
L102700,Volkswagen,2018,136257.0,2.2,petrol,manual,sedan,,none,0,Moscow,74,9080.0,0
L101703,Renault,2013,242758.0,1.3,petrol,manual,suv,2.0,partial,1,Moscow,4,4020.0,1
L100436,Ford,2014,117405.0,2.0,petrol,automatic,hatchback,1.0,partial,0,Kazan,8,5310.0,1
L104184,Renault,2018,187099.0,1.4,diesel,manual,hatchback,2.0,full,1,Moscow,57,6170.0,0
L102051,Renault,2013,165948.0,1.6,hybrid,automatic,hatchback,2.0,full,1,Moscow,24,5020.0,1
L100884,BMW,2022,57930.0,1.3,petrol,manual,sedan,2.0,none,0,Sochi,42,20560.0,0
L100846,Volkswagen,2016,104956.0,2.2,diesel,manual,wagon,1.0,partial,1,Yekaterinburg,10,7440.0,1
L102464,Hyundai,2016,125983.0,2.3,hybrid,manual,suv,4.0,full,0,Moscow,15,10860.0,1
L100961,BMW,2017,71873.0,1.5,diesel,automatic,hatchback,2.0,full,0,Moscow,82,17430.0,0
L103080,Volkswagen,2021,72839.0,1.3,petrol,automatic,sedan,3.0,partial,0,Yekaterinburg,37,13320.0,0
L102826,Hyundai,2016,57532.0,1.1,petrol,automatic,wagon,1.0,partial,0,Moscow,10,8270.0,1
L102697,Volkswagen,2013,105901.0,,electric,automatic,hatchback,2.0,full,0,Kazan,56,7140.0,0
L101999,Volkswagen,2013,191572.0,2.3,petrol,manual,hatchback,1.0,full,0,Kazan,16,4420.0,1
L102455,Toyota,2016,288974.0,2.3,petrol,manual,sedan,3.0,full,0,Novosibirsk,84,5490.0,0
L102635,Volkswagen,2014,170921.0,2.0,petrol,automatic,sedan,3.0,full,1,Sochi,75,4680.0,0
L103590,Kia,2014,,1.8,diesel,manual,,3.0,partial,0,Kazan,126,3360.0,0
L104015,Toyota,2012,300939.0,2.0,petrol,manual,suv,1.0,none,0,novosibirsk,5,4650.0,1
L900053,Renault,2018,90267.0,1.9,diesel,automatic,sedan,,full,0,Moscow,11,10100.0,1
L102844,Hyundai,2016,144917.0,2.0,petrol,manual,hatchback,1.0,full,1,Novosibirsk,2,5500.0,1
L103911, Renault ,2020,142084.0,1.5,hybrid,automatic,hatchback,1.0,full,0,Novosibirsk,79,12710.0,0
L103064,Volkswagen,2014,269788.0,2.1,petrol,manual,sedan,3.0,partial,0,Sochi,42,4380.0,0
L101868,Volkswagen,2013,107612.0,1.6,petrol,automatic,hatchback,2.0,,0,Novosibirsk,3,4420.0,1
L101216,Ford,2019,88797.0,,electric,automatic,sedan,2.0,full,0,Kazan,8,13500.0,1
L102197,Toyota,2011,,2.0,petrol,manual,hatchback,2.0,partial,0,Novosibirsk,71,3590.0,0
L103697,BMW,2010,149682.0,1.5,petrol,manual,hatchback,3.0,partial,1,Moscow,15,3550.0,1
L103988, Hyundai ,2025,22230.0,2.0,petrol,manual,suv,1.0,partial,0,Kazan,60,29550.0,0
L103369,Hyundai,2019,105781.0,1.4,petrol,manual,wagon,3.0,partial,0,Kazan,59,8410.0,0
L103506,Renault,2015,152167.0,1.6,petrol,automatic,sedan,2.0,full,0,Kazan,46,5240.0,0
L100299,Renault,2014,217501.0,1.5,petrol,automatic,suv,1.0,partial,0,Yekaterinburg,4,4550.0,1
L103382,BMW,2013,355910.0,1.8,petrol,manual,suv,3.0,full,0,Kazan,20,3330.0,1
L103529, Kia ,2015,202883.0,1.6,petrol,manual,sedan,1.0,full,0,Moscow,6,4760.0,1
L100887,BMW,2013,89322.0,1.7,petrol,automatic,suv,2.0,partial,0,Kazan,84,8070.0,0
L104037,Skoda,2020,90833.0,2.2,petrol,manual,suv,2.0,none,0,Moscow,9,14360.0,1
L102288,Hyundai,2012,-1.0,2.8,petrol,manual,sedan,2.0,none,0,Novosibirsk,4,4150.0,1
L102247,Renault,2018,109079.0,2.4,hybrid,manual,hatchback,1.0,partial,0,Kazan,126,8480.0,0
L103929,Hyundai,2025,,1.5,diesel,manual,hatchback,1.0,none,0,Novosibirsk,7,22890.0,1
L102093,Renault,2015,362140.0,2.2,diesel,automatic,sedan,1.0,partial,0,Kazan,13,3950.0,1
L102447,Toyota,2021,74255.0,1.2,petrol,manual,wagon,1.0,full,0,Kazan,96,17620.0,0
L104149,Renault,2012,146246.0,2.2,petrol,automatic,suv,3.0,full,0,Moscow,6,5940.0,1
L102185,BMW,2015,,2.3,diesel,manual,sedan,3.0,full,0,Moscow,15,9590.0,1
L102593,Ford,2014,204566.0,2.1,diesel,manual,wagon,1.0,partial,0,Sochi,82,4460.0,0
L103107,Renault,2017,82799.0,1.6,petrol,automatic,sedan,2.0,none,0,Sochi,130,7490.0,0
L101189,Kia,2015,89437.0,2.4,petrol,manual,wagon,3.0,partial,0,Sochi,18,7500.0,1
L101054,Volkswagen,2012,147359.0,1.4,petrol,manual,wagon,2.0,full,0,Kazan,6,3520.0,1
L103667,Renault,2013,404894.0,1.8,petrol,manual,sedan,3.0,full,0,Novosibirsk,104,1770.0,0
L102582,Kia,2019,70732.0,1.4,petrol,manual,sedan,4.0,full,0,Yekaterinburg,50,9620.0,0
L103962,Hyundai,2019,98145.0,2.7,diesel,automatic,suv,2.0,full,0,Yekaterinburg,4,16100.0,1
L100381,Ford,2014,215356.0,,electric,automatic,sedan,2.0,full,1,Sochi,18,5400.0,1
L100205,Skoda,2018,60828.0,1.4,petrol,manual,sedan,2.0,none,1,Sochi,67,7970.0,0
L900011,Renault,2019,70187.0,2.6,petrol,manual,wagon,2.0,full,0,Kazan,10,11300.0,1
L101832,Toyota,2017,131349.0,,electric,automatic,hatchback,2.0,partial,0,Novosibirsk,3,9950.0,1
L103997,Toyota,2015,274374.0,1.8,petrol,automatic,suv,2.0,full,0,Kazan,2,7270.0,1
L103314,Kia,2017,73497.0,1.3,diesel,automatic,sedan,3.0,none,0,Sochi,8,8550.0,1
L102686,BMW,2018,54376.0,1.6,petrol,manual,sedan,2.0,partial,0,Moscow,56,17170.0,0
L101908,Toyota,2010,122875.0,1.8,diesel,automatic,suv,2.0,,0,Kazan,64,4420.0,0
L102496,Volkswagen,2010,311803.0,1.5,petrol,manual,wagon,1.0,full,0,Sochi,61,2930.0,0
L100510,Kia,2014,150409.0,1.4,diesel,manual,sedan,2.0,full,0,Yekaterinburg,13,5450.0,1
L102471,Volkswagen,2020,81575.0,1.3,petrol,automatic,wagon,3.0,full,0,Moscow,4,15790.0,1
L102054,Kia,2021,67030.0,1.4,petrol,automatic,hatchback,1.0,partial,0,Kazan,13,13650.0,1
L101121,Volkswagen,2018,97052.0,1.9,petrol,automatic,suv,2.0,none,1,Yekaterinburg,90,9150.0,0
L103482,Toyota,2016,125588.0,1.6,diesel,manual,wagon,1.0,partial,0,Moscow,14,8730.0,1
L102206,Renault,2012,141702.0,2.1,petrol,manual,suv,1.0,partial,1,Moscow,4,5420.0,1
L101588,Volkswagen,2012,143413.0,1.4,petrol,manual,wagon,1.0,full,0,Novosibirsk,17,4540.0,1
L103258,Ford,2015,217656.0,0.9,petrol,automatic,hatchback,2.0,full,1,Moscow,111,3920.0,0
L100032,Ford,2016,166789.0,2.0,petrol,automatic,wagon,2.0,full,0,Sochi,4,6840.0,1
L104166,BMW,2019,109632.0,1.4,diesel,automatic,sedan,2.0,full,0,Kazan,77,15940.0,0
L102204,Ford,2016,309967.0,2.6,HYBRID,manual,sedan,3.0,partial,0,Novosibirsk,61,4390.0,0
L102569,Volkswagen,2016,140562.0,1.8,PETROL,manual,suv,2.0,full,1,Novosibirsk,53,6960.0,0
L102006,Toyota,2019,119052.0,2.3,petrol,automatic,wagon,1.0,partial,1,Novosibirsk,12,12050.0,1
L101358,Toyota,2022,29797.0,2.7,petrol,automatic,suv,3.0,full,0,Yekaterinburg,59,23800.0,0
L102538,Toyota,2012,85520.0,1.7,petrol,manual,suv,1.0,partial,0,Moscow,64,5650.0,0
L101598,Kia,2015,90389.0,1.6,petrol,automatic,wagon,1.0,partial,0,Moscow,60,7040.0,0
L101004,Renault,2014,108855.0,1.7,diesel,manual,hatchback,1.0,none,0,Yekaterinburg,77,4700.0,0
L101282,Hyundai,2010,407406.0,1.6,petrol,manual,sedan,2.0,partial,1,Yekaterinburg,57,1480.0,0
L103243,Volkswagen,2019,137729.0,,electric,automatic,sedan,2.0,none,0,Moscow,1,17240.0,1
L103287,BMW,2018,170957.0,1.4,petrol,manual,sedan,3.0,full,1,Moscow,3,10320.0,1
L102641,Renault,2014,208447.0,1.7,petrol,manual,hatchback,1.0,partial,0,Novosibirsk,10,3550.0,1
L101571,Kia,2011,266132.0,1.6,hybrid,manual,suv,2.0,full,0,Moscow,11,4200.0,1
L101260,Kia,2018,48006.0,1.6,diesel,automatic,sedan,,full,0,Yekaterinburg,1,9730.0,1
L104089,Hyundai,2015,142064.0,2.2,petrol,manual,suv,1.0,full,0,Kazan,1,8030.0,1
L101047,Skoda,2015,53017.0,1.7,diesel,manual,wagon,1.0,none,0,Moscow,55,8370.0,0
L104044,BMW,2006,180054.0,1.5,petrol,automatic,hatchback,2.0,none,0,Moscow,83,2640.0,0
L102670,BMW,2019,47949.0,2.2,petrol,automatic,sedan,5.0,full,0,Novosibirsk,63,16460.0,0
L100994,Skoda,2019,132629.0,2.1,petrol,manual,sedan,,partial,1,Moscow,1,10570.0,1
L100350,Renault,2023,57948.0,1.7,petrol,automatic,suv,2.0,none,0,Novosibirsk,3,17090.0,1
L100406,Toyota,2013,191882.0,1.7,petrol,automatic,sedan,2.0,full,0,Kazan,76,5060.0,0
L100939,Skoda,2022,29753.0,1.7,petrol,manual,sedan,2.0,full,0,Yekaterinburg,3,16360.0,1
L100545,Skoda,2015,130532.0,2.1,hybrid,automatic,hatchback,,partial,0,Yekaterinburg,85,6980.0,0
L100459,Hyundai,2019,137133.0,2.3,petrol,automatic,sedan,2.0,,0,Novosibirsk,7,10610.0,1
L103880,Skoda,2006,378929.0,2.1,DIESEL,automatic,sedan,1.0,partial,1,Yekaterinburg,108,1260.0,0
L103804,Volkswagen,2016,254479.0,,electric,automatic,sedan,2.0,full,1,Kazan,4,7710.0,1
L102386,BMW,2010,269620.0,1.8,petrol,automatic,sedan,3.0,full,0,Moscow,6,4840.0,1
L100681,BMW,2014,391555.0,1.8,hybrid,manual,wagon,2.0,full,0,Sochi,8,5880.0,1
L100895,BMW,2014,40694.0,2.5,petrol,automatic,suv,1.0,partial,0,Kazan,4,10090.0,1
L101917,BMW,2016,135320.0,1.8,diesel,manual,hatchback,3.0,full,0,Moscow,2,9430.0,1
L100153,Toyota,2015,150598.0,1.7,petrol,automatic,wagon,2.0,full,0,Kazan,1,7370.0,1
L100122,Ford,2014,123594.0,1.2,diesel,automatic,sedan,1.0,partial,0,Moscow,79,7370.0,0
L101191,Kia,2015,195870.0,1.3,hybrid,manual,suv,5.0,full,0,Moscow,44,7700.0,0
L102168,Volkswagen,2008,294941.0,1.6,diesel,automatic,hatchback,2.0,full,0,Novosibirsk,46,1780.0,0
L103953,Ford,2018,67892.0,2.4,diesel,manual,sedan,,full,0,Yekaterinburg,21,9790.0,1
L102894,Renault,2015,159900.0,1.6,petrol,automatic,sedan,2.0,full,1,Novosibirsk,5,3650.0,1
L101606,Ford,2010,116559.0,1.9,petrol,manual,suv,3.0,full,1,Moscow,52,3150.0,0
L102648,Kia,2020,68459.0,1.6,petrol,automatic,wagon,3.0,none,0,Sochi,97,9680.0,0
L102511,Ford,2017,146067.0,2.2,petrol,manual,,4.0,partial,0,Moscow,5,7090.0,1
L103890,Hyundai,2017,124248.0,2.1,petrol,automatic,suv,2.0,partial,0,Kazan,194,8590.0,0
L103611,Hyundai,2016,104979.0,1.6,PETROL,automatic,suv,2.0,partial,0,Kazan,6,8170.0,1
L103600,Hyundai,2019,99010.0,2.0,petrol,automatic,hatchback,4.0,full,0,Moscow,4,11860.0,1
L101841,Volkswagen,2016,57621.0,1.8,diesel,manual,hatchback,2.0,full,0,Yekaterinburg,16,8510.0,1
L101166,Kia,2016,156609.0,1.4,diesel,automatic,hatchback,2.0,partial,0,Moscow,2,6070.0,1
L101543,Toyota,2007,260689.0,1.6,hybrid,automatic,wagon,4.0,partial,1,Novosibirsk,71,1870.0,0
L104119,Kia,2013,159424.0,2.1,petrol,automatic,hatchback,1.0,full,0,Moscow,14,5410.0,1
L101258,Hyundai,2024,26846.0,1.7,petrol,automatic,hatchback,2.0,partial,0,Moscow,83,23680.0,0
L103464,Skoda,2019,99835.0,1.6,petrol,manual,suv,5.0,partial,1,Moscow,74,12180.0,0
L100586,Skoda,2012,129963.0,,electric,automatic,sedan,5.0,full,1,Kazan,74,4380.0,0
L101904,Toyota,2018,291034.0,2.6,petrol,manual,hatchback,,full,0,Yekaterinburg,8,5240.0,1
L101273,Hyundai,2025,9929.0,0.9,diesel,automatic,hatchback,1.0,none,0,kazan,6,20670.0,1
L101769,Ford,2016,122240.0,1.8,petrol,automatic,sedan,3.0,partial,0,Moscow,4,7080.0,1
L100946,BMW,2012,129057.0,2.7,petrol,manual,hatchback,3.0,partial,1,Moscow,10,6210.0,1
L103882,Toyota,2018,187070.0,1.2,diesel,automatic,hatchback,3.0,full,0,Moscow,12,9970.0,1
L104076,Volkswagen,2012,123553.0,,electric,automatic,sedan,3.0,full,0,Moscow,4,7150.0,1
L102893,Kia,2024,42686.0,1.8,petrol,manual,hatchback,2.0,none,0,Yekaterinburg,53,15200.0,0
L101647,Renault,2018,88419.0,1.5,diesel,manual,hatchback,1.0,full,0,Kazan,5,8620.0,1
L102570,Hyundai,2014,1291910.0,2.2,petrol,automatic,sedan,2.0,full,1,Sochi,68,4790.0,0
L103429,Volkswagen,2012,205196.0,1.8,petrol,automatic,wagon,2.0,none,0,Moscow,69,4050.0,0
L100197,Hyundai,2020,111677.0,2.8,petrol,manual,hatchback,2.0,partial,0,Moscow,8,12030.0,1
L103278,Kia,2022,51129.0,1.0,petrol,automatic,wagon,4.0,full,1,Kazan,78,15270.0,0
L100150,Toyota,2006,196059.0,2.2,diesel,automatic,sedan,3.0,partial,0,Novosibirsk,107,2040.0,0
L102576,Toyota,2021,43476.0,2.2,diesel,manual,sedan,1.0,none,0,Sochi,90,15460.0,0
L102738,Volkswagen,2014,166046.0,1.6,petrol,automatic,hatchback,2.0,full,0,Kazan,12,5070.0,1
L100180,BMW,2018,237575.0,1.9,diesel,automatic,hatchback,1.0,full,0,Kazan,92,9090.0,0
L103363,Toyota,2005,430000.0,1.9,diesel,automatic,sedan,4.0,full,0,Novosibirsk,93,900.0,0
L101804,Renault,2022,17013.0,1.9,petrol,automatic,sedan,3.0,,0,Moscow,3,21970.0,1
L100992,Ford,2012,233331.0,1.9,diesel,manual,wagon,2.0,full,0,Moscow,12,3990.0,1
L103745,Volkswagen,2016,212101.0,1.7,petrol,automatic,wagon,1.0,full,0,Novosibirsk,1,6710.0,1
L102880,Volkswagen,2016,288555.0,2.1,petrol,automatic,hatchback,2.0,full,0,Sochi,8,4810.0,1
L101565,BMW,2016,163348.0,1.9,hybrid,manual,sedan,2.0,,0,Novosibirsk,78,9690.0,0
L103246,Renault,2018,174113.0,1.8,petrol,manual,sedan,2.0,full,0,Kazan,48,8310.0,0
L103767,Hyundai,2021,130154.0,1.5,petrol,manual,sedan,5.0,none,1,Novosibirsk,48,7480.0,0
L102698,Ford,2013,,1.9,petrol,automatic,suv,2.0,full,0,Yekaterinburg,12,4530.0,1
L100257,Kia,2014,85198.0,2.3,petrol,automatic,hatchback,1.0,partial,0,Yekaterinburg,18,6430.0,1
L100392,Skoda,2007,226311.0,1.3,petrol,automatic,sedan,1.0,partial,0,Sochi,3,1930.0,1
L101441,BMW,2020,59900.0,2.4,petrol,manual,hatchback,2.0,full,0,Sochi,12,17500.0,1
L103093,Hyundai,2019,143218.0,1.2,petrol,automatic,sedan,1.0,none,0,Sochi,6,9880.0,1
L103005,Volkswagen,2017,139694.0,1.8,diesel,manual,hatchback,2.0,,0,Sochi,4,7810.0,1
L101272,Hyundai,2017,177040.0,1.8,diesel,manual,hatchback,5.0,partial,0,Kazan,86,6040.0,0
L103384,BMW,2012,430000.0,1.5,diesel,automatic,sedan,4.0,full,1,Yekaterinburg,2,2560.0,1
L103790,Skoda,2025,7984.0,1.9,diesel,manual,hatchback,1.0,full,0,Moscow,1,35600.0,1
L104121,Toyota,2012,186646.0,,electric,automatic,suv,1.0,partial,0,Sochi,134,7020.0,0
L101505,Ford,2024,19901.0,2.0,diesel,automatic,sedan,4.0,full,0,Kazan,12,24000.0,1
L100474,Kia,2020,51721.0,1.6,petrol,manual,hatchback,1.0,partial,0,Novosibirsk,76,12340.0,0
L103300,Renault,2019,104682.0,1.8,petrol,manual,hatchback,1.0,none,0,Kazan,14,8510.0,1
L100118,Hyundai,2025,21216.0,1.9,hybrid,manual,wagon,4.0,partial,1,Yekaterinburg,66,26380.0,0
L100178,Volkswagen,2019,62035.0,2.3,hybrid,automatic,sedan,1.0,full,0,Kazan,7,14630.0,1
L103436,Kia,2022,33303.0,1.4,petrol,automatic,sedan,1.0,partial,1,Novosibirsk,99,16190.0,0
L103409,Toyota,2014,134884.0,,electric,automatic,wagon,1.0,full,0,Moscow,5,9930.0,1
L100686,Volkswagen,2019,165326.0,2.0,petrol,automatic,suv,,full,0,Novosibirsk,8,10390.0,1
L101633,BMW,2014,174619.0,1.8,diesel,automatic,suv,3.0,partial,0,Moscow,126,10070.0,0
L102345,Toyota,2022,40277.0,2.9,petrol,automatic,suv,2.0,full,0,Moscow,2,29640.0,1
L103935,Volkswagen,2012,,1.9,hybrid,manual,sedan,2.0,partial,1,Moscow,8,4980.0,1
L101789,Hyundai,2015,117828.0,1.5,petrol,automatic,suv,4.0,none,1,Novosibirsk,88,4730.0,0
L101698,BMW,2011,180654.0,2.4,petrol,automatic,wagon,,full,1,Moscow,12,5770.0,1
L100761,BMW,2016,174799.0,2.9,petrol,manual,suv,2.0,full,0,Kazan,3,11960.0,1
L101966,Skoda,2023,61193.0,2.2,diesel,automatic,sedan,3.0,full,0,Moscow,9,21690.0,1
L104181,BMW,2016,89837.0,1.6,hybrid,manual,sedan,1.0,full,0,Moscow,69,16590.0,0
L102157,Volkswagen,2018,283403.0,1.6,petrol,automatic,sedan,1.0,partial,1,Yekaterinburg,65,6010.0,0
L101437,Ford,2017,46957.0,2.3,petrol,automatic,suv,1.0,partial,0,Yekaterinburg,6,13040.0,1
L101663,Toyota,2016,134212.0,1.8,petrol,manual,sedan,2.0,full,0,Moscow,34,9890.0,0
L100064,Skoda,2015,176075.0,1.6,petrol,automatic,sedan,2.0,none,1,Kazan,120,4290.0,0
L102590,BMW,2010,167462.0,0.9,petrol,automatic,hatchback,1.0,,1,Novosibirsk,72,3590.0,0
L103377,Skoda,2022,72226.0,1.7,PETROL,automatic,wagon,2.0,none,0,Kazan,107,15140.0,0
L100935,Renault,2020,143633.0,2.3,petrol,automatic,sedan,2.0,partial,0,Moscow,18,9940.0,1
L100649,Toyota,2017,70654.0,1.0,hybrid,automatic,sedan,2.0,none,1,Yekaterinburg,75,7870.0,0
L103686,BMW,2014,343850.0,1.2,petrol,automatic,suv,2.0,full,0,Moscow,64,7420.0,0
L102760,Kia,2019,73295.0,1.3,diesel,manual,hatchback,3.0,partial,0,Sochi,76,10300.0,0
L104123,Ford,2017,46100.0,1.9,diesel,manual,sedan,3.0,full,1,Kazan,7,6610.0,1
L103092,Ford,2016,69247.0,1.8,petrol,automatic,hatchback,3.0,none,1,Moscow,45,6900.0,0
L101384,Ford,2012,191056.0,1.2,diesel,manual,hatchback,4.0,full,0,Moscow,95,3290.0,0
L101242,Skoda,2012,220271.0,2.3,DIESEL,manual,hatchback,3.0,full,0,Kazan,124,3230.0,0
L101034,Toyota,2017,,2.6,petrol,automatic,hatchback,3.0,none,0,Moscow,61,8350.0,0
L100732,Toyota,2020,27019.0,1.5,petrol,manual,hatchback,1.0,partial,0,Novosibirsk,39,12890.0,0
L102965,Volkswagen,2018,117806.0,2.2,diesel,automatic,hatchback,2.0,full,1,Moscow,7,11620.0,1
L103173,Volkswagen,2023,38293.0,1.7,petrol,manual,wagon,3.0,full,0,Sochi,57,24710.0,0
L100684,Volkswagen,2021,110133.0,2.1,petrol,automatic,suv,1.0,partial,0,Yekaterinburg,3,15900.0,1
L100139,Volkswagen,2015,119670.0,1.5,petrol,automatic,hatchback,1.0,partial,0,Novosibirsk,75,5910.0,0
L100223,Renault,2014,100978.0,1.7,petrol,automatic,hatchback,4.0,full,0,Novosibirsk,6,4740.0,1
L102123,Ford,2012,291032.0,2.7,petrol,manual,sedan,2.0,partial,0,Moscow,16,4270.0,1
L101881,Volkswagen,2014,225471.0,1.1,petrol,automatic,sedan,2.0,full,0,Moscow,3,5190.0,1
L103624,Volkswagen,2017,140005.0,2.0,petrol,automatic,suv,2.0,full,1,Novosibirsk,93,9280.0,0
L103465,Hyundai,2014,95660.0,0.9,PETROL,automatic,suv,4.0,,0,Moscow,6,6950.0,1
L101484,Kia,2017,206851.0,2.8,diesel,manual,hatchback,2.0,,0,Moscow,32,7160.0,0
L102930,Toyota,2014,88441.0,2.1,petrol,automatic,sedan,5.0,partial,1,Moscow,82,5080.0,0
L101824,Kia,2013,130918.0,,electric,automatic,hatchback,1.0,partial,1,sochi,33,5590.0,0
L100068,Skoda,2017,73459.0,2.4,petrol,automatic,hatchback,1.0,partial,0,Kazan,57,9160.0,0
L103736,Volkswagen,2010,318368.0,1.7,HYBRID,automatic,sedan,3.0,none,1,yekaterinburg,42,2170.0,0
L103277,Toyota,2018,33693.0,1.6,petrol,automatic,hatchback,2.0,full,0,Moscow,7,13320.0,1
L100643,Hyundai,2009,299240.0,,electric,automatic,suv,5.0,,1,Yekaterinburg,87,2480.0,0
L103380,Volkswagen,2018,144081.0,,electric,automatic,hatchback,2.0,partial,0,Yekaterinburg,91,12330.0,0
L100588,Hyundai,2019,50871.0,,electric,automatic,sedan,2.0,partial,0,Sochi,107,19100.0,0
L103109,Renault,2019,78306.0,2.6,diesel,automatic,sedan,2.0,full,0,Kazan,9,9070.0,1
L103579,Toyota,2017,176995.0,1.9,diesel,manual,sedan,1.0,full,1,Novosibirsk,19,6660.0,1
L103432,Toyota,2017,65324.0,2.5,petrol,manual,sedan,2.0,full,0,Yekaterinburg,49,9350.0,0
L101550,Skoda,2011,141826.0,1.8,petrol,automatic,suv,1.0,full,1,Moscow,12,4200.0,1
L101855,Kia,2008,130636.0,1.4,diesel,manual,sedan,3.0,full,0,Novosibirsk,86,2480.0,0
L101597,Kia,2021,88852.0,,electric,automatic,sedan,2.0,,0,Moscow,5,20030.0,1
L103357,Hyundai,2012,143919.0,2.2,PETROL,automatic,sedan,3.0,partial,0,Moscow,4,4590.0,1
L101717,Volkswagen,2013,292440.0,2.4,hybrid,manual,suv,1.0,partial,0,Novosibirsk,4,4730.0,1
L102756,Toyota,2015,151556.0,1.5,petrol,manual,hatchback,2.0,partial,1,Sochi,115,6140.0,0
L103196,Hyundai,2019,133571.0,1.4,petrol,manual,suv,2.0,full,0,Moscow,20,12960.0,1
L102671,Kia,2016,157132.0,1.7,petrol,automatic,sedan,2.0,full,0,Moscow,6,6300.0,1
L102771,Ford,2016,160833.0,1.4,petrol,automatic,suv,2.0,partial,1,Sochi,2,6860.0,1
L104099,BMW,2017,124304.0,1.3,diesel,manual,suv,3.0,full,1,Novosibirsk,74,12010.0,0
L103798,Skoda,2019,115939.0,1.7,hybrid,manual,hatchback,3.0,full,0,Yekaterinburg,64,11890.0,0
L102975,Kia,2018,97336.0,2.3,petrol,automatic,sedan,1.0,partial,1,Sochi,59,9050.0,0
L103843,BMW,2015,57284.0,0.9,diesel,automatic,suv,1.0,partial,0,Novosibirsk,15,9720.0,1
L102443, BMW ,2017,113640.0,2.0,diesel,automatic,hatchback,3.0,none,0,Kazan,89,13140.0,0
L100839,Toyota,2022,36836.0,1.9,petrol,automatic,sedan,3.0,partial,0,Sochi,129,18210.0,0
L101613,Renault,2016,133450.0,2.3,petrol,automatic,sedan,2.0,full,0,Moscow,6,10880.0,1
L101208,Volkswagen,2011,145341.0,2.8,diesel,manual,suv,2.0,none,1,Kazan,80,3240.0,0
L104110,Toyota,2014,214732.0,1.6,diesel,manual,hatchback,1.0,none,1,Yekaterinburg,3,3910.0,1
L103127,Skoda,2021,109823.0,1.0,petrol,manual,suv,1.0,full,0,Kazan,212,18340.0,0
L101314,Kia,2015,210003.0,0.9,hybrid,manual,sedan,2.0,none,0,Moscow,43,5900.0,0
L102526,Toyota,2012,32059.0,2.7,petrol,automatic,hatchback,1.0,full,0,Moscow,9,7830.0,1
L100010,Volkswagen,2011,108669.0,1.4,PETROL,automatic,suv,3.0,full,0,Yekaterinburg,3,5450.0,1
L100165,Toyota,2013,40623.0,1.8,petrol,manual,suv,3.0,partial,0,Sochi,101,7480.0,0
L101972,Skoda,2016,111928.0,,electric,automatic,sedan,1.0,full,1,Moscow,6,12370.0,1
L100555, Skoda ,2025,9166.0,1.7,petrol,automatic,hatchback,2.0,full,0,Kazan,5,30190.0,1
L104192,Toyota,2016,131111.0,2.1,diesel,automatic,wagon,1.0,full,1,moscow,116,9010.0,0
L100115,Kia,2005,330766.0,2.0,petrol,automatic,suv,2.0,,1,Novosibirsk,6,1140.0,1
L100682,BMW,2012,131560.0,1.6,petrol,automatic,sedan,1.0,full,1,Moscow,13,7030.0,1
L100310,Ford,2020,103398.0,0.9,hybrid,automatic,hatchback,2.0,none,1,Novosibirsk,2,10910.0,1
L104193,Volkswagen,2005,291073.0,1.8,hybrid,manual,hatchback,2.0,full,0,Kazan,61,1530.0,0
L100475,Toyota,2018,53229.0,2.0,petrol,automatic,hatchback,1.0,partial,0,Kazan,2,9550.0,1
L102468,Toyota,2016,123280.0,3.8,petrol,automatic,suv,1.0,full,0,Novosibirsk,4,10100.0,1
L101222,Kia,2009,279374.0,1.7,petrol,manual,suv,1.0,partial,1,Kazan,45,2100.0,0
L102602,BMW,2011,93335.0,1.5,petrol,manual,suv,3.0,partial,1,Moscow,121,6290.0,0
L100879,Volkswagen,2015,184824.0,1.5,petrol,automatic,sedan,2.0,partial,0,Sochi,59,6110.0,0
L103385,BMW,2015,171155.0,1.5,diesel,manual,hatchback,2.0,full,0,Novosibirsk,60,7170.0,0
L100218,Hyundai,2016,,1.3,petrol,automatic,hatchback,3.0,full,0,Moscow,12,7920.0,1
L100211,Volkswagen,2012,351727.0,1.7,diesel,manual,suv,2.0,none,0,Novosibirsk,70,2560.0,0
L102682,Kia,2013,184365.0,0.9,petrol,automatic,suv,2.0,full,0,Moscow,11,5400.0,1
L101666,Volkswagen,2016,149307.0,1.1,diesel,manual,hatchback,2.0,full,0,Novosibirsk,125,5660.0,0
L102102,Kia,2016,42261.0,0.9,petrol,manual,wagon,4.0,partial,0,Moscow,16,8070.0,1
L103126,BMW,2017,102933.0,0.9,petrol,automatic,sedan,2.0,full,1,Yekaterinburg,70,7300.0,0
L101555,Volkswagen,2023,74053.0,1.9,petrol,automatic,suv,3.0,full,0,Yekaterinburg,2,17750.0,1
L103850,Renault,2017,197054.0,1.0,petrol,automatic,hatchback,1.0,none,0,Sochi,61,5680.0,0
L100648,Skoda,2017,178548.0,1.8,diesel,manual,sedan,3.0,partial,0,Novosibirsk,4,7560.0,1
L102886,Volkswagen,2020,60165.0,1.3,petrol,automatic,hatchback,1.0,full,0,Yekaterinburg,6,11920.0,1
L102019,Ford,2009,232555.0,2.1,diesel,automatic,hatchback,2.0,,1,Moscow,169,2460.0,0
L104074,Skoda,2018,96472.0,1.8,petrol,automatic,wagon,1.0,,0,Sochi,4,10250.0,1
L101594,Hyundai,2014,262091.0,1.8,diesel,automatic,suv,1.0,full,0,Moscow,5,7190.0,1
L101012,Hyundai,2018,105760.0,1.4,petrol,automatic,sedan,2.0,none,0,Kazan,111,8500.0,0
L103394,Ford,2018,58429.0,1.6,hybrid,manual,sedan,2.0,full,1,Moscow,3,10430.0,1
L101353, Hyundai ,2015,230756.0,1.4,hybrid,manual,wagon,1.0,none,0,Moscow,87,5920.0,0
L101915,Hyundai,2013,430000.0,2.4,hybrid,manual,hatchback,1.0,full,1,Kazan,81,2460.0,0
L101516,Toyota,2013,43251.0,2.1,petrol,automatic,wagon,3.0,full,0,Moscow,3,6690.0,1
L102766,Hyundai,2014,161968.0,2.3,petrol,manual,suv,1.0,,1,Moscow,43,5920.0,0
L103637,Toyota,2016,191638.0,1.8,petrol,manual,suv,2.0,full,1,Moscow,116,8910.0,0
L101933,Kia,2015,181917.0,2.1,diesel,automatic,hatchback,2.0,none,0,Yekaterinburg,16,4700.0,1
L103777,Kia,2017,68089.0,0.9,diesel,automatic,suv,2.0,partial,0,Moscow,10,12330.0,1
L104198,Ford,1900,3793630.0,2.1,hybrid,automatic,hatchback,2.0,full,0,Moscow,14,2160.0,1
L102195,Renault,2017,66144.0,2.0,diesel,manual,hatchback,2.0,partial,0,Kazan,74,8450.0,0
L103001,BMW,2021,63017.0,1.5,petrol,automatic,sedan,2.0,full,0,Yekaterinburg,5,18330.0,1
L102302,Renault,2014,154886.0,1.2,petrol,manual,sedan,2.0,full,1,Kazan,55,4110.0,0
L101889,Toyota,2019,67369.0,2.0,petrol,manual,sedan,2.0,full,0,Kazan,16,12270.0,1
L102154,Skoda,2017,112738.0,1.9,petrol,automatic,hatchback,2.0,partial,0,Kazan,4,7730.0,1
L100565,Kia,2017,,1.7,diesel,automatic,hatchback,4.0,none,0,Sochi,68,6630.0,0
L102440,Volkswagen,2015,286124.0,1.5,petrol,automatic,suv,2.0,none,1,Sochi,56,5730.0,0
L103877,BMW,2016,187319.0,1.3,diesel,manual,sedan,4.0,partial,0,Moscow,5,9160.0,1
L900025,Volkswagen,2014,157578.0,1.4,petrol,manual,sedan,3.0,full,0,Kazan,3,5510.0,1
L100230,Kia,2020,97066.0,2.0,diesel,manual,hatchback,3.0,partial,0,Yekaterinburg,45,10880.0,0
L102194,Volkswagen,2017,212845.0,2.4,diesel,manual,hatchback,2.0,partial,0,Moscow,10,7280.0,1
L100048,Ford,2017,136002.0,2.9,petrol,automatic,,3.0,partial,0,Novosibirsk,56,7720.0,0
L101019,BMW,2018,52812.0,1.1,petrol,automatic,hatchback,2.0,partial,0,Novosibirsk,5,14900.0,1
L102215,Ford,2025,22717.0,2.4,petrol,automatic,sedan,1.0,none,0,Moscow,17,24550.0,1
L101528, Volkswagen ,2010,197171.0,2.0,petrol,manual,hatchback,3.0,partial,0,Kazan,70,2290.0,0
L100956,Renault,2023,-1.0,1.5,petrol,manual,suv,,partial,0,Moscow,54,19620.0,0
L100052,Skoda,2007,108532.0,2.0,petrol,automatic,hatchback,3.0,partial,1,Moscow,93,2380.0,0
L100598,Renault,2014,184810.0,2.6,diesel,automatic,suv,1.0,full,0,Moscow,11,8140.0,1
L101755,Skoda,2012,280615.0,1.5,petrol,manual,suv,4.0,full,0,Kazan,47,4150.0,0
L100808,Renault,2020,55754.0,0.9,petrol,manual,suv,3.0,full,0,Kazan,4,11870.0,1
L102095,Ford,2017,110107.0,1.0,petrol,automatic,sedan,2.0,partial,0,Moscow,5,8130.0,1
L103480,Toyota,2018,135853.0,1.3,hybrid,manual,hatchback,3.0,full,0,Moscow,13,10860.0,1
L103628,Kia,2015,298831.0,2.4,diesel,automatic,sedan,2.0,full,0,Moscow,3,6920.0,1
L103373,BMW,2014,3924140.0,1.9,diesel,manual,hatchback,4.0,full,0,Moscow,45,4710.0,0
L100399,BMW,2015,59437.0,0.9,diesel,automatic,sedan,1.0,full,0,kazan,75,9260.0,0
L102672,Skoda,2021,73850.0,2.7,diesel,manual,wagon,3.0,none,0,yekaterinburg,70,15580.0,0
L100651,Hyundai,2007,269571.0,1.5,petrol,automatic,suv,2.0,full,1,Kazan,37,1940.0,0
L103234,Volkswagen,2018,82833.0,2.4,petrol,automatic,hatchback,2.0,full,0,Moscow,33,13940.0,0
L102906,Ford,2016,106955.0,1.7,diesel,manual,sedan,1.0,,1,Yekaterinburg,59,6110.0,0
L100468,Hyundai,2014,206584.0,2.0,hybrid,automatic,suv,4.0,full,0,Moscow,11,8350.0,1
L101730,Hyundai,2019,77974.0,2.0,petrol,automatic,hatchback,2.0,full,0,Sochi,3,11330.0,1
L101013,BMW,2017,70418.0,1.8,petrol,manual,hatchback,4.0,full,0,Moscow,6,9570.0,1
L103669,Renault,2016,143376.0,2.0,petrol,manual,suv,2.0,,0,Yekaterinburg,10,7500.0,1
L104107,Hyundai,2015,113451.0,0.9,petrol,automatic,hatchback,1.0,full,0,Yekaterinburg,5,5860.0,1
L100347,Kia,2024,43772.0,1.7,petrol,automatic,suv,3.0,full,0,Moscow,111,29520.0,0
L101595,Skoda,2017,133161.0,2.2,petrol,manual,hatchback,4.0,partial,0,Moscow,8,7180.0,1
L102328,Toyota,2020,164716.0,2.0,hybrid,automatic,hatchback,2.0,full,0,Moscow,112,18520.0,0
L100990,Renault,2023,17726.0,2.0,PETROL,automatic,wagon,5.0,partial,0,Moscow,20,17680.0,1
L103948,BMW,2016,62426.0,1.7,petrol,manual,hatchback,2.0,partial,0,Sochi,52,10970.0,0
L101483,Volkswagen,2011,111940.0,2.6,hybrid,manual,sedan,2.0,partial,1,Moscow,46,5010.0,0
L100715,Renault,2015,98202.0,1.3,hybrid,automatic,sedan,5.0,full,0,Moscow,1,6310.0,1
L100009,Hyundai,2021,68830.0,1.7,petrol,automatic,,1.0,full,0,Sochi,115,18640.0,0
L102788,Toyota,2010,194882.0,1.8,petrol,manual,wagon,2.0,partial,0,Novosibirsk,13,2740.0,1
L101668,Hyundai,2013,75184.0,1.2,diesel,automatic,hatchback,1.0,none,0,Moscow,16,5220.0,1
L101798,Volkswagen,2011,1400420.0,1.8,hybrid,manual,sedan,,full,1,Kazan,5,4150.0,1
L102318,Toyota,2012,157924.0,2.8,petrol,manual,sedan,1.0,full,0,sochi,84,4540.0,0
L104036,Volkswagen,2020,294754.0,2.2,petrol,automatic,suv,2.0,none,0,Kazan,79,10710.0,0
L103566,Skoda,2019,107870.0,1.5,petrol,manual,suv,2.0,partial,0,Kazan,51,13460.0,0
L100285,Ford,2019,112662.0,1.8,diesel,manual,wagon,1.0,full,0,Moscow,136,12040.0,0
L102589,Hyundai,2013,139965.0,1.5,petrol,automatic,suv,2.0,partial,0,Moscow,22,7670.0,1
L101652,Skoda,2020,64077.0,2.1,hybrid,manual,sedan,5.0,full,0,Kazan,8,18080.0,1
L102789,Renault,2014,169119.0,2.2,petrol,manual,sedan,1.0,none,0,Moscow,59,5090.0,0
L100444, Skoda ,2012,57659.0,1.2,PETROL,manual,wagon,3.0,full,0,Kazan,10,4300.0,1
L102391,Ford,2008,81655.0,2.3,petrol,automatic,wagon,2.0,partial,1,Sochi,45,2720.0,0
L101875,Renault,2019,,1.3,hybrid,automatic,sedan,1.0,none,1,Sochi,4,11260.0,1
L100830,Volkswagen,2012,223623.0,2.5,hybrid,manual,sedan,3.0,full,0,Moscow,8,4350.0,1
L102151,Volkswagen,2025,,1.0,petrol,automatic,wagon,2.0,full,0,Yekaterinburg,7,24840.0,1
L102431,Hyundai,2019,131051.0,0.9,petrol,automatic,sedan,4.0,full,0,Kazan,75,9260.0,0
L100099,Toyota,2013,103791.0,2.5,diesel,automatic,sedan,1.0,partial,0,Kazan,4,5940.0,1
L100781,Skoda,2017,158537.0,1.3,hybrid,manual,wagon,3.0,full,1,moscow,6,7720.0,1
L100803,Volkswagen,2012,220297.0,1.1,petrol,manual,hatchback,5.0,full,1,Moscow,108,2670.0,0
L102903,Toyota,2012,,1.8,hybrid,manual,sedan,2.0,none,0,Sochi,15,4070.0,1
L103891,Renault,2021,211581.0,1.8,petrol,automatic,suv,1.0,,0,Moscow,2,12250.0,1
L100495,Ford,2021,74427.0,2.0,hybrid,automatic,hatchback,1.0,full,0,Sochi,70,20020.0,0
L102480,Hyundai,2011,86709.0,1.8,petrol,manual,wagon,1.0,full,0,Moscow,9,4690.0,1
L102190,Skoda,2015,25333.0,0.9,petrol,manual,wagon,2.0,full,0,Kazan,19,6540.0,1
L100827,BMW,2014,234310.0,1.7,petrol,manual,suv,1.0,full,0,Novosibirsk,61,6640.0,0
L103740,Volkswagen,2022,51346.0,2.3,hybrid,manual,suv,3.0,partial,0,moscow,43,29330.0,0
L103655,Toyota,2009,248257.0,0.9,petrol,manual,wagon,1.0,none,1,Moscow,60,2000.0,0
L102214,BMW,2009,333567.0,1.3,petrol,automatic,sedan,,full,0,Kazan,3,2380.0,1
L102209,Toyota,2019,60751.0,1.5,diesel,automatic,suv,4.0,full,0,Kazan,91,18250.0,0
L103714,Toyota,2014,74494.0,0.9,petrol,manual,hatchback,3.0,full,0,moscow,9,6170.0,1
L900043,Toyota,2019,91699.0,,electric,automatic,sedan,3.0,none,0,Sochi,100,11100.0,0
L103208,Kia,2013,206394.0,1.1,PETROL,manual,sedan,2.0,full,0,Moscow,1,3780.0,1
L103925,Toyota,2011,220073.0,1.7,petrol,manual,wagon,1.0,full,0,Novosibirsk,7,3540.0,1
L101952,Volkswagen,2016,117945.0,1.4,diesel,automatic,hatchback,2.0,full,0,Yekaterinburg,6,6170.0,1
L103088,Ford,2017,211509.0,1.6,hybrid,automatic,sedan,4.0,,0,Novosibirsk,47,6070.0,0
L101137,Kia,2017,104081.0,,electric,automatic,suv,1.0,full,1,Kazan,65,11860.0,0
L100007,Hyundai,2025,14837.0,1.8,diesel,automatic,sedan,2.0,partial,0,Moscow,63,33760.0,0
L101219,Kia,2020,82425.0,1.4,petrol,manual,suv,2.0,partial,0,Kazan,79,15510.0,0
L103297,Renault,2022,69100.0,1.9,petrol,automatic,suv,2.0,full,0,Moscow,11,23980.0,1
L102221,Toyota,2016,162983.0,2.2,diesel,manual,suv,2.0,partial,1,Moscow,99,9630.0,0
L102494,Skoda,2012,243531.0,1.9,diesel,automatic,wagon,3.0,partial,0,Novosibirsk,46,4260.0,0
L104175,Ford,2015,66479.0,2.1,petrol,automatic,hatchback,1.0,full,0,Novosibirsk,10,7080.0,1
L104124,Skoda,2019,64602.0,1.9,petrol,manual,sedan,2.0,full,0,Moscow,8,13920.0,1
L102914,Toyota,2016,108894.0,2.0,diesel,automatic,suv,,full,0,Sochi,62,11280.0,0
L102627,Hyundai,2019,80351.0,1.1,petrol,automatic,hatchback,5.0,partial,0,Moscow,44,10410.0,0
L103545,Skoda,2025,7485.0,2.0,petrol,automatic,wagon,4.0,full,0,Moscow,4,30560.0,1
L100868,Ford,2016,148572.0,1.5,diesel,manual,sedan,4.0,full,0,Novosibirsk,3,5780.0,1
L102252,Toyota,2012,128101.0,2.5,diesel,automatic,hatchback,1.0,none,0,Moscow,148,4930.0,0
L100902,Kia,2014,116738.0,1.7,diesel,manual,hatchback,1.0,full,0,Novosibirsk,5,5000.0,1
L100580,Kia,2018,105873.0,1.4,petrol,automatic,hatchback,4.0,partial,0,Moscow,4,7160.0,1
L104157,Kia,2016,209581.0,1.9,petrol,automatic,suv,1.0,partial,0,Novosibirsk,3,6890.0,1
L103184,Ford,2021,99410.0,1.9,petrol,automatic,hatchback,4.0,full,0,Moscow,11,13280.0,1
L104103,Toyota,2020,123906.0,2.4,petrol,manual,hatchback,2.0,full,0,Moscow,158,13890.0,0
L100485,Volkswagen,2023,28300.0,1.3,diesel,automatic,wagon,1.0,full,0,Yekaterinburg,66,20810.0,0
L103048,Toyota,2011,161250.0,2.6,petrol,manual,hatchback,1.0,full,0,Yekaterinburg,5,4200.0,1
L100644,Toyota,2020,,1.2,diesel,manual,suv,1.0,none,0,Moscow,151,13980.0,0
L900008,Renault,2011,,1.4,petrol,automatic,,2.0,partial,1,Novosibirsk,39,2660.0,0
L100945,BMW,2024,,1.4,petrol,manual,hatchback,,full,0,Sochi,87,26620.0,0
L102010,Volkswagen,2009,352695.0,1.5,diesel,automatic,sedan,2.0,full,0,Sochi,37,2480.0,0
L102907,Toyota,2012,169678.0,0.9,hybrid,manual,hatchback,2.0,full,1,Novosibirsk,3,3120.0,1
L103783,Ford,2009,430000.0,1.2,hybrid,automatic,hatchback,1.0,partial,1,Moscow,11,1590.0,1
L103921,BMW,2006,303027.0,1.6,diesel,automatic,hatchback,1.0,,0,Moscow,63,2760.0,0
L101486,Kia,2012,134344.0,1.7,diesel,automatic,suv,2.0,none,0,Novosibirsk,2,4760.0,1
L100003,Renault,2020,,1.4,hybrid,automatic,sedan,1.0,none,1,Novosibirsk,1,11200.0,1
L103449,Toyota,2012,216181.0,1.2,petrol,automatic,wagon,1.0,full,1,Kazan,4,4210.0,1
L101037,BMW,2015,179626.0,2.0,diesel,manual,hatchback,2.0,full,0,Moscow,5,8560.0,1
L102406,Hyundai,2021,111132.0,2.0,petrol,automatic,hatchback,1.0,partial,0,Kazan,11,12110.0,1
L102476,Kia,2013,53150.0,1.7,petrol,automatic,hatchback,1.0,full,1,Novosibirsk,8,3760.0,1
L102324,Volkswagen,2017,94546.0,1.8,petrol,manual,suv,2.0,partial,0,Moscow,168,10560.0,0
L100266,Renault,2012,154847.0,1.9,petrol,automatic,sedan,1.0,full,0,Moscow,15,4850.0,1
L101490,Kia,2017,116523.0,2.3,hybrid,automatic,hatchback,2.0,full,0,Novosibirsk,2,8560.0,1
L100749,BMW,2014,156435.0,2.0,petrol,automatic,suv,2.0,partial,0,Moscow,8,10560.0,1
L103301,BMW,2025,22077.0,1.1,petrol,manual,sedan,3.0,partial,0,Sochi,89,30090.0,0
L100491,Hyundai,2011,-1.0,2.2,diesel,manual,sedan,3.0,full,0,Kazan,19,3420.0,1
L101893,Renault,2014,122425.0,2.0,petrol,automatic,hatchback,1.0,partial,0,Kazan,3,4940.0,1
L101742,Renault,2022,36093.0,1.5,petrol,automatic,hatchback,2.0,full,0,Moscow,20,19590.0,1
L102078,Renault,2025,19867.0,2.1,petrol,automatic,suv,,partial,0,Kazan,6,25730.0,1
L100445,Volkswagen,2019,76635.0,1.8,petrol,automatic,hatchback,4.0,partial,0,Moscow,58,11380.0,0
L102808,BMW,2021,117732.0,2.2,petrol,automatic,suv,,partial,0,Kazan,4,27970.0,1
L102421,Renault,2019,153345.0,2.3,petrol,manual,suv,2.0,none,0,Yekaterinburg,96,11340.0,0
L103863,Skoda,2016,68617.0,,electric,automatic,wagon,3.0,full,1,Moscow,51,9990.0,0
L103766,BMW,2015,185741.0,2.2,hybrid,manual,wagon,3.0,none,0,Kazan,39,7010.0,0
L103896,Ford,2007,134169.0,2.6,petrol,automatic,hatchback,3.0,none,0,Novosibirsk,42,1670.0,0
L103188,BMW,2014,99020.0,2.2,PETROL,manual,wagon,1.0,partial,0,Novosibirsk,9,7820.0,1
L101246,Hyundai,2014,99068.0,1.6,hybrid,automatic,sedan,1.0,full,0,Novosibirsk,8,6930.0,1
L101482,Renault,2015,150510.0,2.4,hybrid,automatic,sedan,3.0,full,0,Moscow,17,9660.0,1
L100617,Hyundai,2008,36092.0,1.7,petrol,automatic,sedan,2.0,partial,1,Yekaterinburg,87,2610.0,0
L900045,Skoda,2011,87837.0,2.4,petrol,automatic,sedan,4.0,none,0,Yekaterinburg,53,4240.0,0
L101224, Skoda ,2017,37534.0,1.7,petrol,automatic,suv,1.0,full,0,Moscow,11,13970.0,1
L103621,Kia,2018,208017.0,1.9,hybrid,manual,suv,2.0,none,1,Yekaterinburg,61,8180.0,0
L101677,Renault,2021,91046.0,1.4,petrol,automatic,sedan,1.0,,0,Yekaterinburg,2,14350.0,1
L103999,Ford,2018,122032.0,2.0,diesel,automatic,suv,3.0,partial,1,Moscow,33,9970.0,0
L102390,Ford,2015,120062.0,2.1,petrol,manual,hatchback,1.0,full,1,Novosibirsk,96,5000.0,0
L102559,Toyota,2014,71480.0,2.5,diesel,automatic,sedan,2.0,partial,0,Sochi,4,7630.0,1
L101655,Ford,2017,76672.0,1.1,petrol,automatic,sedan,2.0,none,0,moscow,11,9130.0,1
L101029, Volkswagen ,2015,133488.0,1.9,petrol,automatic,hatchback,2.0,partial,0,Yekaterinburg,62,6460.0,0
L104114,Skoda,2016,78253.0,1.3,petrol,manual,hatchback,2.0,partial,1,Moscow,3,6800.0,1
L100944,Volkswagen,2011,208909.0,0.9,diesel,manual,hatchback,1.0,full,0,Kazan,84,3310.0,0
L101525,Toyota,2008,430000.0,,electric,automatic,sedan,2.0,full,1,Kazan,15,1760.0,1
L102439,Hyundai,2014,114110.0,2.4,petrol,automatic,suv,1.0,full,0,Moscow,16,7740.0,1
L102276,Kia,2016,125985.0,2.2,diesel,automatic,hatchback,3.0,partial,0,Kazan,62,6890.0,0
L102931,Renault,2016,73192.0,2.2,petrol,automatic,hatchback,1.0,full,0,moscow,12,7450.0,1
L100517,Toyota,2018,154749.0,1.4,hybrid,manual,hatchback,1.0,full,0,Kazan,71,10600.0,0
L100479,Skoda,2021,104925.0,1.6,petrol,automatic,hatchback,1.0,full,0,Kazan,4,14710.0,1
L100799,Toyota,2013,,2.1,petrol,automatic,suv,1.0,partial,0,Moscow,72,3530.0,0
L102082,Skoda,2020,31647.0,1.6,petrol,automatic,hatchback,1.0,,0,Moscow,82,18720.0,0
L101268,Ford,2016,76188.0,2.5,petrol,automatic,wagon,2.0,full,1,Moscow,129,9220.0,0
L100008,Skoda,2016,96618.0,2.3,petrol,automatic,wagon,2.0,partial,0,Yekaterinburg,12,8030.0,1
L103598,Hyundai,2016,37221.0,1.6,petrol,automatic,sedan,1.0,full,0,Yekaterinburg,4,7810.0,1
L100231,Hyundai,2016,82402.0,1.9,petrol,automatic,sedan,4.0,full,1,Sochi,62,7060.0,0
L103391,BMW,2019,43303.0,1.1,petrol,automatic,,3.0,full,0,Kazan,4,21490.0,1
L100440,Hyundai,2020,46176.0,,electric,automatic,hatchback,3.0,partial,0,Sochi,158,17350.0,0
L100525,Renault,2023,24372.0,2.1,petrol,manual,suv,1.0,none,0,Moscow,24,23010.0,1
L100624,Kia,2006,167383.0,,electric,automatic,wagon,3.0,partial,1,Moscow,17,1910.0,1
L101634,Volkswagen,2011,245102.0,1.3,petrol,manual,hatchback,2.0,full,0,Novosibirsk,93,2680.0,0
L103144,Skoda,2013,131581.0,2.6,diesel,manual,suv,2.0,full,1,Moscow,3,5730.0,1
L101372,BMW,2017,200223.0,2.5,petrol,manual,sedan,3.0,full,1,Yekaterinburg,13,8880.0,1
L101722,Toyota,2015,144354.0,1.6,petrol,manual,hatchback,2.0,full,0,Novosibirsk,12,6210.0,1
L100094,Volkswagen,2015,81298.0,1.2,petrol,automatic,sedan,2.0,full,0,Moscow,3,7190.0,1
L102591,Toyota,2009,151544.0,2.4,petrol,automatic,hatchback,1.0,full,1,Moscow,13,3410.0,1
L104086,Toyota,2010,170447.0,1.3,diesel,manual,hatchback,3.0,full,1,Kazan,96,3290.0,0
L103018,Kia,2021,31781.0,1.9,petrol,automatic,wagon,1.0,partial,0,Kazan,139,19540.0,0
L100415,Toyota,2008,308907.0,1.9,diesel,automatic,suv,2.0,partial,0,Kazan,2,2670.0,1
L100209,Toyota,2018,152138.0,2.0,petrol,manual,hatchback,2.0,none,1,Moscow,1,7140.0,1
L101199,Volkswagen,2015,217430.0,0.9,diesel,manual,hatchback,1.0,full,1,Kazan,18,4230.0,1
L101504,Hyundai,2016,80753.0,2.2,petrol,manual,sedan,,full,0,Sochi,13,8370.0,1
L100281,Kia,2021,44399.0,1.6,petrol,automatic,hatchback,1.0,partial,0,Sochi,79,16100.0,0
L101942,Volkswagen,2014,230616.0,,electric,automatic,sedan,1.0,full,0,Novosibirsk,2,7170.0,1
L101130,Renault,2018,36289.0,1.6,petrol,automatic,hatchback,1.0,partial,0,Yekaterinburg,78,9270.0,0
L103851,Skoda,2012,164877.0,1.5,petrol,automatic,hatchback,2.0,full,0,Moscow,4,3610.0,1
L102437,Kia,2024,14982.0,1.6,hybrid,automatic,sedan,2.0,full,0,Yekaterinburg,6,23110.0,1
L102996,Kia,2020,68624.0,2.6,petrol,automatic,suv,3.0,partial,0,Moscow,4,18990.0,1
L102299,Kia,2008,153482.0,2.7,hybrid,automatic,suv,3.0,partial,1,Yekaterinburg,71,3160.0,0
L102937, Volkswagen ,2014,,2.2,petrol,automatic,hatchback,1.0,partial,0,Moscow,9,6760.0,1
L101157,BMW,2014,119091.0,2.5,hybrid,manual,sedan,1.0,full,1,Moscow,8,11050.0,1
L102938,Renault,2022,3374.0,1.7,diesel,automatic,sedan,1.0,full,0,Yekaterinburg,15,23400.0,1
L103461,Skoda,2020,184882.0,1.5,petrol,automatic,wagon,3.0,none,0,Yekaterinburg,69,8740.0,0
L100059,Toyota,2021,53438.0,1.5,diesel,manual,sedan,3.0,none,0,Moscow,59,13640.0,0
L100520,Volkswagen,2016,151266.0,2.0,petrol,automatic,hatchback,2.0,full,1,Sochi,85,6770.0,0
L101351,Renault,2016,115492.0,2.6,petrol,automatic,sedan,4.0,partial,0,Novosibirsk,38,5280.0,0
L104021,BMW,2018,70757.0,1.1,petrol,automatic,suv,2.0,partial,0,Yekaterinburg,4,14510.0,1
L101036,BMW,2022,48846.0,2.3,petrol,automatic,hatchback,2.0,full,1,Yekaterinburg,86,19190.0,0
L104082,Toyota,2025,25381.0,1.1,petrol,automatic,wagon,2.0,none,1,Moscow,114,28350.0,0
L100668,Hyundai,2020,113302.0,1.7,diesel,automatic,suv,3.0,partial,0,Moscow,4,17350.0,1
L100017,Volkswagen,2017,283119.0,2.1,diesel,automatic,suv,5.0,full,0,Moscow,3,7230.0,1
L102924,Volkswagen,2019,67988.0,1.7,petrol,manual,suv,3.0,full,0,Sochi,83,12040.0,0
L102286,Skoda,2018,213432.0,2.6,hybrid,automatic,hatchback,,partial,0,Sochi,3,8890.0,1
L104117,Toyota,2018,100287.0,1.3,diesel,automatic,wagon,1.0,full,1,Novosibirsk,4,9490.0,1
L103061,BMW,2021,63762.0,,electric,automatic,suv,2.0,full,0,Novosibirsk,3,29870.0,1
L102769,Toyota,2018,23816.0,1.8,PETROL,automatic,suv,5.0,partial,1,Sochi,51,10100.0,0
L100753,Renault,2014,61215.0,1.4,diesel,automatic,wagon,1.0,none,0,Moscow,7,7060.0,1
L101262,Volkswagen,2019,54692.0,1.2,petrol,manual,sedan,1.0,full,0,Kazan,6,13130.0,1
L102261,BMW,2009,273017.0,0.9,petrol,manual,suv,2.0,full,0,Yekaterinburg,5,3070.0,1
L103288,Hyundai,2017,41170.0,1.0,DIESEL,automatic,hatchback,2.0,full,1,Novosibirsk,9,7480.0,1
L100957,Toyota,2021,83223.0,2.5,diesel,manual,wagon,1.0,none,0,Novosibirsk,175,15330.0,0
L103130,BMW,2018,176105.0,1.8,petrol,automatic,sedan,3.0,partial,0,Moscow,1,9480.0,1
L101637,Skoda,2016,162522.0,2.3,petrol,manual,wagon,1.0,full,0,Novosibirsk,134,7000.0,0
L103894,Volkswagen,2015,176041.0,1.8,petrol,automatic,hatchback,1.0,partial,0,Sochi,1,6590.0,1
L103494, Ford ,2023,19207.0,1.6,diesel,automatic,hatchback,2.0,full,0,Kazan,9,16650.0,1
L104051,Hyundai,2018,145087.0,,electric,automatic,wagon,2.0,none,0,Novosibirsk,20,10090.0,1
L102615,BMW,2014,163095.0,1.9,diesel,automatic,hatchback,1.0,none,0,Kazan,95,6480.0,0
L101445,Renault,2012,,2.3,diesel,automatic,sedan,1.0,partial,0,Moscow,7,4600.0,1
L102116,Kia,2018,78042.0,1.7,petrol,automatic,sedan,2.0,full,1,Sochi,11,9530.0,1
L103625,Ford,2019,39243.0,1.5,hybrid,automatic,sedan,4.0,,0,Yekaterinburg,63,10720.0,0
L102133,Hyundai,2018,,1.4,petrol,automatic,wagon,2.0,partial,0,Moscow,7,10400.0,1
L103318,Ford,2012,231826.0,,electric,automatic,sedan,3.0,full,1,Moscow,95,4780.0,0
L100912,Skoda,2016,116897.0,1.6,hybrid,manual,suv,2.0,full,0,Novosibirsk,5,11270.0,1
L102514,Ford,2016,159018.0,1.7,diesel,automatic,wagon,1.0,partial,0,Yekaterinburg,66,7380.0,0
L102927,Ford,2017,159609.0,1.5,petrol,automatic,sedan,4.0,full,0,Moscow,10,6170.0,1
L101963,Hyundai,2025,9049.0,1.6,petrol,automatic,hatchback,1.0,full,0,Moscow,10,24550.0,1
L102477,Volkswagen,2015,206413.0,2.1,petrol,manual,hatchback,4.0,full,0,Novosibirsk,69,5350.0,0
L100417,Kia,2016,243926.0,2.2,PETROL,manual,sedan,1.0,partial,0,Yekaterinburg,125,5420.0,0
L100412,Hyundai,2009,93769.0,2.1,hybrid,manual,suv,4.0,none,0,Kazan,87,3380.0,0
L103718,Volkswagen,2018,71243.0,1.2,petrol,automatic,hatchback,1.0,full,0,Kazan,1,8880.0,1
L100196,Renault,2020,39092.0,1.8,diesel,automatic,suv,2.0,full,0,Moscow,11,18530.0,1
L101249,BMW,2011,,1.7,petrol,automatic,sedan,2.0,none,0,Kazan,48,4450.0,0
L101752,Volkswagen,2019,140034.0,1.8,diesel,manual,suv,3.0,,0,Novosibirsk,10,10600.0,1
L100284,Renault,2013,101617.0,1.4,petrol,manual,sedan,2.0,none,1,Kazan,1,2990.0,1
L104152,Skoda,2020,97913.0,1.2,hybrid,automatic,suv,1.0,,0,Yekaterinburg,50,17690.0,0
L101135,Volkswagen,2022,48379.0,1.8,diesel,automatic,wagon,2.0,full,0,Moscow,3,20460.0,1
L101568,Volkswagen,2013,92715.0,1.3,petrol,manual,hatchback,2.0,full,1,novosibirsk,14,3240.0,1
L101169,Ford,2004,314578.0,1.5,petrol,manual,suv,4.0,partial,0,Kazan,59,1170.0,0
L102714,Renault,2025,17943.0,1.6,diesel,automatic,suv,2.0,none,1,Moscow,54,25730.0,0
L102732,Toyota,2017,39271.0,,electric,automatic,hatchback,3.0,,1,Novosibirsk,46,10400.0,0
L103889,Hyundai,2017,91890.0,,electric,automatic,,1.0,full,0,Novosibirsk,17,10850.0,1
L102428,Skoda,2023,47273.0,2.7,petrol,automatic,hatchback,4.0,none,0,Kazan,4,14760.0,1
L103571,Ford,2021,42857.0,2.0,petrol,manual,sedan,3.0,full,0,Moscow,1,20610.0,1
L103060,Skoda,2019,,1.1,diesel,automatic,hatchback,3.0,full,0,Moscow,4,10000.0,1
L102896,Volkswagen,2015,96060.0,1.9,diesel,automatic,hatchback,2.0,full,0,Moscow,57,8700.0,0
L103978,Toyota,2018,75181.0,0.9,petrol,manual,sedan,2.0,full,1,Sochi,3,8690.0,1
L101803,Kia,2022,,1.5,petrol,automatic,wagon,2.0,partial,0,Moscow,10,17800.0,1
L102338,Toyota,2020,74369.0,2.1,petrol,automatic,sedan,1.0,none,0,Novosibirsk,125,13940.0,0
L103460,Kia,2011,367633.0,1.7,petrol,manual,suv,1.0,full,0,Moscow,5,3580.0,1
L100359,Hyundai,2010,430000.0,1.7,petrol,manual,hatchback,3.0,,0,Moscow,85,1940.0,0
L103478,Renault,2021,55286.0,1.7,petrol,manual,sedan,2.0,none,0,Sochi,60,13110.0,0
L102412,Ford,2023,50772.0,2.3,diesel,automatic,wagon,1.0,partial,0,Yekaterinburg,51,23700.0,0
L102572,Renault,2019,66901.0,1.5,petrol,automatic,hatchback,2.0,full,0,Novosibirsk,7,8750.0,1
L100574,Volkswagen,2010,194179.0,2.5,petrol,manual,hatchback,2.0,full,0,Moscow,3,3340.0,1
L103754,Hyundai,2018,88216.0,2.1,petrol,manual,sedan,3.0,full,0,Sochi,17,9270.0,1
L103543,Hyundai,2015,163671.0,2.7,diesel,automatic,sedan,2.0,full,0,Yekaterinburg,2,6270.0,1
L102031,Toyota,2025,500.0,1.5,petrol,automatic,suv,2.0,full,1,Sochi,158,36080.0,0
L100693,Ford,2017,117151.0,1.9,petrol,manual,sedan,1.0,full,0,Yekaterinburg,10,9160.0,1
L102752,Toyota,1900,103663.0,2.2,diesel,automatic,suv,,partial,0,Kazan,10,10590.0,1
L103773,Kia,2013,162706.0,1.5,diesel,automatic,suv,4.0,partial,1,sochi,51,4390.0,0
L100112,Skoda,2018,172270.0,,electric,automatic,sedan,3.0,full,0,Moscow,120,12940.0,0
L103174,Renault,2019,82011.0,2.4,hybrid,automatic,hatchback,1.0,partial,1,Moscow,13,10930.0,1
L100414,BMW,2017,58656.0,1.3,hybrid,automatic,suv,2.0,,1,Novosibirsk,91,15710.0,0
L102637,BMW,2011,,2.7,diesel,manual,sedan,1.0,partial,0,Moscow,1,6690.0,1
L101214,Kia,2021,43325.0,2.3,diesel,automatic,hatchback,1.0,partial,0,Novosibirsk,4,15230.0,1
L100338,Skoda,2016,176657.0,2.2,diesel,automatic,wagon,2.0,none,1,Moscow,99,7060.0,0
L102534,Skoda,2016,131365.0,1.5,diesel,manual,hatchback,1.0,partial,1,Moscow,2,6060.0,1
L103812,Volkswagen,2023,45625.0,1.5,petrol,manual,hatchback,3.0,partial,0,Yekaterinburg,57,17800.0,0
L101076,Kia,2020,50671.0,2.1,petrol,manual,suv,3.0,full,1,Sochi,4,13920.0,1
L103100,Volkswagen,2013,161162.0,1.9,hybrid,automatic,hatchback,2.0,full,0,Moscow,8,8140.0,1
L101089,Toyota,2017,135271.0,1.2,hybrid,automatic,hatchback,2.0,full,0,Sochi,5,9420.0,1
L102922,Kia,2021,78462.0,1.8,diesel,automatic,suv,2.0,full,0,novosibirsk,115,19290.0,0
L101269, Hyundai ,2014,122954.0,2.2,petrol,manual,sedan,2.0,partial,1,Yekaterinburg,46,5120.0,0
L101826,Hyundai,2019,76855.0,1.8,petrol,manual,sedan,3.0,full,0,Yekaterinburg,118,9520.0,0
L103842,Volkswagen,2013,151074.0,2.2,petrol,manual,wagon,1.0,,0,Novosibirsk,85,4090.0,0
L103393,Kia,2020,79731.0,1.9,diesel,automatic,hatchback,2.0,full,0,Moscow,9,18480.0,1
L102891,Kia,2021,84734.0,,electric,automatic,hatchback,1.0,,0,Yekaterinburg,6,14810.0,1
L103014,Toyota,2012,185962.0,1.8,petrol,automatic,wagon,4.0,full,0,Yekaterinburg,50,3920.0,0
L102642,Skoda,2018,63773.0,1.2,hybrid,automatic,hatchback,,full,0,Sochi,7,11710.0,1
L100927,Volkswagen,2015,269381.0,1.6,petrol,automatic,hatchback,2.0,partial,0,Yekaterinburg,6,3800.0,1
L102356,Skoda,2021,23755.0,1.4,petrol,automatic,sedan,1.0,full,0,Novosibirsk,3,18300.0,1
L101926,Hyundai,2016,97415.0,2.1,petrol,manual,sedan,1.0,partial,0,Novosibirsk,62,6740.0,0
L103458,Toyota,2007,430000.0,2.5,petrol,automatic,suv,1.0,partial,1,Moscow,4,1650.0,1
L101895,Volkswagen,2015,208640.0,0.9,diesel,manual,wagon,5.0,partial,0,Kazan,75,4950.0,0
L101378,Kia,2020,34058.0,2.5,petrol,manual,hatchback,1.0,partial,0,Moscow,3,12930.0,1
L102106,Ford,2015,120050.0,1.7,petrol,automatic,suv,2.0,none,0,Kazan,84,5970.0,0
L100159, Ford ,2014,225976.0,2.4,hybrid,automatic,hatchback,,full,0,Novosibirsk,3,6040.0,1
L104154,Renault,2021,81003.0,2.4,petrol,automatic,wagon,2.0,full,0,Sochi,4,15450.0,1
L102234,Renault,2024,38969.0,1.3,petrol,manual,wagon,4.0,full,1,Novosibirsk,67,11930.0,0
L100244,Volkswagen,2015,276953.0,2.1,petrol,automatic,suv,3.0,partial,0,Moscow,105,5960.0,0
L103439,BMW,2019,186268.0,1.7,diesel,manual,hatchback,2.0,none,0,Sochi,218,8790.0,0
L101099,Hyundai,2014,156523.0,2.3,petrol,automatic,suv,3.0,full,0,Moscow,2,7000.0,1
L102205,Kia,2023,45344.0,2.7,petrol,automatic,wagon,1.0,,1,Moscow,14,18210.0,1
L102174,Ford,2014,65173.0,,electric,automatic,hatchback,1.0,full,0,Yekaterinburg,7,7430.0,1
L101768,Kia,2013,376894.0,1.1,hybrid,manual,,3.0,partial,0,Moscow,77,2690.0,0
L103795,Hyundai,2025,,1.5,hybrid,manual,sedan,3.0,full,0,Moscow,9,33150.0,1
L102370,Toyota,2016,133502.0,2.3,diesel,manual,sedan,4.0,full,0,Novosibirsk,65,7340.0,0
L900010,Toyota,2017,84732.0,,electric,automatic,suv,2.0,full,1,Yekaterinburg,4,15650.0,1
L101083,Volkswagen,2019,66325.0,1.8,hybrid,manual,sedan,1.0,partial,0,Kazan,21,13150.0,1
L102852,Hyundai,2011,157323.0,2.0,petrol,manual,,1.0,full,1,Moscow,4,3720.0,1
L103284,Renault,2018,55012.0,1.7,hybrid,manual,hatchback,5.0,full,0,Novosibirsk,10,6980.0,1
L102825,Toyota,2025,19839.0,2.0,petrol,manual,hatchback,4.0,full,0,Sochi,4,27520.0,1
L103175,BMW,2014,280661.0,2.9,PETROL,automatic,wagon,3.0,full,1,Moscow,5,6560.0,1
L104178,Renault,2016,336688.0,2.5,petrol,manual,suv,1.0,partial,0,Yekaterinburg,41,5500.0,0
L102230,Ford,2018,223967.0,2.5,diesel,manual,sedan,2.0,full,0,Sochi,36,8730.0,0
L102901,BMW,2015,235748.0,1.7,diesel,automatic,sedan,2.0,partial,1,Moscow,79,8050.0,0
L100845,Hyundai,2011,265158.0,1.3,petrol,manual,sedan,1.0,full,1,Kazan,57,2260.0,0
L900047,Volkswagen,2019,150105.0,2.1,petrol,manual,wagon,1.0,full,1,Sochi,61,10940.0,0
L101544,Volkswagen,2015,128389.0,0.9,petrol,automatic,suv,2.0,full,0,Sochi,11,6400.0,1
L103515,Hyundai,2009,133499.0,2.1,DIESEL,automatic,hatchback,3.0,full,1,Moscow,147,2740.0,0
L101794,Ford,2014,411309.0,2.9,petrol,manual,sedan,3.0,none,1,Kazan,56,2120.0,0
L101252,Ford,2015,218088.0,1.7,petrol,automatic,wagon,2.0,full,0,Moscow,54,5930.0,0
L101773,Kia,2020,51101.0,1.6,diesel,manual,,2.0,partial,1,Novosibirsk,4,8940.0,1
L100273,Hyundai,2017,114863.0,1.9,diesel,automatic,sedan,2.0,partial,0,Kazan,10,8830.0,1
L102923,Ford,2018,246325.0,1.5,diesel,automatic,wagon,1.0,full,0,Yekaterinburg,8,7610.0,1
L100182,Ford,2023,54756.0,1.5,petrol,automatic,hatchback,3.0,full,0,Moscow,7,18330.0,1
L104027,BMW,2014,113729.0,0.9,diesel,manual,suv,1.0,partial,0,Novosibirsk,7,8890.0,1
L101075,Volkswagen,2016,144771.0,1.9,hybrid,automatic,hatchback,2.0,none,0,Moscow,41,8510.0,0
L103269,Hyundai,2008,257857.0,2.2,petrol,automatic,hatchback,4.0,full,1,Kazan,139,1490.0,0
L101817,Volkswagen,2012,52164.0,1.1,petrol,automatic,hatchback,1.0,partial,0,Yekaterinburg,1,4010.0,1
L104096,Skoda,2015,259807.0,2.0,petrol,automatic,wagon,3.0,,0,Yekaterinburg,54,4340.0,0
L100462,Toyota,2016,126497.0,2.5,DIESEL,automatic,suv,1.0,partial,1,Sochi,128,11990.0,0
L103523,Skoda,2004,297331.0,2.0,diesel,automatic,suv,1.0,,0,Novosibirsk,98,1520.0,0
L102137,Skoda,2019,85963.0,1.5,petrol,automatic,sedan,1.0,partial,0,Kazan,7,11920.0,1
L103296,Ford,2016,77052.0,2.2,petrol,manual,wagon,1.0,full,1,Yekaterinburg,6,7160.0,1
L104148,BMW,2012,30975.0,1.2,petrol,automatic,sedan,2.0,partial,0,Yekaterinburg,8,6840.0,1
L103558,Volkswagen,2010,108412.0,,electric,automatic,sedan,1.0,full,1,Novosibirsk,2,5390.0,1
L100050,Volkswagen,2020,95557.0,1.6,diesel,manual,hatchback,3.0,full,0,Sochi,36,14750.0,0
L103771,Ford,2022,29774.0,1.2,petrol,automatic,suv,2.0,none,0,Moscow,5,15800.0,1
L100853,Volkswagen,2011,298453.0,2.1,petrol,manual,wagon,1.0,full,0,Yekaterinburg,116,3000.0,0
L102463,Ford,2014,222512.0,1.3,petrol,manual,hatchback,3.0,full,0,Kazan,116,3960.0,0
L102724,Volkswagen,2017,235913.0,2.2,petrol,automatic,sedan,1.0,partial,0,Yekaterinburg,4,6360.0,1
L103438,Kia,2015,152433.0,1.7,petrol,manual,suv,2.0,partial,0,Novosibirsk,4,6560.0,1
L100534,Skoda,2013,223742.0,2.4,diesel,automatic,sedan,2.0,none,0,Kazan,77,3730.0,0
L101854, BMW ,2019,-1.0,2.2,diesel,manual,sedan,1.0,none,0,Novosibirsk,122,15120.0,0
L100234,Kia,2020,132925.0,2.9,diesel,automatic,suv,1.0,partial,0,Sochi,67,15980.0,0
L101513,Kia,2011,430000.0,2.0,diesel,automatic,suv,3.0,partial,0,Moscow,96,2430.0,0
L100680,Skoda,2014,217692.0,1.4,petrol,automatic,hatchback,3.0,full,1,Moscow,10,4350.0,1
L104122,Toyota,2013,225650.0,2.3,petrol,manual,hatchback,3.0,,0,Moscow,63,4430.0,0
L103939,Volkswagen,2013,193708.0,1.1,petrol,automatic,suv,2.0,full,0,Moscow,7,6320.0,1
L100581,Toyota,2017,55566.0,2.4,petrol,automatic,suv,3.0,partial,1,Yekaterinburg,3,9940.0,1
L102449,Toyota,2018,170504.0,1.8,petrol,manual,sedan,1.0,partial,0,Sochi,59,9340.0,0
L100698,Skoda,2016,76564.0,1.5,petrol,automatic,hatchback,2.0,full,0,Kazan,5,6610.0,1
L101761,Renault,2019,123234.0,1.8,hybrid,manual,sedan,3.0,full,0,Moscow,3,11860.0,1
L100438,Kia,2025,15066.0,2.7,diesel,manual,sedan,1.0,partial,0,Kazan,165,27460.0,0
L100527,Renault,2016,134422.0,1.8,diesel,manual,suv,3.0,none,1,Novosibirsk,87,6140.0,0
L100628,Hyundai,2016,11257.0,0.9,petrol,automatic,sedan,2.0,full,0,Sochi,2,9170.0,1
L103440,Kia,2023,24994.0,1.8,diesel,automatic,hatchback,2.0,none,0,Sochi,42,19810.0,0
L101900,Ford,2020,82311.0,2.2,petrol,manual,hatchback,3.0,full,1,Kazan,51,9750.0,0
L100717,Toyota,2018,81307.0,1.8,diesel,automatic,sedan,3.0,full,0,Moscow,11,13480.0,1
L101887,Volkswagen,2014,64887.0,1.1,petrol,manual,wagon,2.0,none,0,Moscow,98,6460.0,0
L103223,Kia,2015,215860.0,2.2,diesel,automatic,,4.0,partial,1,Yekaterinburg,55,4410.0,0
L101463,BMW,2009,42775.0,,ELECTRIC,automatic,suv,1.0,full,0,Moscow,2,10470.0,1
L102180,Renault,2017,93643.0,1.3,petrol,manual,hatchback,2.0,none,0,Novosibirsk,86,6800.0,0
L100738,Volkswagen,2021,,0.9,hybrid,automatic,hatchback,4.0,partial,0,Yekaterinburg,43,10430.0,0
L102077,Renault,2021,,1.8,petrol,manual,wagon,,full,0,Yekaterinburg,72,18700.0,0
L102687,Renault,2018,124341.0,1.8,diesel,manual,sedan,3.0,full,0,Kazan,3,8260.0,1
L101964,BMW,2013,73377.0,0.9,petrol,manual,hatchback,2.0,none,0,Kazan,71,5510.0,0
L100238,BMW,2015,116670.0,2.0,diesel,automatic,wagon,1.0,partial,0,Moscow,79,13160.0,0
L101697,Toyota,2015,216461.0,1.2,petrol,automatic,sedan,4.0,partial,1,Kazan,76,3450.0,0
L101359,Ford,2019,60997.0,1.4,petrol,manual,suv,2.0,partial,0,Moscow,11,13270.0,1
L103845,Toyota,2014,243414.0,2.0,DIESEL,automatic,suv,3.0,full,0,Moscow,7,7830.0,1
L101690,Volkswagen,2016,53375.0,2.4,petrol,manual,sedan,2.0,none,0,Kazan,41,8900.0,0
L102371,Kia,2011,229668.0,0.9,diesel,manual,sedan,2.0,partial,0,Moscow,13,2980.0,1
L102676,Ford,2015,53305.0,,electric,automatic,wagon,2.0,full,0,Moscow,6,10720.0,1
L103039,Toyota,2017,118366.0,1.2,petrol,manual,suv,1.0,full,0,Sochi,71,10000.0,0
L101878,Ford,2013,,2.5,petrol,automatic,hatchback,3.0,full,0,Moscow,14,5740.0,1
L100769,Kia,2018,195367.0,2.2,petrol,automatic,wagon,2.0,full,0,Novosibirsk,119,7820.0,0
L103817,Renault,2015,117628.0,2.5,petrol,manual,hatchback,2.0,none,0,Yekaterinburg,146,7220.0,0
L100227,Hyundai,2019,230164.0,2.2,petrol,manual,wagon,1.0,full,0,Yekaterinburg,2,8050.0,1
L102256,Ford,2014,44767.0,2.1,diesel,manual,suv,3.0,full,1,Kazan,18,7210.0,1
L101020,Volkswagen,2014,79764.0,2.6,petrol,automatic,hatchback,1.0,none,1,yekaterinburg,93,5370.0,0
L100379,Toyota,2012,205053.0,2.5,HYBRID,manual,hatchback,3.0,full,0,Moscow,58,5460.0,0
L101582,Renault,2016,71588.0,2.2,diesel,manual,sedan,2.0,full,0,Yekaterinburg,82,8000.0,0
L103587,Skoda,2020,62372.0,2.0,hybrid,automatic,sedan,1.0,full,0,Sochi,2,16070.0,1
L103952,Toyota,2015,208752.0,1.7,diesel,automatic,hatchback,1.0,none,0,Sochi,2,5800.0,1
L101975,Volkswagen,2016,54886.0,2.5,petrol,automatic,hatchback,5.0,full,1,Yekaterinburg,43,6210.0,0
L100747,Toyota,2015,170764.0,2.4,petrol,manual,suv,2.0,partial,1,Sochi,123,5850.0,0
L101771,Ford,2008,188075.0,1.8,petrol,automatic,sedan,3.0,full,1,Novosibirsk,10,2090.0,1
L103102,Ford,2011,332165.0,2.1,petrol,manual,sedan,2.0,full,0,Moscow,75,3060.0,0
L103738,Renault,2016,223249.0,1.1,petrol,automatic,wagon,3.0,partial,1,Sochi,88,5330.0,0
L101432,Toyota,2009,214760.0,,electric,automatic,sedan,2.0,partial,1,Novosibirsk,140,3170.0,0
L102398,Toyota,2015,99859.0,1.5,petrol,manual,sedan,1.0,none,1,Moscow,70,7120.0,0
L103320,Hyundai,1900,1150870.0,1.8,PETROL,manual,hatchback,3.0,full,0,Yekaterinburg,44,7230.0,0
L103627,Hyundai,2015,102125.0,1.5,diesel,automatic,hatchback,3.0,partial,0,Moscow,9,6150.0,1
L101815,Kia,2016,182784.0,1.1,hybrid,automatic,sedan,2.0,full,0,Novosibirsk,51,6320.0,0
L100051,Renault,2020,98093.0,1.7,PETROL,manual,suv,1.0,none,0,yekaterinburg,76,12330.0,0
L100507,Hyundai,2012,123396.0,2.3,diesel,automatic,suv,2.0,none,1,Novosibirsk,81,3910.0,0
L103108,Kia,2018,,1.9,petrol,manual,sedan,1.0,none,0,Sochi,7,10200.0,1
L103681,Skoda,2024,-1.0,1.9,petrol,manual,sedan,4.0,,0,Yekaterinburg,8,22670.0,1
L103150,Toyota,2012,135467.0,1.7,diesel,automatic,hatchback,4.0,,0,Sochi,5,4940.0,1
L103085,Kia,2014,50907.0,1.7,petrol,manual,suv,1.0,full,0,Kazan,83,5850.0,0
L101699,Renault,2017,223435.0,2.2,diesel,automatic,wagon,4.0,partial,0,Moscow,6,6150.0,1
L101082,Volkswagen,2015,116015.0,1.8,petrol,automatic,sedan,4.0,full,0,Moscow,47,8400.0,0
L102623,Kia,2011,174261.0,1.5,diesel,manual,suv,2.0,full,0,Yekaterinburg,82,4060.0,0
L100233,Hyundai,2017,146918.0,1.5,petrol,manual,sedan,3.0,full,0,Moscow,51,8060.0,0
L101200,Renault,2012,277888.0,2.5,petrol,automatic,hatchback,1.0,,0,Yekaterinburg,7,2620.0,1
L101285,Skoda,2025,-1.0,2.1,diesel,automatic,sedan,2.0,full,0,Yekaterinburg,80,30670.0,0
L101436,Renault,2023,48105.0,0.9,petrol,automatic,,,full,0,Kazan,4,17710.0,1
L102791,Volkswagen,2022,70598.0,1.9,petrol,manual,wagon,1.0,,0,Yekaterinburg,60,17830.0,0
L100478,Volkswagen,2017,100799.0,1.7,petrol,automatic,sedan,2.0,full,1,Moscow,78,11420.0,0
L103047,Ford,2013,74677.0,2.6,diesel,automatic,hatchback,1.0,full,0,Kazan,55,5690.0,0
L104006,Ford,2019,53104.0,2.3,diesel,manual,suv,1.0,full,1,Moscow,18,14160.0,1
L103989,Hyundai,2009,206334.0,2.2,petrol,automatic,sedan,1.0,none,1,Yekaterinburg,38,2050.0,0
L101801,Volkswagen,2013,209313.0,2.1,diesel,manual,sedan,1.0,full,0,Kazan,3,4730.0,1
L102241,BMW,2018,96738.0,1.8,hybrid,manual,suv,4.0,partial,1,Moscow,136,18770.0,0
L103456,Hyundai,2011,-1.0,1.5,petrol,automatic,suv,2.0,full,0,Moscow,58,3300.0,0
L102452,Kia,2022,55755.0,2.4,petrol,automatic,suv,3.0,full,0,Moscow,5,23880.0,1
L101614, Renault ,2017,82629.0,1.6,petrol,automatic,sedan,1.0,full,0,Moscow,8,11540.0,1
L103117,Toyota,2021,-1.0,1.5,petrol,automatic,wagon,3.0,full,0,Sochi,94,18950.0,0
L100883,BMW,2012,303244.0,1.5,petrol,manual,suv,2.0,full,0,Yekaterinburg,7,4050.0,1
L102535,Toyota,2009,176666.0,2.2,petrol,automatic,wagon,3.0,partial,1,Kazan,84,2450.0,0
L103915,BMW,2015,119554.0,1.7,petrol,automatic,suv,3.0,partial,0,Novosibirsk,52,10880.0,0
L103741,Volkswagen,2012,209227.0,2.0,diesel,automatic,hatchback,2.0,none,0,Novosibirsk,44,3840.0,0
L103704,Toyota,2018,114353.0,1.8,petrol,automatic,hatchback,2.0,full,1,Moscow,7,9010.0,1
L101825,BMW,2019,176189.0,1.7,petrol,automatic,sedan,1.0,partial,0,Kazan,17,13520.0,1
L102942,Kia,2017,122119.0,1.9,diesel,manual,hatchback,2.0,partial,0,Novosibirsk,4,5890.0,1
L101584, Kia ,2019,44533.0,1.3,petrol,manual,sedan,3.0,,0,Yekaterinburg,3,9270.0,1
L102539,Ford,2023,66169.0,2.1,petrol,automatic,wagon,1.0,full,0,Novosibirsk,12,19650.0,1
L103903,BMW,2014,123796.0,1.8,petrol,manual,hatchback,3.0,none,1,Kazan,56,5980.0,0
L102754,Volkswagen,2016,,0.9,diesel,manual,suv,3.0,full,0,Moscow,9,9920.0,1
L103761,Hyundai,2017,170429.0,2.6,petrol,automatic,suv,4.0,full,1,Sochi,64,7930.0,0
L103711,Hyundai,2016,130822.0,1.6,diesel,automatic,sedan,1.0,partial,0,Novosibirsk,65,6480.0,0
L101287,Toyota,2019,62599.0,1.9,petrol,automatic,hatchback,1.0,partial,0,Kazan,10,13770.0,1
L100000,Kia,2013,142574.0,1.3,petrol,automatic,suv,3.0,full,0,Moscow,2,6490.0,1
L103317,Volkswagen,2013,306692.0,2.2,petrol,automatic,suv,2.0,full,0,Novosibirsk,3,3800.0,1
L102009,Renault,2013,209803.0,1.6,petrol,manual,suv,3.0,full,0,Moscow,65,4260.0,0
L101784,Hyundai,2013,105846.0,3.3,diesel,manual,wagon,3.0,none,1,Kazan,156,3860.0,0
L102297,Skoda,2016,114018.0,1.4,petrol,manual,hatchback,2.0,full,1,Moscow,115,6510.0,0
L103541,Kia,2018,31540.0,1.3,diesel,manual,wagon,3.0,full,0,Yekaterinburg,1,7960.0,1
L100889,Kia,2014,93626.0,1.7,diesel,manual,hatchback,2.0,full,0,Moscow,4,6510.0,1
L103180,Toyota,2017,39259.0,2.0,petrol,automatic,hatchback,2.0,none,0,Kazan,78,9220.0,0
L103498,Ford,2014,217959.0,1.5,petrol,manual,suv,1.0,full,0,Novosibirsk,116,4850.0,0
L102753,Hyundai,2012,430000.0,2.2,petrol,manual,hatchback,2.0,partial,0,Novosibirsk,48,2090.0,0
L100979,Hyundai,2013,79183.0,1.7,hybrid,automatic,sedan,1.0,partial,0,Moscow,4,7410.0,1
L102331,Skoda,2017,82595.0,1.6,petrol,manual,suv,2.0,none,0,Kazan,80,9340.0,0
L102361,BMW,2013,104658.0,2.0,hybrid,automatic,suv,2.0,none,0,Sochi,78,11180.0,0
L102644,Toyota,2021,48668.0,1.8,petrol,manual,sedan,2.0,partial,0,Moscow,3,20170.0,1
L101763,Hyundai,2018,109568.0,,electric,automatic,wagon,1.0,partial,1,Novosibirsk,8,11370.0,1
L104061, Volkswagen ,2016,171787.0,1.7,PETROL,manual,hatchback,1.0,full,0,Moscow,3,6610.0,1
L100367,Renault,2008,176698.0,,electric,automatic,sedan,1.0,partial,1,Moscow,7,2960.0,1
L102162,Skoda,2017,68984.0,2.2,petrol,automatic,hatchback,1.0,full,0,Sochi,54,10510.0,0
L103034,BMW,2018,176360.0,1.9,HYBRID,manual,sedan,2.0,,0,Kazan,89,14290.0,0
L103017,Hyundai,2022,1473100.0,1.5,petrol,manual,hatchback,1.0,none,0,Novosibirsk,61,10750.0,0
L102982,Hyundai,2017,71606.0,1.5,petrol,automatic,hatchback,2.0,full,1,Novosibirsk,5,8100.0,1
L900012,Hyundai,2019,994810.0,2.4,diesel,manual,hatchback,2.0,none,1,Moscow,35,9230.0,0
L100978,Hyundai,2016,101950.0,2.8,petrol,manual,sedan,3.0,none,0,Moscow,24,6910.0,1
L103750,Renault,2017,82055.0,1.7,petrol,manual,hatchback,3.0,none,0,Moscow,65,7740.0,0
L101265,Toyota,2015,125437.0,1.2,diesel,manual,sedan,1.0,partial,0,Yekaterinburg,13,6350.0,1
L102782, Toyota ,2015,145282.0,2.3,hybrid,automatic,hatchback,,full,0,Kazan,20,7150.0,1
L102859,Volkswagen,2018,127563.0,2.4,petrol,manual,sedan,3.0,full,1,Yekaterinburg,55,9740.0,0
L101749,Volkswagen,2015,87634.0,2.2,petrol,automatic,sedan,1.0,full,0,Yekaterinburg,8,7870.0,1
L103532, BMW ,2017,1436390.0,1.6,diesel,manual,wagon,2.0,partial,0,Novosibirsk,108,10040.0,0
L100849,Volkswagen,2025,15287.0,1.5,petrol,manual,wagon,3.0,full,0,Moscow,167,31530.0,0
L102065,Toyota,2019,105220.0,,electric,automatic,suv,3.0,,0,Kazan,81,19500.0,0
L101209,Skoda,2010,209199.0,2.4,petrol,automatic,hatchback,1.0,full,1,Yekaterinburg,155,2760.0,0
L100114,Toyota,2019,101118.0,1.7,hybrid,manual,sedan,3.0,partial,0,Kazan,51,11490.0,0
L102978,BMW,2019,78837.0,2.0,petrol,automatic,suv,5.0,partial,1,Sochi,82,16190.0,0
L100818,Volkswagen,2017,95873.0,2.1,petrol,automatic,sedan,1.0,full,0,Novosibirsk,89,9140.0,0
L100787,Skoda,2017,91925.0,2.3,diesel,automatic,sedan,3.0,full,1,Moscow,43,10070.0,0
L102603,Toyota,2016,201129.0,,electric,automatic,suv,2.0,full,0,Moscow,14,11990.0,1
L103224,Hyundai,2021,67316.0,1.1,petrol,manual,hatchback,1.0,full,0,Sochi,16,13140.0,1
L101056,Volkswagen,2019,66653.0,2.0,hybrid,automatic,wagon,1.0,full,1,Kazan,12,11420.0,1
L104111,Toyota,2018,23604.0,1.2,diesel,automatic,suv,1.0,none,0,Sochi,105,14130.0,0
L102546,Hyundai,2016,110968.0,1.5,diesel,manual,wagon,2.0,full,0,Yekaterinburg,21,7140.0,1
L102667,Toyota,2020,24775.0,1.5,petrol,automatic,wagon,,,1,Sochi,62,11960.0,0
L103577,Kia,2018,83990.0,1.3,petrol,automatic,hatchback,2.0,partial,0,Yekaterinburg,4,6180.0,1
L104050,Hyundai,2022,42836.0,2.0,petrol,automatic,wagon,3.0,partial,1,Yekaterinburg,45,13200.0,0
L101427,Skoda,2020,93891.0,2.4,petrol,automatic,sedan,2.0,partial,0,Sochi,57,14010.0,0
L103731, Volkswagen ,2025,5571.0,2.2,hybrid,automatic,suv,1.0,full,0,Kazan,8,49200.0,1
L103918,Renault,2016,97535.0,1.5,hybrid,automatic,hatchback,1.0,full,1,Novosibirsk,41,7730.0,0
L103029,Hyundai,2019,90797.0,1.5,diesel,automatic,hatchback,3.0,full,0,Sochi,136,10900.0,0
L100241,Skoda,2008,,2.6,diesel,automatic,wagon,2.0,,0,Sochi,4,3010.0,1
L100529,Renault,2013,250126.0,1.5,petrol,automatic,wagon,3.0,partial,0,Novosibirsk,60,2700.0,0
L101180,Kia,2024,6386.0,,electric,automatic,suv,4.0,partial,0,Moscow,6,38440.0,1
L101442,Ford,2020,1206290.0,1.3,hybrid,manual,suv,2.0,full,0,Novosibirsk,1,13560.0,1
L101772,Renault,2013,58598.0,,electric,automatic,suv,1.0,partial,1,Novosibirsk,62,7440.0,0
L104195,Kia,2019,128965.0,2.3,diesel,automatic,wagon,1.0,partial,0,Moscow,3,10970.0,1
L103618,Toyota,2016,339447.0,1.3,petrol,automatic,sedan,2.0,full,0,Novosibirsk,85,5870.0,0
L100506,Toyota,2012,133341.0,1.6,petrol,automatic,sedan,1.0,none,1,Moscow,4,4020.0,1
L101579,Volkswagen,2022,54175.0,1.2,petrol,manual,hatchback,1.0,full,0,Kazan,7,14210.0,1
L103957,Toyota,2020,26607.0,1.3,petrol,manual,suv,3.0,full,0,moscow,38,20770.0,0
L104160,Hyundai,2025,31401.0,2.5,petrol,automatic,wagon,4.0,partial,0,Kazan,107,23250.0,0
L102058,Ford,2017,130719.0,2.2,diesel,manual,sedan,2.0,full,0,Yekaterinburg,180,8490.0,0
L101751,Renault,2020,85316.0,2.2,petrol,automatic,sedan,4.0,partial,0,Novosibirsk,4,11320.0,1
L102005,Ford,2021,32365.0,2.1,diesel,manual,suv,1.0,full,0,Moscow,4,20760.0,1
L103709, Renault ,2015,106356.0,2.2,hybrid,automatic,,3.0,full,1,Moscow,22,6760.0,1
L103250,Volkswagen,2020,61128.0,1.9,diesel,manual,hatchback,2.0,partial,0,Kazan,15,12760.0,1
L102300,Ford,2010,131721.0,,electric,automatic,suv,3.0,partial,0,Yekaterinburg,16,5680.0,1
L101629,Kia,2015,155696.0,1.5,hybrid,manual,hatchback,1.0,full,0,Yekaterinburg,4,5130.0,1
L100805,BMW,2011,231671.0,1.5,diesel,automatic,hatchback,2.0,partial,0,Kazan,15,3290.0,1
L104040,Renault,2011,62241.0,2.3,petrol,automatic,suv,2.0,partial,0,Yekaterinburg,5,4830.0,1
L101124,Hyundai,2020,,2.0,diesel,automatic,wagon,1.0,none,0,Yekaterinburg,53,12360.0,0
L103649,BMW,2012,43169.0,2.1,diesel,manual,suv,3.0,none,0,Novosibirsk,4,7030.0,1
L100314,Toyota,2017,112261.0,1.7,petrol,manual,hatchback,1.0,none,0,Sochi,68,9680.0,0
L101777,Kia,2020,68724.0,2.3,petrol,manual,wagon,3.0,partial,0,Sochi,139,12840.0,0
L103944,Ford,2016,105766.0,2.1,PETROL,automatic,sedan,2.0,full,0,Yekaterinburg,9,6980.0,1
L102566,Ford,2017,120029.0,1.6,hybrid,automatic,sedan,1.0,partial,0,Moscow,11,11770.0,1
L102513,Toyota,2015,32984.0,1.1,petrol,manual,wagon,4.0,full,1,Novosibirsk,65,5990.0,0
L100931, BMW ,2021,106365.0,1.6,petrol,automatic,suv,1.0,none,0,Kazan,46,20740.0,0
L101685,Toyota,2024,37802.0,2.2,petrol,automatic,wagon,2.0,none,0,Moscow,92,32140.0,0
L104078,Toyota,2016,146948.0,1.8,PETROL,automatic,wagon,3.0,full,0,Sochi,37,7400.0,0
L102890,Kia,2021,77117.0,1.9,petrol,manual,hatchback,2.0,partial,0,Moscow,1,14190.0,1
L103716,Renault,2014,306917.0,2.0,hybrid,manual,sedan,1.0,partial,0,Moscow,4,5230.0,1
L103518,Volkswagen,2019,71877.0,1.6,petrol,automatic,suv,3.0,partial,1,moscow,58,13440.0,0
L100362,Volkswagen,2019,141667.0,1.6,petrol,automatic,hatchback,2.0,partial,0,Novosibirsk,115,7870.0,0
L103732,Renault,2012,174055.0,,electric,automatic,sedan,,partial,0,Moscow,6,4880.0,1
L100630, Toyota ,2017,93456.0,1.5,diesel,manual,sedan,1.0,full,1,Novosibirsk,78,8150.0,0
L104186,Toyota,2019,50493.0,2.0,petrol,manual,wagon,,partial,0,Sochi,132,14070.0,0
L101788,Renault,2019,164385.0,2.4,petrol,automatic,sedan,3.0,full,0,Kazan,53,9320.0,0
L102369,Volkswagen,2022,,2.2,diesel,automatic,sedan,1.0,,0,Moscow,42,24150.0,0
L102233,Skoda,2018,8647.0,1.5,diesel,automatic,suv,2.0,partial,0,Novosibirsk,6,14410.0,1
L103204,Kia,2018,115929.0,1.9,diesel,automatic,sedan,2.0,full,0,Kazan,73,10970.0,0
L102916,Volkswagen,2020,66690.0,2.2,petrol,manual,suv,3.0,partial,1,Moscow,102,13940.0,0
L102804,Renault,2017,140522.0,2.4,petrol,automatic,hatchback,3.0,full,0,Kazan,51,5980.0,0
L103871,Hyundai,2011,115349.0,2.0,diesel,automatic,suv,2.0,full,1,Moscow,14,4330.0,1
L103958, Kia ,2012,271246.0,1.6,hybrid,automatic,hatchback,2.0,none,1,Novosibirsk,51,2450.0,0
L100119,Hyundai,2016,142311.0,1.0,petrol,automatic,wagon,1.0,full,1,Novosibirsk,7,6210.0,1
L101959, Ford ,2013,92038.0,1.2,petrol,automatic,suv,1.0,full,0,Moscow,3,5610.0,1
L101062,Ford,2014,75264.0,1.2,diesel,manual,sedan,1.0,full,1,Kazan,93,5620.0,0
L100840,Hyundai,2011,155169.0,2.1,petrol,manual,wagon,3.0,full,1,Moscow,5,2910.0,1
L100493,BMW,2021,78790.0,1.2,diesel,manual,suv,1.0,partial,0,Kazan,68,23900.0,0
L100443,Skoda,2017,16356.0,1.5,diesel,automatic,sedan,1.0,full,1,Yekaterinburg,23,10520.0,1
L101842,Kia,2014,160319.0,1.9,diesel,manual,sedan,2.0,partial,0,Yekaterinburg,57,4960.0,0
L103156,Hyundai,2021,51657.0,1.2,PETROL,manual,wagon,5.0,none,0,Kazan,68,11090.0,0
L100019,Kia,2016,103598.0,2.1,petrol,manual,sedan,2.0,none,0,Moscow,85,7720.0,0
L100418,Toyota,2012,87326.0,2.3,diesel,automatic,suv,2.0,full,0,Yekaterinburg,15,6030.0,1
L103945,Toyota,2014,88090.0,1.8,diesel,automatic,hatchback,2.0,full,0,Moscow,7,6630.0,1
L100991,Toyota,2019,51289.0,1.5,PETROL,automatic,sedan,3.0,,0,Moscow,58,15430.0,0
L100385,Skoda,2022,86763.0,2.7,petrol,manual,sedan,1.0,full,0,Kazan,75,16350.0,0
L100929,Renault,2013,199450.0,1.7,diesel,automatic,suv,1.0,full,0,Yekaterinburg,10,5000.0,1
L100264,Renault,2017,133366.0,1.9,diesel,manual,sedan,2.0,none,0,Yekaterinburg,67,6190.0,0
L101452,Ford,2015,196230.0,1.1,petrol,manual,suv,2.0,full,0,Novosibirsk,43,4490.0,0
L102158,Toyota,2014,114459.0,2.0,hybrid,manual,sedan,2.0,full,0,Yekaterinburg,6,6980.0,1
L103210,Toyota,2025,26716.0,2.0,petrol,automatic,sedan,1.0,full,0,Moscow,4,39120.0,1
L100934,Kia,2019,39320.0,1.7,petrol,automatic,suv,3.0,full,0,Novosibirsk,9,13230.0,1
L900054,Hyundai,2020,120841.0,1.3,petrol,automatic,sedan,5.0,partial,1,Yekaterinburg,59,7450.0,0
L100275,Skoda,2016,153210.0,1.4,petrol,manual,hatchback,1.0,full,1,novosibirsk,82,4580.0,0
L103400,BMW,2020,86387.0,1.4,petrol,automatic,wagon,2.0,full,1,Kazan,9,16310.0,1
L101723,Hyundai,2015,157364.0,2.2,petrol,manual,suv,2.0,none,0,Moscow,97,7390.0,0
L100133,Hyundai,2015,54032.0,1.4,petrol,manual,hatchback,2.0,partial,0,Moscow,6,5390.0,1
L101759,Kia,2024,8302.0,2.3,petrol,manual,wagon,2.0,full,0,moscow,22,24250.0,1
L101307,Renault,2014,194515.0,2.3,petrol,automatic,hatchback,1.0,none,0,Sochi,19,4120.0,1
L100496,Volkswagen,2017,91431.0,1.6,petrol,automatic,wagon,2.0,partial,1,Sochi,44,10390.0,0
L100335,Renault,2017,166948.0,1.6,hybrid,manual,hatchback,1.0,,0,Sochi,3,6630.0,1
L103335,Volkswagen,2012,199427.0,1.2,diesel,automatic,suv,1.0,partial,0,Yekaterinburg,72,5430.0,0
L103214,Toyota,2019,51475.0,2.8,petrol,automatic,sedan,1.0,partial,0,Moscow,6,15820.0,1
L100441,Kia,2019,117518.0,2.3,diesel,manual,hatchback,3.0,partial,0,Moscow,87,11390.0,0
L103161,Volkswagen,2021,73703.0,,electric,automatic,sedan,2.0,,0,Yekaterinburg,6,19750.0,1
L103995,Toyota,2011,430000.0,,electric,automatic,wagon,,partial,0,Novosibirsk,62,2960.0,0
L103095,Volkswagen,2017,41130.0,1.8,petrol,manual,sedan,2.0,full,0,Novosibirsk,11,9900.0,1
L103151,Kia,2014,74812.0,2.6,petrol,automatic,,1.0,full,0,Moscow,15,9670.0,1
L103776,Toyota,2021,26861.0,,electric,automatic,suv,2.0,none,0,yekaterinburg,60,28090.0,0
L101394,BMW,2017,148012.0,1.7,diesel,manual,suv,1.0,partial,1,Sochi,60,12110.0,0
L101350,BMW,2014,,1.6,petrol,manual,suv,3.0,full,0,Yekaterinburg,142,8900.0,0
L102552,Ford,2017,73228.0,1.3,diesel,automatic,sedan,4.0,full,0,Moscow,2,8710.0,1
L100408,Skoda,2020,14003.0,2.3,diesel,manual,wagon,2.0,,0,Kazan,94,15660.0,0
L101115,Kia,2017,40961.0,2.4,petrol,automatic,sedan,3.0,none,0,Novosibirsk,53,8470.0,0
L103153,Volkswagen,2019,55772.0,2.6,diesel,manual,wagon,1.0,full,0,moscow,5,16700.0,1
L101255,Hyundai,2020,79865.0,1.2,diesel,automatic,suv,1.0,partial,0,Moscow,41,16350.0,0
L101866,Toyota,2020,70120.0,1.8,diesel,manual,sedan,2.0,partial,0,Yekaterinburg,58,13360.0,0
L100140, Renault ,2018,164013.0,2.1,diesel,manual,sedan,1.0,partial,1,Moscow,104,6550.0,0
L102685,Skoda,2019,,2.2,diesel,manual,,1.0,full,1,Moscow,2,12600.0,1
L103885,Skoda,2019,175154.0,2.3,petrol,manual,suv,3.0,full,0,Moscow,10,12670.0,1
L100688,Volkswagen,2018,54974.0,2.5,diesel,automatic,wagon,3.0,full,1,sochi,70,10890.0,0
L103864,BMW,2025,22161.0,2.2,petrol,manual,hatchback,2.0,full,0,Kazan,77,34730.0,0
L100583,Hyundai,2019,55648.0,,electric,automatic,hatchback,3.0,full,1,Novosibirsk,2,12010.0,1
L100332,Ford,2019,71875.0,1.2,petrol,automatic,suv,2.0,full,1,Moscow,39,13510.0,0
L101293,Kia,2016,184222.0,0.9,petrol,manual,,2.0,full,0,Sochi,7,6330.0,1
L104023,Volkswagen,2020,123537.0,2.1,petrol,automatic,sedan,1.0,full,0,Sochi,70,11900.0,0
L103775,Toyota,2015,192595.0,0.9,diesel,manual,sedan,2.0,partial,0,Moscow,11,6040.0,1
L101945,Toyota,2017,130639.0,2.0,petrol,automatic,sedan,1.0,partial,1,Sochi,66,8270.0,0
